Timestamp,Elapsed_Sec,INA1_Voltage_V,INA1_Current_A,INA1_Power_W,Battery_SoC_Pct,Battery_Wh_Remaining,Energy_Wh,Capacity_mAh,AC_Voltage_V,AC_Current_A,AC_Power_W,CPU_Temp_C,RPM
2026-08-23 16:45:53.290,3.0,12.490,0.330,4.240,79.2,646.5,0.0035,0.28,364.9,1.04,321.9,0.0,0
2026-08-23 16:45:54.382,4.1,12.490,0.320,3.990,79.2,646.5,0.0047,0.37,364.1,1.03,320.1,59.4,0
2026-08-23 16:45:55.381,5.1,12.490,0.310,3.830,79.2,646.5,0.0058,0.46,364.1,1.03,320.0,59.4,0
2026-08-23 16:45:56.447,6.2,12.490,0.160,2.550,79.2,646.5,0.0066,0.51,364.5,1.04,321.1,59.4,0
2026-08-23 16:45:57.467,7.2,12.480,0.150,2.280,78.5,640.2,0.0072,0.55,364.7,1.04,321.7,59.4,0
2026-08-23 16:45:58.521,8.2,12.480,0.180,2.980,78.5,640.2,0.0081,0.60,364.5,1.04,320.7,59.4,0
2026-08-23 16:45:59.627,9.3,12.490,0.230,2.870,79.2,646.5,0.0090,0.67,364.7,1.04,321.7,59.4,0
2026-08-23 16:46:00.692,10.4,12.490,0.310,3.870,79.2,646.5,0.0101,0.76,364.6,1.04,321.0,60.0,0
2026-08-23 16:46:01.726,11.4,12.490,0.310,3.770,79.2,646.5,0.0112,0.85,364.3,1.04,320.7,60.0,0
2026-08-23 16:46:02.729,12.4,12.490,0.240,3.690,79.2,646.5,0.0122,0.92,364.7,1.04,321.5,60.0,0
2026-08-23 16:46:03.765,13.5,12.490,0.270,2.720,79.2,646.5,0.0130,1.00,364.5,1.04,320.7,60.0,0
2026-08-23 16:46:04.831,14.5,12.480,0.180,2.200,78.5,640.2,0.0137,1.05,364.5,1.04,321.0,60.0,0
2026-08-23 16:46:05.900,15.6,12.490,0.250,3.170,79.2,646.5,0.0146,1.12,364.5,1.04,321.0,60.0,0
2026-08-23 16:46:06.965,16.7,12.490,0.160,2.580,79.2,646.5,0.0154,1.17,364.6,1.04,321.3,60.0,0
2026-08-23 16:46:08.001,17.7,12.490,0.370,4.410,79.2,646.5,0.0166,1.28,364.5,1.04,321.1,60.0,0
2026-08-23 16:46:09.076,18.8,12.490,0.270,3.050,79.2,646.5,0.0175,1.36,364.6,1.04,321.2,60.0,0
2026-08-23 16:46:10.159,19.9,12.490,0.210,2.170,79.2,646.5,0.0182,1.42,364.8,1.04,321.8,60.6,0
2026-08-23 16:46:11.213,20.9,12.490,0.280,3.530,79.2,646.5,0.0192,1.50,364.5,1.04,321.0,60.0,0
2026-08-23 16:46:12.260,22.0,12.490,0.190,1.980,79.2,646.5,0.0198,1.56,364.7,1.04,321.5,60.6,0
2026-08-23 16:46:13.326,23.0,12.480,0.180,2.270,78.5,640.2,0.0205,1.61,364.4,1.04,320.6,60.6,0
2026-08-23 16:46:14.360,24.1,12.490,0.260,3.230,79.2,646.5,0.0214,1.69,364.4,1.04,320.7,60.6,0
2026-08-23 16:46:15.362,25.1,12.490,0.230,3.490,79.2,646.5,0.0224,1.75,364.5,1.04,321.1,60.6,0
2026-08-23 16:46:16.397,26.1,12.490,0.300,3.720,79.2,646.5,0.0234,1.84,364.4,1.04,320.7,60.6,0
2026-08-23 16:46:17.463,27.2,12.490,0.220,2.500,79.2,646.5,0.0242,1.90,364.5,1.04,320.7,60.6,0
2026-08-23 16:46:18.554,28.3,12.490,0.250,3.250,79.2,646.5,0.0252,1.98,364.5,1.04,320.8,60.6,0
2026-08-23 16:46:19.591,29.3,12.490,0.220,2.170,79.2,646.5,0.0258,2.04,364.5,1.04,321.0,60.6,0
2026-08-23 16:46:20.597,30.3,12.480,0.180,2.200,78.5,640.2,0.0264,2.09,364.3,1.03,320.4,60.6,0
2026-08-23 16:46:21.649,31.4,12.490,0.200,2.800,79.2,646.5,0.0272,2.15,364.5,1.04,321.1,60.6,0
2026-08-23 16:46:22.732,32.4,12.490,0.230,2.290,79.2,646.5,0.0279,2.22,364.7,1.04,321.6,60.6,0
2026-08-23 16:46:23.786,33.5,12.490,0.350,4.760,79.2,646.5,0.0293,2.32,364.6,1.04,321.2,60.6,0
2026-08-23 16:46:24.798,34.5,12.480,0.190,2.100,78.5,640.2,0.0299,2.38,364.5,1.04,321.1,60.6,0
2026-08-23 16:46:25.864,35.6,12.490,0.290,3.650,79.2,646.5,0.0310,2.46,364.7,1.04,321.3,60.6,0
2026-08-23 16:46:26.899,36.6,12.490,0.140,2.410,79.2,646.5,0.0317,2.50,364.7,1.04,321.2,60.6,0
2026-08-23 16:46:27.940,37.7,12.490,0.290,3.650,79.2,646.5,0.0327,2.59,364.6,1.04,321.1,61.1,0
2026-08-23 16:46:28.976,38.7,12.490,0.220,2.790,79.2,646.5,0.0335,2.65,364.6,1.04,321.2,60.6,0
2026-08-23 16:46:30.011,39.7,12.490,0.370,4.210,79.2,646.5,0.0347,2.76,364.4,1.04,321.0,60.6,0
2026-08-23 16:46:31.050,40.8,12.490,0.230,2.920,79.2,646.5,0.0356,2.82,364.5,1.04,320.8,60.6,0
2026-08-23 16:46:32.086,41.8,12.490,0.260,3.330,79.2,646.5,0.0365,2.90,364.5,1.04,320.8,61.1,0
2026-08-23 16:46:33.121,42.8,12.490,0.230,2.880,79.2,646.5,0.0374,2.96,364.5,1.04,320.8,60.6,0
2026-08-23 16:46:34.208,43.9,12.490,0.200,2.450,79.2,646.5,0.0381,3.02,364.3,1.04,320.5,60.6,0
2026-08-23 16:46:35.290,45.0,12.490,0.260,3.220,79.2,646.5,0.0391,3.10,364.8,1.04,321.7,60.6,0
2026-08-23 16:46:36.400,46.1,12.490,0.220,2.780,79.2,646.5,0.0399,3.17,364.7,1.04,321.3,60.6,0
2026-08-23 16:46:37.434,47.1,12.490,0.250,2.910,79.2,646.5,0.0408,3.24,364.5,1.04,320.9,61.1,0
2026-08-23 16:46:38.500,48.2,12.490,0.340,3.680,79.2,646.5,0.0419,3.34,364.6,1.04,321.0,60.6,0
2026-08-23 16:46:39.569,49.3,12.490,0.220,3.240,79.2,646.5,0.0428,3.41,364.5,1.04,321.2,60.6,0
2026-08-23 16:46:40.635,50.3,12.490,0.250,3.820,79.2,646.5,0.0440,3.48,364.6,1.04,321.3,60.6,0
2026-08-23 16:46:41.671,51.4,12.480,0.110,1.880,78.5,640.2,0.0445,3.51,364.6,1.04,321.3,61.1,0
2026-08-23 16:46:42.726,52.4,12.490,0.160,2.480,79.2,646.5,0.0452,3.56,364.7,1.04,321.3,61.1,0
2026-08-23 16:46:43.762,53.5,12.490,0.190,1.990,79.2,646.5,0.0458,3.61,364.6,1.04,321.3,61.1,0
2026-08-23 16:46:44.830,54.5,12.490,0.190,2.360,79.2,646.5,0.0465,3.67,364.6,1.04,321.3,61.1,0
2026-08-23 16:46:45.906,55.6,12.490,0.360,4.450,79.2,646.5,0.0478,3.78,364.7,1.04,321.4,61.1,0
2026-08-23 16:46:46.960,56.7,12.490,0.270,2.750,79.2,646.5,0.0486,3.86,364.6,1.04,321.0,61.1,0
2026-08-23 16:46:48.018,57.7,12.490,0.310,3.820,79.2,646.5,0.0498,3.95,364.7,1.04,321.3,61.1,0
2026-08-23 16:46:49.084,58.8,12.490,0.180,2.590,79.2,646.5,0.0505,4.00,364.8,1.04,321.6,61.1,0
2026-08-23 16:46:50.150,59.9,12.490,0.130,1.940,79.2,646.5,0.0511,4.04,364.8,1.04,321.2,61.1,0
2026-08-23 16:46:51.185,60.9,12.490,0.210,2.610,79.2,646.5,0.0518,4.10,364.6,1.04,321.2,61.1,0
2026-08-23 16:46:52.225,61.9,12.490,0.210,2.540,79.2,646.5,0.0526,4.16,364.6,1.04,321.1,61.1,0
2026-08-23 16:46:53.260,63.0,12.490,0.300,4.150,79.2,646.5,0.0538,4.25,364.5,1.04,321.3,61.1,0
2026-08-23 16:46:54.296,64.0,12.490,0.190,2.910,79.2,646.5,0.0546,4.30,364.6,1.04,321.3,61.1,0
2026-08-23 16:46:55.336,65.0,12.490,0.230,2.890,79.2,646.5,0.0554,4.37,364.7,1.04,321.6,61.1,0
2026-08-23 16:46:56.372,66.1,12.490,0.200,2.470,79.2,646.5,0.0562,4.43,364.7,1.04,321.5,61.1,0
2026-08-23 16:46:57.453,67.2,12.490,0.230,2.920,79.2,646.5,0.0570,4.50,364.7,1.04,321.5,61.1,0
2026-08-23 16:46:58.510,68.2,12.490,0.200,3.010,79.2,646.5,0.0579,4.55,364.7,1.04,321.4,61.1,0
2026-08-23 16:46:59.568,69.3,12.490,0.170,2.150,79.2,646.5,0.0585,4.60,364.6,1.04,321.3,61.1,0
2026-08-23 16:47:00.654,70.4,12.500,0.370,4.340,80.0,652.8,0.0599,4.72,364.9,1.04,322.1,61.1,0
2026-08-23 16:47:01.722,71.4,12.490,0.230,2.810,79.2,646.5,0.0607,4.78,364.5,1.04,320.9,61.1,0
2026-08-23 16:47:02.757,72.5,12.490,0.290,3.440,79.2,646.5,0.0617,4.87,364.6,1.04,320.9,61.1,0
2026-08-23 16:47:03.878,73.6,12.490,0.190,2.830,79.2,646.5,0.0626,4.93,364.7,1.04,321.2,61.1,0
2026-08-23 16:47:04.914,74.6,12.480,0.160,2.330,78.5,640.2,0.0632,4.97,364.6,1.04,321.2,61.7,0
2026-08-23 16:47:05.950,75.7,12.490,0.210,1.850,79.2,646.5,0.0638,5.03,364.5,1.04,320.9,61.1,0
2026-08-23 16:47:06.953,76.7,12.490,0.240,2.950,79.2,646.5,0.0646,5.10,364.7,1.04,321.5,61.1,0
2026-08-23 16:47:07.990,77.7,12.490,0.290,3.650,79.2,646.5,0.0656,5.18,364.6,1.04,321.0,61.7,0
2026-08-23 16:47:09.056,78.8,12.480,0.190,2.360,78.5,640.2,0.0663,5.24,364.6,1.04,321.2,61.1,0
2026-08-23 16:47:10.131,79.8,12.490,0.280,3.520,79.2,646.5,0.0674,5.32,364.7,1.04,321.3,61.1,0
2026-08-23 16:47:11.214,80.9,12.490,0.230,2.840,79.2,646.5,0.0682,5.39,364.9,1.04,321.9,61.1,0
2026-08-23 16:47:12.268,82.0,12.490,0.140,1.730,79.2,646.5,0.0687,5.43,364.7,1.04,321.5,61.7,0
2026-08-23 16:47:13.317,83.0,12.490,0.150,1.910,79.2,646.5,0.0693,5.48,364.7,1.04,321.7,61.7,0
2026-08-23 16:47:14.382,84.1,12.490,0.250,3.230,79.2,646.5,0.0703,5.55,364.7,1.04,321.3,61.1,0
2026-08-23 16:47:15.417,85.1,12.490,0.380,4.470,79.2,646.5,0.0715,5.66,364.6,1.04,321.0,61.1,0
2026-08-23 16:47:16.420,86.1,12.490,0.230,2.520,79.2,646.5,0.0722,5.72,364.7,1.04,321.3,61.1,0
2026-08-23 16:47:17.455,87.2,12.490,0.190,2.320,79.2,646.5,0.0729,5.78,364.6,1.04,321.1,61.1,0
2026-08-23 16:47:18.551,88.3,12.490,0.170,2.070,79.2,646.5,0.0735,5.83,364.5,1.04,320.8,61.1,0
2026-08-23 16:47:19.590,89.3,12.490,0.200,2.600,79.2,646.5,0.0743,5.89,364.5,1.04,320.9,61.7,0
2026-08-23 16:47:20.656,90.4,12.490,0.260,3.190,79.2,646.5,0.0752,5.97,364.5,1.04,320.8,61.1,0
2026-08-23 16:47:21.691,91.4,12.490,0.260,2.610,79.2,646.5,0.0760,6.04,364.6,1.04,321.0,61.1,0
2026-08-23 16:47:22.824,92.5,12.500,0.300,3.790,80.0,652.8,0.0772,6.13,364.5,1.04,320.8,61.1,0
2026-08-23 16:47:23.907,93.6,12.490,0.260,2.540,79.2,646.5,0.0779,6.21,364.6,1.04,321.3,61.1,0
2026-08-23 16:47:24.991,94.7,12.490,0.230,3.240,79.2,646.5,0.0789,6.28,364.9,1.04,321.9,61.1,0
2026-08-23 16:47:26.018,95.7,12.490,0.190,2.400,79.2,646.5,0.0796,6.34,364.6,1.04,321.5,61.7,0
2026-08-23 16:47:27.083,96.8,12.490,0.180,2.950,79.2,646.5,0.0805,6.39,364.7,1.04,321.4,61.1,0
2026-08-23 16:47:28.119,97.8,12.490,0.210,2.590,79.2,646.5,0.0812,6.45,364.7,1.04,321.4,61.1,0
2026-08-23 16:47:29.158,98.9,12.490,0.170,2.090,79.2,646.5,0.0818,6.50,364.7,1.04,321.4,61.7,0
2026-08-23 16:47:30.194,99.9,12.490,0.360,3.810,79.2,646.5,0.0829,6.60,364.7,1.04,321.2,61.7,0
2026-08-23 16:47:31.194,100.9,12.490,0.220,2.890,79.2,646.5,0.0837,6.66,364.6,1.04,320.7,61.7,0
2026-08-23 16:47:32.233,101.9,12.490,0.220,3.070,79.2,646.5,0.0846,6.73,364.6,1.04,321.1,61.1,0
2026-08-23 16:47:33.328,103.0,12.490,0.180,2.060,79.2,646.5,0.0852,6.78,364.6,1.04,321.0,61.1,0
2026-08-23 16:47:34.335,104.0,12.490,0.320,3.650,79.2,646.5,0.0863,6.87,364.7,1.04,321.2,61.1,0
2026-08-23 16:47:35.391,105.1,12.490,0.160,2.640,79.2,646.5,0.0870,6.92,364.5,1.04,320.9,61.7,0
2026-08-23 16:47:36.475,106.2,12.480,-0.000,0.000,78.5,640.2,0.0870,6.92,364.5,1.04,321.4,61.7,0
2026-08-23 16:47:37.584,107.3,12.480,-0.000,0.000,78.5,640.2,0.0870,6.92,364.6,1.04,321.2,61.7,0
2026-08-23 16:47:38.619,108.3,12.480,-0.000,0.000,78.5,640.2,0.0870,6.92,364.4,1.04,320.8,61.7,0
2026-08-23 16:47:39.684,109.4,12.470,-0.000,0.000,77.7,634.0,0.0870,6.92,364.5,1.04,321.0,61.1,0
2026-08-23 16:47:40.753,110.5,12.480,-0.000,0.050,78.5,640.2,0.0871,6.92,364.7,1.04,321.1,61.7,0
2026-08-23 16:47:41.818,111.5,12.480,0.160,2.000,78.5,640.2,0.0876,6.97,364.8,1.04,321.6,61.7,0
2026-08-23 16:47:42.854,112.6,12.490,0.200,2.810,79.2,646.5,0.0885,7.02,364.7,1.04,321.3,61.1,0
2026-08-23 16:47:43.924,113.6,12.480,0.170,2.070,78.5,640.2,0.0891,7.07,364.7,1.04,321.4,61.7,0
2026-08-23 16:47:44.930,114.6,12.490,0.270,2.730,79.2,646.5,0.0898,7.15,364.7,1.04,321.3,61.7,0
2026-08-23 16:47:45.966,115.7,12.490,0.240,2.950,79.2,646.5,0.0907,7.22,364.6,1.04,321.2,61.7,0
2026-08-23 16:47:47.044,116.8,12.490,0.350,3.620,79.2,646.5,0.0918,7.32,364.7,1.04,321.3,61.7,0
2026-08-23 16:47:48.127,117.8,12.480,0.180,2.290,78.5,640.2,0.0925,7.38,364.7,1.04,321.7,61.7,0
2026-08-23 16:47:49.181,118.9,12.490,0.230,3.390,79.2,646.5,0.0934,7.44,364.7,1.04,321.1,61.1,0
2026-08-23 16:47:50.310,120.0,12.490,0.260,3.210,79.2,646.5,0.0945,7.53,364.8,1.04,321.4,61.1,0
2026-08-23 16:47:51.375,121.1,12.490,0.160,1.680,79.2,646.5,0.0949,7.57,364.7,1.04,321.3,61.7,0
2026-08-23 16:47:52.396,122.1,12.490,0.210,3.240,79.2,646.5,0.0959,7.63,364.6,1.04,321.1,61.7,0
2026-08-23 16:47:53.464,123.2,12.490,0.210,2.120,79.2,646.5,0.0965,7.70,364.7,1.04,321.3,61.7,0
2026-08-23 16:47:54.531,124.2,12.480,0.000,0.020,78.5,640.2,0.0965,7.70,364.7,1.04,321.4,61.1,0
2026-08-23 16:47:55.566,125.3,12.490,0.220,2.770,79.2,646.5,0.0973,7.76,364.7,1.04,321.2,61.7,0
2026-08-23 16:47:56.636,126.3,12.490,0.270,2.790,79.2,646.5,0.0981,7.84,364.6,1.04,320.9,61.1,0
2026-08-23 16:47:57.643,127.4,12.490,0.180,2.780,79.2,646.5,0.0989,7.89,364.7,1.04,321.3,61.7,0
2026-08-23 16:47:58.679,128.4,12.490,0.210,3.460,79.2,646.5,0.0999,7.95,364.7,1.04,321.2,61.1,0
2026-08-23 16:47:59.737,129.5,12.480,-0.000,0.000,78.5,640.2,0.0999,7.95,364.6,1.04,321.0,61.7,0
2026-08-23 16:48:00.820,130.5,12.480,-0.000,0.000,78.5,640.2,0.0999,7.95,364.6,1.04,321.4,61.7,0
2026-08-23 16:48:01.929,131.6,12.480,-0.000,0.000,78.5,640.2,0.0999,7.95,364.7,1.04,321.6,61.7,0
2026-08-23 16:48:02.950,132.7,12.480,-0.000,0.000,78.5,640.2,0.0999,7.95,364.5,1.04,320.9,61.7,0
2026-08-23 16:48:03.985,133.7,12.480,-0.000,0.000,78.5,640.2,0.0999,7.95,364.5,1.04,321.0,61.7,0
2026-08-23 16:48:04.988,134.7,12.480,-0.000,0.000,78.5,640.2,0.0999,7.95,364.6,1.04,321.4,61.7,0
2026-08-23 16:48:06.024,135.7,12.470,-0.000,0.000,77.7,634.0,0.0999,7.95,364.4,1.04,320.7,61.7,0
2026-08-23 16:48:07.091,136.8,12.470,-0.000,0.000,77.7,634.0,0.0999,7.95,364.3,1.04,320.8,61.7,0
2026-08-23 16:48:08.160,137.9,12.470,-0.000,0.000,77.7,634.0,0.0999,7.95,364.3,1.04,320.7,61.7,0
2026-08-23 16:48:09.226,138.9,12.470,-0.000,0.000,77.7,634.0,0.0999,7.95,364.8,1.04,321.5,61.7,0
2026-08-23 16:48:10.263,140.0,12.480,0.170,2.060,78.5,640.2,0.1005,8.00,364.5,1.04,321.1,61.7,0
2026-08-23 16:48:11.340,141.1,12.480,0.200,2.190,78.5,640.2,0.1011,8.06,364.9,1.04,322.1,61.7,0
2026-08-23 16:48:12.425,142.1,12.490,0.270,3.160,79.2,646.5,0.1021,8.14,364.9,1.04,321.8,61.7,0
2026-08-23 16:48:13.478,143.2,12.490,0.210,2.680,79.2,646.5,0.1029,8.20,364.7,1.04,321.4,61.1,0
2026-08-23 16:48:14.546,144.3,12.490,0.370,4.210,79.2,646.5,0.1041,8.31,364.8,1.04,321.7,61.7,0
2026-08-23 16:48:15.551,145.3,12.490,0.240,2.970,79.2,646.5,0.1050,8.38,364.6,1.04,320.8,61.1,0
2026-08-23 16:48:16.587,146.3,12.490,0.280,2.800,79.2,646.5,0.1058,8.46,364.7,1.04,321.4,61.1,0
2026-08-23 16:48:17.627,147.3,12.480,0.150,1.850,78.5,640.2,0.1063,8.50,364.6,1.04,321.1,61.1,0
2026-08-23 16:48:18.663,148.4,12.490,0.270,3.480,79.2,646.5,0.1073,8.58,364.7,1.04,321.0,61.7,0
2026-08-23 16:48:19.728,149.4,12.490,0.230,2.230,79.2,646.5,0.1080,8.65,364.7,1.04,321.4,61.7,0
2026-08-23 16:48:20.769,150.5,12.490,0.260,3.290,79.2,646.5,0.1089,8.72,364.7,1.04,321.2,61.7,0
2026-08-23 16:48:21.804,151.5,12.490,0.240,3.010,79.2,646.5,0.1098,8.79,364.7,1.04,321.5,61.7,0
2026-08-23 16:48:22.840,152.6,12.490,0.280,3.210,79.2,646.5,0.1107,8.87,364.7,1.04,321.4,61.7,0
2026-08-23 16:48:23.924,153.6,12.480,0.170,2.140,78.5,640.2,0.1113,8.92,364.9,1.04,322.1,61.7,0
2026-08-23 16:48:24.978,154.7,12.490,0.190,2.700,79.2,646.5,0.1121,8.98,364.7,1.04,321.4,61.7,0
2026-08-23 16:48:26.061,155.8,12.490,0.240,2.940,79.2,646.5,0.1130,9.05,364.8,1.04,322.0,61.7,0
2026-08-23 16:48:27.129,156.8,12.480,-0.000,0.000,78.5,640.2,0.1130,9.05,364.1,1.04,320.5,61.7,0
2026-08-23 16:48:28.224,157.9,12.480,-0.000,0.000,78.5,640.2,0.1130,9.05,364.2,1.04,320.5,61.7,0
2026-08-23 16:48:29.249,159.0,12.480,-0.000,0.000,78.5,640.2,0.1130,9.05,364.2,1.04,320.9,61.7,0
2026-08-23 16:48:30.285,160.0,12.470,-0.000,0.000,77.7,634.0,0.1130,9.05,364.3,1.04,320.9,61.7,0
2026-08-23 16:48:31.322,161.0,12.480,-0.000,0.000,78.5,640.2,0.1130,9.05,364.1,1.04,320.5,61.7,0
2026-08-23 16:48:32.324,162.0,12.470,-0.000,0.000,77.7,634.0,0.1130,9.05,364.4,1.04,321.2,61.7,0
2026-08-23 16:48:33.361,163.1,12.470,-0.000,0.000,77.7,634.0,0.1130,9.05,364.2,1.04,320.6,61.7,0
2026-08-23 16:48:34.382,164.1,12.480,0.010,0.100,78.5,640.2,0.1131,9.05,364.4,1.04,320.8,61.7,0
2026-08-23 16:48:35.398,165.1,12.470,0.060,0.470,77.7,634.0,0.1132,9.07,364.8,1.04,321.5,61.7,0
2026-08-23 16:48:36.482,166.2,12.480,-0.000,0.010,78.5,640.2,0.1132,9.07,364.8,1.04,321.7,62.2,0
2026-08-23 16:48:37.566,167.3,12.480,-0.000,0.000,78.5,640.2,0.1132,9.07,364.9,1.04,321.9,61.7,0
2026-08-23 16:48:38.585,168.3,12.480,0.080,1.590,78.5,640.2,0.1136,9.09,364.5,1.04,321.1,61.7,0
2026-08-23 16:48:39.589,169.3,12.470,-0.000,0.000,77.7,634.0,0.1136,9.09,364.5,1.04,321.1,61.7,0
2026-08-23 16:48:40.684,170.4,12.470,-0.000,0.000,77.7,634.0,0.1136,9.09,364.5,1.04,320.9,61.7,0
2026-08-23 16:48:41.724,171.4,12.470,-0.000,0.000,77.7,634.0,0.1136,9.09,364.2,1.04,320.6,61.7,0
2026-08-23 16:48:42.759,172.5,12.470,-0.000,0.000,77.7,634.0,0.1136,9.09,364.3,1.04,320.7,61.7,0
2026-08-23 16:48:43.824,173.5,12.480,0.030,0.640,78.5,640.2,0.1138,9.10,364.7,1.04,321.2,61.7,0
2026-08-23 16:48:44.901,174.6,12.480,0.180,2.260,78.5,640.2,0.1145,9.16,364.9,1.04,321.6,61.1,0
2026-08-23 16:48:45.997,175.7,12.490,0.300,3.870,79.2,646.5,0.1157,9.25,364.8,1.04,321.3,61.7,0
2026-08-23 16:48:47.062,176.8,12.490,0.290,3.440,79.2,646.5,0.1167,9.33,364.5,1.04,321.0,61.7,0
2026-08-23 16:48:48.117,177.8,12.490,0.200,2.450,79.2,646.5,0.1174,9.39,364.2,1.04,320.8,62.2,0
2026-08-23 16:48:49.200,178.9,12.480,0.200,2.540,78.5,640.2,0.1182,9.45,364.6,1.04,321.4,62.2,0
2026-08-23 16:48:50.283,180.0,12.490,0.270,3.320,79.2,646.5,0.1192,9.53,364.9,1.04,321.9,61.7,0
2026-08-23 16:48:51.312,181.0,12.490,0.240,2.890,79.2,646.5,0.1200,9.60,364.4,1.04,320.7,61.7,0
2026-08-23 16:48:52.347,182.1,12.490,0.370,4.560,79.2,646.5,0.1213,9.71,364.3,1.04,320.8,61.7,0
2026-08-23 16:48:53.369,183.1,12.490,0.260,3.260,79.2,646.5,0.1222,9.78,364.2,1.04,320.5,61.7,0
2026-08-23 16:48:54.409,184.1,12.490,0.270,3.390,79.2,646.5,0.1232,9.86,364.4,1.04,320.6,61.7,0
2026-08-23 16:48:55.444,185.2,12.480,0.170,2.370,78.5,640.2,0.1239,9.91,364.3,1.04,320.5,61.7,0
2026-08-23 16:48:56.479,186.2,12.490,0.190,2.410,79.2,646.5,0.1246,9.96,364.3,1.04,320.6,61.7,0
2026-08-23 16:48:57.549,187.3,12.480,0.230,2.730,78.5,640.2,0.1254,10.03,364.1,1.04,320.5,62.2,0
2026-08-23 16:48:58.584,188.3,12.490,0.300,3.700,79.2,646.5,0.1265,10.12,364.3,1.04,320.6,61.7,0
2026-08-23 16:48:59.678,189.4,12.490,0.230,2.870,79.2,646.5,0.1273,10.19,364.2,1.04,320.4,61.7,0
2026-08-23 16:49:00.761,190.5,12.490,0.250,3.000,79.2,646.5,0.1282,10.26,364.6,1.04,321.5,61.7,0
2026-08-23 16:49:01.815,191.5,12.480,0.170,2.100,78.5,640.2,0.1289,10.31,364.3,1.04,321.0,61.7,0
2026-08-23 16:49:02.866,192.6,12.490,0.350,3.720,79.2,646.5,0.1299,10.42,364.2,1.04,320.6,61.7,0
2026-08-23 16:49:03.931,193.6,12.490,0.230,2.350,79.2,646.5,0.1306,10.48,364.3,1.04,321.0,62.2,0
2026-08-23 16:49:04.997,194.7,12.490,0.370,4.670,79.2,646.5,0.1320,10.59,364.4,1.04,321.0,61.7,0
2026-08-23 16:49:06.066,195.8,12.490,0.250,3.120,79.2,646.5,0.1330,10.67,364.1,1.04,320.4,61.7,0
2026-08-23 16:49:07.103,196.8,12.490,0.290,3.110,79.2,646.5,0.1338,10.75,364.1,1.03,320.1,61.7,0
2026-08-23 16:49:08.109,197.8,12.480,0.140,2.420,78.5,640.2,0.1345,10.79,364.4,1.04,320.9,61.7,0
2026-08-23 16:49:09.149,198.9,12.490,0.330,4.320,79.2,646.5,0.1358,10.89,364.3,1.04,320.5,61.7,0
2026-08-23 16:49:10.184,199.9,12.490,0.190,2.380,79.2,646.5,0.1365,10.94,364.3,1.04,320.6,61.7,0
2026-08-23 16:49:11.219,200.9,12.500,0.370,4.320,80.0,652.8,0.1377,11.05,364.3,1.04,320.6,61.7,0
2026-08-23 16:49:12.230,201.9,12.490,0.260,2.650,79.2,646.5,0.1384,11.12,364.4,1.04,321.2,61.7,0
2026-08-23 16:49:13.284,203.0,12.490,0.260,3.230,79.2,646.5,0.1394,11.20,364.3,1.04,320.7,61.7,0
2026-08-23 16:49:14.367,204.1,12.480,0.210,2.580,78.5,640.2,0.1402,11.26,364.0,1.03,320.2,61.7,0
2026-08-23 16:49:15.434,205.1,12.490,0.180,2.240,79.2,646.5,0.1408,11.31,364.6,1.04,321.5,61.7,0
2026-08-23 16:49:16.499,206.2,12.490,0.170,2.760,79.2,646.5,0.1416,11.36,364.6,1.04,321.4,62.2,0
2026-08-23 16:49:17.534,207.2,12.490,0.290,2.870,79.2,646.5,0.1425,11.45,336.8,0.97,278.0,62.2,0
2026-08-23 16:49:18.575,208.3,12.490,0.230,2.890,79.2,646.5,0.1433,11.51,332.4,0.96,271.3,61.7,0
2026-08-23 16:49:19.611,209.3,12.490,0.240,3.000,79.2,646.5,0.1442,11.58,329.5,0.95,266.8,62.2,0
2026-08-23 16:49:20.610,210.3,12.490,0.190,2.380,79.2,646.5,0.1448,11.63,328.7,0.95,264.9,61.7,0
2026-08-23 16:49:21.650,211.4,12.490,0.220,2.220,79.2,646.5,0.1455,11.70,330.0,0.95,267.0,61.7,0
2026-08-23 16:49:22.716,212.4,12.500,0.300,3.740,80.0,652.8,0.1466,11.79,329.7,0.95,267.1,61.7,0
2026-08-23 16:49:23.753,213.5,12.490,0.310,3.190,79.2,646.5,0.1475,11.88,328.7,0.95,265.5,62.2,0
2026-08-23 16:49:24.781,214.5,12.490,0.250,3.470,79.2,646.5,0.1485,11.95,330.1,0.95,267.7,62.2,0
2026-08-23 16:49:25.835,215.5,12.490,0.240,3.200,79.2,646.5,0.1494,12.02,330.8,0.95,268.5,61.7,0
2026-08-23 16:49:26.918,216.6,12.490,0.140,2.330,79.2,646.5,0.1501,12.06,329.9,0.96,267.9,61.7,0
2026-08-23 16:49:27.987,217.7,12.490,0.200,1.820,79.2,646.5,0.1507,12.12,329.9,0.95,266.7,62.2,0
2026-08-23 16:49:29.022,218.7,12.490,0.220,2.720,79.2,646.5,0.1514,12.18,330.2,0.95,267.1,61.7,0
2026-08-23 16:49:30.144,219.9,12.490,0.350,4.430,79.2,646.5,0.1528,12.29,330.4,0.95,267.6,61.7,0
2026-08-23 16:49:31.180,220.9,12.490,0.300,3.710,79.2,646.5,0.1539,12.38,329.2,0.95,266.0,61.7,0
2026-08-23 16:49:32.187,221.9,12.490,0.270,2.960,79.2,646.5,0.1547,12.45,329.5,0.95,266.5,62.2,0
2026-08-23 16:49:33.257,223.0,12.490,0.180,2.240,79.2,646.5,0.1554,12.51,329.3,0.95,265.9,61.7,0
2026-08-23 16:49:34.323,224.0,12.490,0.260,3.190,79.2,646.5,0.1563,12.58,330.5,0.95,267.9,61.7,0
2026-08-23 16:49:35.359,225.1,12.490,0.200,2.490,79.2,646.5,0.1571,12.64,330.5,0.95,267.3,61.7,0
2026-08-23 16:49:36.408,226.1,12.500,0.300,3.760,80.0,652.8,0.1581,12.73,330.4,0.96,268.2,61.7,0
2026-08-23 16:49:37.463,227.2,12.490,0.300,3.390,79.2,646.5,0.1591,12.82,331.1,0.96,269.6,61.7,0
2026-08-23 16:49:38.487,228.2,12.490,0.320,4.190,79.2,646.5,0.1603,12.91,330.7,0.95,268.1,61.7,0
2026-08-23 16:49:39.536,229.2,12.490,0.160,2.470,79.2,646.5,0.1611,12.95,331.4,0.95,268.8,62.2,0
2026-08-23 16:49:40.616,230.3,12.490,0.170,2.120,79.2,646.5,0.1617,13.00,330.1,0.95,266.9,62.2,0
2026-08-23 16:49:41.696,231.4,12.490,0.290,3.110,79.2,646.5,0.1626,13.09,329.9,0.95,266.7,62.2,0
2026-08-23 16:49:42.788,232.5,12.490,0.180,2.210,79.2,646.5,0.1633,13.15,331.3,0.96,269.3,61.7,0
2026-08-23 16:49:43.824,233.5,12.490,0.290,3.580,79.2,646.5,0.1643,13.23,329.8,0.95,266.3,61.7,0
2026-08-23 16:49:44.891,234.6,12.490,0.250,2.720,79.2,646.5,0.1651,13.30,329.5,0.95,267.1,61.7,0
2026-08-23 16:49:45.946,235.7,12.490,0.220,2.770,79.2,646.5,0.1659,13.37,330.2,0.95,267.8,62.2,0
2026-08-23 16:49:47.041,236.8,12.490,0.200,2.500,79.2,646.5,0.1667,13.43,330.5,0.95,267.8,62.2,0
2026-08-23 16:49:48.108,237.8,12.490,0.330,4.320,79.2,646.5,0.1680,13.53,330.6,0.95,268.2,62.2,0
2026-08-23 16:49:49.142,238.9,12.490,0.220,2.740,79.2,646.5,0.1688,13.59,331.5,0.96,269.6,62.2,0
2026-08-23 16:49:50.170,239.9,12.490,0.350,4.420,79.2,646.5,0.1700,13.69,330.6,0.95,268.3,62.2,0
2026-08-23 16:49:51.190,240.9,12.490,0.230,2.960,79.2,646.5,0.1709,13.76,334.7,0.96,273.4,62.2,0
2026-08-23 16:49:52.230,241.9,12.480,0.240,2.980,78.5,640.2,0.1717,13.82,330.4,0.95,268.1,62.8,0
2026-08-23 16:49:53.235,242.9,12.490,0.180,1.480,79.2,646.5,0.1721,13.87,330.2,0.95,267.5,62.2,0
2026-08-23 16:49:54.274,244.0,12.490,0.220,2.060,79.2,646.5,0.1727,13.94,327.8,0.95,264.7,62.2,0
2026-08-23 16:49:55.315,245.0,12.500,0.350,4.040,80.0,652.8,0.1739,14.04,330.2,0.95,267.1,62.2,0
2026-08-23 16:49:56.355,246.1,12.490,0.250,3.230,79.2,646.5,0.1748,14.11,331.1,0.95,268.0,61.7,0
2026-08-23 16:49:57.359,247.1,12.490,0.210,2.620,79.2,646.5,0.1756,14.17,326.5,0.95,263.0,62.2,0
2026-08-23 16:49:58.430,248.1,12.490,0.210,2.440,79.2,646.5,0.1763,14.23,330.6,0.95,267.6,62.8,0
2026-08-23 16:49:59.432,249.1,12.490,0.160,1.970,79.2,646.5,0.1768,14.28,332.1,0.96,270.8,62.2,0
2026-08-23 16:50:00.471,250.2,12.490,0.170,2.070,79.2,646.5,0.1774,14.33,331.6,0.95,269.0,62.2,0
2026-08-23 16:50:01.559,251.3,12.500,0.370,4.680,80.0,652.8,0.1789,14.44,331.4,0.96,270.1,62.2,0
2026-08-23 16:50:02.615,252.3,12.490,0.240,2.600,79.2,646.5,0.1796,14.51,331.2,0.96,269.3,62.2,0
2026-08-23 16:50:03.667,253.4,12.490,0.220,2.690,79.2,646.5,0.1804,14.57,332.0,0.96,270.6,62.2,0
2026-08-23 16:50:04.704,254.4,12.490,0.240,3.050,79.2,646.5,0.1813,14.64,330.9,0.96,268.8,62.2,0
2026-08-23 16:50:05.741,255.5,12.490,0.170,2.180,79.2,646.5,0.1819,14.69,330.1,0.95,267.6,62.2,0
2026-08-23 16:50:06.781,256.5,12.490,0.230,2.180,79.2,646.5,0.1825,14.76,330.2,0.95,267.7,62.2,0
2026-08-23 16:50:07.820,257.5,12.500,0.340,4.270,80.0,652.8,0.1838,14.86,330.4,0.95,267.8,62.2,0
2026-08-23 16:50:08.858,258.6,12.490,0.230,2.510,79.2,646.5,0.1845,14.92,331.0,0.95,268.6,62.8,0
2026-08-23 16:50:09.900,259.6,12.490,0.250,3.080,79.2,646.5,0.1854,14.99,330.6,0.95,268.1,61.7,0
2026-08-23 16:50:10.938,260.7,12.490,0.210,2.620,79.2,646.5,0.1861,15.05,330.5,0.95,268.2,62.2,0
2026-08-23 16:50:11.975,261.7,12.490,0.220,3.560,79.2,646.5,0.1872,15.12,331.0,0.95,268.4,62.2,0
2026-08-23 16:50:13.051,262.8,12.490,0.190,2.430,79.2,646.5,0.1879,15.18,330.5,0.95,267.7,62.2,0
2026-08-23 16:50:14.107,263.8,12.490,0.360,4.380,79.2,646.5,0.1892,15.28,330.0,0.95,267.4,62.2,0
2026-08-23 16:50:15.191,264.9,12.490,0.290,2.950,79.2,646.5,0.1901,15.37,331.8,0.96,270.4,62.2,0
2026-08-23 16:50:16.242,266.0,12.490,0.320,3.810,79.2,646.5,0.1912,15.46,330.5,0.95,267.5,62.2,0
2026-08-23 16:50:17.280,267.0,12.490,0.190,2.820,79.2,646.5,0.1920,15.52,330.1,0.95,267.4,61.7,0
2026-08-23 16:50:18.316,268.0,12.490,0.200,2.480,79.2,646.5,0.1927,15.57,330.2,0.95,267.4,62.2,0
2026-08-23 16:50:19.319,269.0,12.490,0.210,2.770,79.2,646.5,0.1935,15.63,330.5,0.95,268.1,62.2,0
2026-08-23 16:50:20.356,270.1,12.500,0.340,5.000,80.0,652.8,0.1949,15.73,330.4,0.95,267.6,62.8,0
2026-08-23 16:50:21.394,271.1,12.490,0.260,3.610,79.2,646.5,0.1960,15.81,331.0,0.95,268.1,62.8,0
2026-08-23 16:50:22.487,272.2,12.490,0.240,3.140,79.2,646.5,0.1969,15.88,330.6,0.96,268.5,62.2,0
2026-08-23 16:50:23.525,273.2,12.490,0.240,3.060,79.2,646.5,0.1978,15.95,331.0,0.95,268.1,62.2,0
2026-08-23 16:50:24.564,274.3,12.490,0.200,1.840,79.2,646.5,0.1983,16.00,329.5,0.95,266.6,62.2,0
2026-08-23 16:50:25.649,275.4,12.490,0.160,2.060,79.2,646.5,0.1989,16.05,331.7,0.96,270.9,62.2,0
2026-08-23 16:50:26.742,276.5,12.490,0.290,3.570,79.2,646.5,0.2000,16.14,331.9,0.96,271.2,62.2,0
2026-08-23 16:50:27.767,277.5,12.490,0.350,4.380,79.2,646.5,0.2013,16.24,331.2,0.96,269.9,62.2,0
2026-08-23 16:50:28.797,278.5,12.490,0.240,2.250,79.2,646.5,0.2019,16.31,330.2,0.96,268.2,62.2,0
2026-08-23 16:50:29.834,279.5,12.490,0.250,2.440,79.2,646.5,0.2026,16.38,330.3,0.95,267.9,62.2,0
2026-08-23 16:50:30.834,280.5,12.480,0.170,1.440,78.5,640.2,0.2030,16.43,329.5,0.95,266.4,62.2,0
2026-08-23 16:50:31.876,281.6,12.490,0.250,3.140,79.2,646.5,0.2039,16.50,332.1,0.96,270.5,62.2,0
2026-08-23 16:50:32.915,282.6,12.490,0.300,3.030,79.2,646.5,0.2048,16.59,330.6,0.96,268.6,62.8,0
2026-08-23 16:50:33.952,283.7,12.490,0.340,4.190,79.2,646.5,0.2060,16.69,330.7,0.96,268.5,62.2,0
2026-08-23 16:50:35.023,284.7,12.490,0.270,2.670,79.2,646.5,0.2068,16.77,330.6,0.95,267.3,62.2,0
2026-08-23 16:50:36.062,285.8,12.490,0.270,3.550,79.2,646.5,0.2078,16.84,330.0,0.95,266.8,62.2,0
2026-08-23 16:50:37.071,286.8,12.490,0.190,1.790,79.2,646.5,0.2083,16.90,330.0,0.95,267.7,61.7,0
2026-08-23 16:50:38.093,287.8,12.490,0.270,2.680,79.2,646.5,0.2091,16.97,331.2,0.96,269.6,62.2,0
2026-08-23 16:50:39.155,288.9,12.490,0.240,2.490,79.2,646.5,0.2098,17.04,330.5,0.96,268.3,61.7,0
2026-08-23 16:50:40.237,290.0,12.500,0.390,4.850,80.0,652.8,0.2113,17.16,331.4,0.96,270.1,62.2,0
2026-08-23 16:50:41.276,291.0,12.490,0.200,2.460,79.2,646.5,0.2120,17.22,329.6,0.95,266.3,62.2,0
2026-08-23 16:50:42.313,292.0,12.490,0.180,2.290,79.2,646.5,0.2127,17.27,330.3,0.95,268.0,62.2,0
2026-08-23 16:50:43.355,293.1,12.490,0.220,2.100,79.2,646.5,0.2133,17.34,329.5,0.95,266.7,61.7,0
2026-08-23 16:50:44.394,294.1,12.490,0.240,3.790,79.2,646.5,0.2144,17.40,329.9,0.95,267.3,62.2,0
2026-08-23 16:50:45.432,295.1,12.490,0.250,3.110,79.2,646.5,0.2153,17.48,330.0,0.95,267.1,62.2,0
2026-08-23 16:50:46.504,296.2,12.500,0.320,4.820,80.0,652.8,0.2167,17.57,329.7,0.95,266.6,61.7,0
2026-08-23 16:50:47.505,297.2,12.490,0.200,2.440,79.2,646.5,0.2174,17.63,330.8,0.95,268.2,61.7,0
2026-08-23 16:50:48.543,298.3,12.490,0.250,3.100,79.2,646.5,0.2183,17.70,328.7,0.95,265.2,61.7,0
2026-08-23 16:50:49.620,299.3,12.490,0.150,1.860,79.2,646.5,0.2188,17.74,330.2,0.96,268.1,61.7,0
2026-08-23 16:50:50.705,300.4,12.490,0.240,3.050,79.2,646.5,0.2197,17.82,331.2,0.96,269.9,61.7,0
2026-08-23 16:50:51.762,301.5,12.490,0.190,2.390,79.2,646.5,0.2204,17.87,331.2,0.96,269.5,61.7,0
2026-08-23 16:50:52.851,302.6,12.500,0.310,3.820,80.0,652.8,0.2216,17.97,329.2,0.95,265.8,61.7,0
2026-08-23 16:50:53.887,303.6,12.500,0.330,4.150,80.0,652.8,0.2228,18.06,329.6,0.95,266.4,61.7,0
2026-08-23 16:50:54.887,304.6,12.490,0.300,3.730,79.2,646.5,0.2238,18.14,330.1,0.95,266.6,61.7,0
2026-08-23 16:50:55.930,305.6,12.490,0.160,2.220,79.2,646.5,0.2245,18.19,330.1,0.95,267.1,61.7,0
2026-08-23 16:50:56.967,306.7,12.490,0.190,2.390,79.2,646.5,0.2252,18.25,329.3,0.95,266.0,61.7,0
2026-08-23 16:50:58.005,307.7,12.490,0.200,1.980,79.2,646.5,0.2257,18.30,330.1,0.95,267.0,61.7,0
2026-08-23 16:50:59.097,308.8,12.490,0.180,2.840,79.2,646.5,0.2266,18.36,329.4,0.95,266.6,61.7,0
2026-08-23 16:51:00.136,309.8,12.490,0.280,3.570,79.2,646.5,0.2276,18.44,329.3,0.95,265.7,61.7,0
2026-08-23 16:51:01.174,310.9,12.500,0.270,3.260,80.0,652.8,0.2286,18.52,329.6,0.95,266.2,61.7,0
2026-08-23 16:51:02.230,311.9,12.490,0.230,2.680,79.2,646.5,0.2293,18.58,330.7,0.96,268.6,62.2,0
2026-08-23 16:51:03.292,313.0,12.480,0.210,2.720,78.5,640.2,0.2301,18.65,330.5,0.96,268.8,61.7,0
2026-08-23 16:51:04.350,314.1,12.490,0.240,3.000,79.2,646.5,0.2310,18.72,329.1,0.95,265.6,61.7,0
2026-08-23 16:51:05.446,315.2,12.490,0.160,2.040,79.2,646.5,0.2317,18.77,329.7,0.95,267.2,61.7,0
2026-08-23 16:51:06.481,316.2,12.500,0.350,4.380,80.0,652.8,0.2329,18.87,329.3,0.95,266.0,61.7,0
2026-08-23 16:51:07.517,317.2,12.490,0.250,3.060,79.2,646.5,0.2338,18.94,329.4,0.95,266.1,61.7,0
2026-08-23 16:51:08.557,318.3,12.500,0.260,3.780,80.0,652.8,0.2349,19.01,328.7,0.95,265.2,61.7,0
2026-08-23 16:51:09.598,319.3,12.490,0.190,2.370,79.2,646.5,0.2356,19.07,329.5,0.95,265.9,61.7,0
2026-08-23 16:51:10.636,320.3,12.500,0.320,3.990,80.0,652.8,0.2367,19.16,329.0,0.95,265.8,61.7,0
2026-08-23 16:51:11.677,321.4,12.490,0.210,2.380,79.2,646.5,0.2374,19.22,330.0,0.95,266.5,62.2,0
2026-08-23 16:51:12.715,322.4,12.500,0.390,4.870,80.0,652.8,0.2388,19.33,328.8,0.95,265.6,61.7,0
2026-08-23 16:51:13.751,323.5,12.500,0.280,3.550,80.0,652.8,0.2398,19.41,329.2,0.95,265.8,61.7,0
2026-08-23 16:51:14.839,324.6,12.490,0.210,3.300,79.2,646.5,0.2408,19.48,330.0,0.95,267.1,61.7,0
2026-08-23 16:51:15.865,325.6,12.490,0.260,2.600,79.2,646.5,0.2416,19.55,330.4,0.96,268.4,61.7,0
2026-08-23 16:51:17.010,326.7,12.490,0.150,2.570,79.2,646.5,0.2424,19.60,330.1,0.96,267.9,61.7,0
2026-08-23 16:51:18.048,327.8,12.500,0.270,3.790,80.0,652.8,0.2435,19.68,329.7,0.95,266.8,61.7,0
2026-08-23 16:51:19.085,328.8,12.490,0.180,2.300,79.2,646.5,0.2441,19.73,330.3,0.95,267.1,62.2,0
2026-08-23 16:51:20.095,329.8,12.500,0.310,4.090,80.0,652.8,0.2453,19.82,328.5,0.95,265.1,62.2,0
2026-08-23 16:51:21.164,330.9,12.490,0.230,3.160,79.2,646.5,0.2462,19.88,330.2,0.95,267.0,61.7,0
2026-08-23 16:51:22.202,331.9,12.490,0.200,2.300,79.2,646.5,0.2469,19.94,329.4,0.95,266.1,61.7,0
2026-08-23 16:51:23.273,333.0,12.490,0.170,2.090,79.2,646.5,0.2475,19.99,329.3,0.95,265.1,61.7,0
2026-08-23 16:51:24.275,334.0,12.490,0.200,2.260,79.2,646.5,0.2481,20.05,328.3,0.95,264.2,61.7,0
2026-08-23 16:51:25.343,335.1,12.490,0.270,3.320,79.2,646.5,0.2491,20.13,330.1,0.95,267.5,61.7,0
2026-08-23 16:51:26.364,336.1,12.500,0.340,4.200,80.0,652.8,0.2503,20.22,328.8,0.95,265.4,62.2,0
2026-08-23 16:51:27.421,337.1,12.490,0.230,2.890,79.2,646.5,0.2512,20.29,330.6,0.96,269.2,62.2,0
2026-08-23 16:51:28.513,338.2,12.500,0.270,3.350,80.0,652.8,0.2522,20.37,329.9,0.95,267.3,61.7,0
2026-08-23 16:51:29.563,339.3,12.490,0.190,2.400,79.2,646.5,0.2529,20.43,330.7,0.95,268.2,61.7,0
2026-08-23 16:51:30.630,340.3,12.500,0.290,3.600,80.0,652.8,0.2540,20.52,329.4,0.95,265.7,61.7,0
2026-08-23 16:51:31.665,341.4,12.490,0.220,2.800,79.2,646.5,0.2548,20.58,329.3,0.95,266.1,61.7,0
2026-08-23 16:51:32.670,342.4,12.500,0.300,4.400,80.0,652.8,0.2560,20.66,329.8,0.95,266.8,61.7,0
2026-08-23 16:51:33.708,343.4,12.500,0.270,2.600,80.0,652.8,0.2567,20.74,329.3,0.95,266.3,61.7,0
2026-08-23 16:51:34.744,344.5,12.490,0.220,3.300,79.2,646.5,0.2577,20.80,328.6,0.95,265.2,61.7,0
2026-08-23 16:51:35.748,345.5,12.490,0.180,2.290,79.2,646.5,0.2583,20.85,329.1,0.95,266.3,61.7,0
2026-08-23 16:51:36.786,346.5,12.490,0.200,2.070,79.2,646.5,0.2589,20.91,329.5,0.95,265.7,61.7,0
2026-08-23 16:51:37.786,347.5,12.500,0.330,4.150,80.0,652.8,0.2601,21.00,329.5,0.95,265.4,61.7,0
2026-08-23 16:51:38.877,348.6,12.500,0.320,3.350,80.0,652.8,0.2611,21.10,330.2,0.95,267.3,61.7,0
2026-08-23 16:51:39.935,349.6,12.490,0.270,2.490,79.2,646.5,0.2618,21.18,330.2,0.96,268.2,62.2,0
2026-08-23 16:51:40.991,350.7,12.490,0.250,3.090,79.2,646.5,0.2627,21.25,329.6,0.95,267.0,61.7,0
2026-08-23 16:51:42.061,351.8,12.490,0.170,2.290,79.2,646.5,0.2634,21.30,330.8,0.96,268.6,61.7,0
2026-08-23 16:51:43.098,352.8,12.490,0.180,2.660,79.2,646.5,0.2642,21.36,328.9,0.95,265.9,61.7,0
2026-08-23 16:51:44.134,353.8,12.500,0.330,3.390,80.0,652.8,0.2652,21.45,329.8,0.95,265.7,61.7,0
2026-08-23 16:51:45.178,354.9,12.500,0.270,3.540,80.0,652.8,0.2662,21.53,330.2,0.96,268.1,61.7,0
2026-08-23 16:51:46.216,355.9,12.500,0.310,3.810,80.0,652.8,0.2673,21.62,329.7,0.95,267.4,61.7,0
2026-08-23 16:51:47.254,357.0,12.490,0.200,2.520,79.2,646.5,0.2680,21.68,330.5,0.95,268.0,61.7,0
2026-08-23 16:51:48.311,358.0,12.490,0.180,2.490,79.2,646.5,0.2687,21.73,330.0,0.95,267.1,61.7,0
2026-08-23 16:51:49.350,359.1,12.490,0.150,1.910,79.2,646.5,0.2693,21.77,329.4,0.95,266.4,62.2,0
2026-08-23 16:51:50.388,360.1,12.500,0.350,4.330,80.0,652.8,0.2705,21.87,329.3,0.95,266.3,61.7,0
2026-08-23 16:51:51.447,361.2,12.490,0.300,4.050,79.2,646.5,0.2717,21.96,329.9,0.95,267.2,61.7,0
2026-08-23 16:51:52.472,362.2,12.490,0.220,3.230,79.2,646.5,0.2726,22.02,330.2,0.95,267.9,61.7,0
2026-08-23 16:51:53.491,363.2,12.490,0.220,2.810,79.2,646.5,0.2734,22.09,331.0,0.95,268.6,61.7,0
2026-08-23 16:51:54.561,364.3,12.490,0.150,1.840,79.2,646.5,0.2740,22.13,329.4,0.95,265.8,62.2,0
2026-08-23 16:51:55.561,365.3,12.490,0.210,2.140,79.2,646.5,0.2746,22.19,329.6,0.95,265.8,61.7,0
2026-08-23 16:51:56.599,366.3,12.500,0.360,4.000,80.0,652.8,0.2757,22.29,329.1,0.95,265.3,61.7,0
2026-08-23 16:51:57.640,367.4,12.500,0.230,2.870,80.0,652.8,0.2766,22.36,329.4,0.95,266.2,61.7,0
2026-08-23 16:51:58.678,368.4,12.490,0.220,3.440,79.2,646.5,0.2776,22.42,329.6,0.95,266.4,61.7,0
2026-08-23 16:51:59.677,369.4,12.490,0.150,1.910,79.2,646.5,0.2781,22.46,329.0,0.95,265.5,61.7,0
2026-08-23 16:52:00.719,370.4,12.490,0.210,3.040,79.2,646.5,0.2790,22.52,329.6,0.95,266.8,62.2,0
2026-08-23 16:52:01.756,371.5,12.490,0.190,2.320,79.2,646.5,0.2796,22.58,329.1,0.95,265.7,62.2,0
2026-08-23 16:52:02.757,372.5,12.500,0.360,4.440,80.0,652.8,0.2809,22.68,329.5,0.95,265.7,62.2,0
2026-08-23 16:52:03.846,373.6,12.500,0.250,3.100,80.0,652.8,0.2818,22.76,331.5,0.96,270.5,62.2,0
2026-08-23 16:52:04.903,374.6,12.490,0.220,3.360,79.2,646.5,0.2828,22.82,330.5,0.95,268.0,62.2,0
2026-08-23 16:52:05.954,375.7,12.490,0.230,2.920,79.2,646.5,0.2836,22.89,330.7,0.96,268.9,61.7,0
2026-08-23 16:52:06.990,376.7,12.490,0.200,2.130,79.2,646.5,0.2843,22.94,329.9,0.95,266.5,62.2,0
2026-08-23 16:52:08.027,377.7,12.490,0.180,2.730,79.2,646.5,0.2850,23.00,329.5,0.95,265.4,61.1,0
2026-08-23 16:52:09.031,378.7,12.500,0.280,3.030,80.0,652.8,0.2859,23.07,328.9,0.95,265.6,61.7,0
2026-08-23 16:52:10.068,379.8,12.500,0.270,3.400,80.0,652.8,0.2869,23.15,328.7,0.95,264.8,61.7,0
2026-08-23 16:52:11.077,380.8,12.500,0.310,3.060,80.0,652.8,0.2877,23.24,327.7,0.95,263.8,61.7,0
2026-08-23 16:52:12.148,381.9,12.490,0.220,2.310,79.2,646.5,0.2884,23.30,329.3,0.95,266.3,61.7,0
2026-08-23 16:52:13.185,382.9,12.490,0.150,1.910,79.2,646.5,0.2890,23.35,328.9,0.95,265.7,61.1,0
2026-08-23 16:52:14.252,384.0,12.500,0.280,3.080,80.0,652.8,0.2899,23.43,328.8,0.95,266.1,61.1,0
2026-08-23 16:52:15.328,385.0,12.490,0.230,2.840,79.2,646.5,0.2907,23.50,328.9,0.95,265.7,62.2,0
2026-08-23 16:52:16.353,386.1,12.500,0.290,3.160,80.0,652.8,0.2916,23.58,329.6,0.95,266.6,61.1,0
2026-08-23 16:52:17.445,387.2,12.490,0.220,2.780,79.2,646.5,0.2925,23.65,329.6,0.95,267.2,61.1,0
2026-08-23 16:52:18.533,388.2,12.490,0.280,3.360,79.2,646.5,0.2935,23.73,328.7,0.95,265.6,61.1,0
2026-08-23 16:52:19.599,389.3,12.490,0.140,1.690,79.2,646.5,0.2940,23.77,328.9,0.95,265.1,61.7,0
2026-08-23 16:52:20.635,390.3,12.500,0.290,3.580,80.0,652.8,0.2950,23.86,328.4,0.95,264.8,61.7,0
2026-08-23 16:52:21.639,391.4,12.490,0.180,2.230,79.2,646.5,0.2956,23.91,328.7,0.95,265.7,61.1,0
2026-08-23 16:52:22.674,392.4,12.500,0.380,4.430,80.0,652.8,0.2969,24.02,328.7,0.95,265.2,61.7,0
2026-08-23 16:52:23.740,393.5,12.500,0.200,3.070,80.0,652.8,0.2978,24.08,328.8,0.95,264.9,61.1,0
2026-08-23 16:52:24.832,394.5,12.500,0.250,3.740,80.0,652.8,0.2990,24.15,328.8,0.95,265.5,61.1,0
2026-08-23 16:52:25.868,395.6,12.490,0.210,2.320,79.2,646.5,0.2996,24.21,328.6,0.95,264.8,61.1,0
2026-08-23 16:52:26.935,396.6,12.490,0.130,2.290,79.2,646.5,0.3003,24.25,328.4,0.95,265.0,61.1,0
2026-08-23 16:52:27.956,397.7,12.500,0.190,2.430,80.0,652.8,0.3010,24.31,328.6,0.95,265.5,61.7,0
2026-08-23 16:52:29.048,398.8,12.500,0.260,2.610,80.0,652.8,0.3018,24.38,330.4,0.96,268.4,61.1,0
2026-08-23 16:52:30.086,399.8,12.500,0.310,3.510,80.0,652.8,0.3028,24.47,328.2,0.95,264.1,61.7,0
2026-08-23 16:52:31.180,400.9,12.490,0.210,2.940,79.2,646.5,0.3037,24.54,328.1,0.95,264.4,61.7,0
2026-08-23 16:52:32.216,401.9,12.500,0.240,2.960,80.0,652.8,0.3045,24.61,328.2,0.95,264.0,61.7,0
2026-08-23 16:52:33.223,402.9,12.490,0.170,2.800,79.2,646.5,0.3053,24.65,329.2,0.95,265.6,61.1,0
2026-08-23 16:52:34.263,404.0,12.490,0.170,2.330,79.2,646.5,0.3060,24.70,329.1,0.95,265.5,61.1,0
2026-08-23 16:52:35.299,405.0,12.490,0.220,2.700,79.2,646.5,0.3068,24.77,328.4,0.95,264.4,61.1,0
2026-08-23 16:52:36.336,406.0,12.500,0.270,3.420,80.0,652.8,0.3078,24.84,329.1,0.95,265.4,61.1,0
2026-08-23 16:52:37.375,407.1,12.500,0.280,3.020,80.0,652.8,0.3086,24.93,328.2,0.95,264.7,61.7,0
2026-08-23 16:52:38.441,408.2,12.500,0.270,3.320,80.0,652.8,0.3096,25.01,328.1,0.95,264.1,61.1,0
2026-08-23 16:52:39.536,409.2,12.490,0.140,2.250,79.2,646.5,0.3103,25.05,328.3,0.95,264.6,61.1,0
2026-08-23 16:52:40.627,410.3,12.500,0.300,3.770,80.0,652.8,0.3114,25.14,329.7,0.95,267.6,61.1,0
2026-08-23 16:52:41.666,411.4,12.490,0.220,2.070,79.2,646.5,0.3120,25.20,328.4,0.95,264.6,61.7,0
2026-08-23 16:52:42.743,412.5,12.500,0.370,4.310,80.0,652.8,0.3133,25.31,328.7,0.95,266.0,61.1,0
2026-08-23 16:52:43.808,413.5,12.500,0.290,3.670,80.0,652.8,0.3144,25.40,328.8,0.95,265.7,61.7,0
2026-08-23 16:52:44.843,414.6,12.500,0.250,3.790,80.0,652.8,0.3155,25.47,327.1,0.95,262.9,61.7,0
2026-08-23 16:52:45.846,415.6,12.490,0.170,1.580,79.2,646.5,0.3159,25.52,328.7,0.95,265.5,61.7,0
2026-08-23 16:52:46.882,416.6,12.490,0.200,2.550,79.2,646.5,0.3167,25.58,328.5,0.95,265.2,61.7,0
2026-08-23 16:52:47.882,417.6,12.500,0.220,3.320,80.0,652.8,0.3176,25.64,327.1,0.94,262.7,61.7,0
2026-08-23 16:52:48.885,418.6,12.500,0.300,3.280,80.0,652.8,0.3185,25.72,327.3,0.95,263.3,61.1,0
2026-08-23 16:52:49.922,419.6,12.500,0.320,4.070,80.0,652.8,0.3197,25.81,329.1,0.95,266.2,61.1,0
2026-08-23 16:52:51.002,420.7,12.490,0.140,2.460,79.2,646.5,0.3204,25.85,328.3,0.95,264.9,61.7,0
2026-08-23 16:52:52.052,421.8,12.490,0.140,1.800,79.2,646.5,0.3209,25.90,328.2,0.95,265.1,61.1,0
2026-08-23 16:52:53.107,422.8,12.500,0.200,2.330,80.0,652.8,0.3216,25.95,329.8,0.96,267.9,61.7,0
2026-08-23 16:52:54.128,423.8,12.500,0.340,4.280,80.0,652.8,0.3228,26.05,329.6,0.95,267.2,61.1,0
2026-08-23 16:52:55.176,424.9,12.500,0.240,3.720,80.0,652.8,0.3239,26.12,328.2,0.95,264.4,61.1,0
2026-08-23 16:52:56.211,425.9,12.500,0.230,2.870,80.0,652.8,0.3248,26.19,328.2,0.95,264.4,61.7,0
2026-08-23 16:52:57.276,427.0,12.500,0.230,2.780,80.0,652.8,0.3256,26.25,328.4,0.95,264.7,61.7,0
2026-08-23 16:52:58.367,428.1,12.490,0.180,1.520,79.2,646.5,0.3260,26.31,328.3,0.95,264.1,61.1,0
2026-08-23 16:52:59.374,429.1,12.500,0.170,2.130,80.0,652.8,0.3266,26.36,327.6,0.95,263.5,61.1,0
2026-08-23 16:53:00.412,430.1,12.500,0.340,4.250,80.0,652.8,0.3279,26.45,328.2,0.95,264.7,61.7,0
2026-08-23 16:53:01.452,431.2,12.500,0.320,3.650,80.0,652.8,0.3289,26.55,328.6,0.95,264.5,61.7,0
2026-08-23 16:53:02.488,432.2,12.490,0.300,3.760,79.2,646.5,0.3300,26.63,329.3,0.95,265.3,61.1,0
2026-08-23 16:53:03.510,433.2,12.490,0.200,2.160,79.2,646.5,0.3306,26.69,328.3,0.95,264.3,61.7,0
2026-08-23 16:53:04.531,434.2,12.500,0.250,3.900,80.0,652.8,0.3317,26.76,329.0,0.95,265.6,61.7,0
2026-08-23 16:53:05.651,435.4,12.490,0.230,2.640,79.2,646.5,0.3325,26.83,329.6,0.95,266.9,61.7,0
2026-08-23 16:53:06.772,436.5,12.490,0.210,2.620,79.2,646.5,0.3333,26.90,329.6,0.95,267.0,61.1,0
2026-08-23 16:53:07.810,437.5,12.490,0.290,3.670,79.2,646.5,0.3344,26.98,328.8,0.95,265.2,61.1,0
2026-08-23 16:53:08.875,438.6,12.500,0.260,2.790,80.0,652.8,0.3352,27.06,328.3,0.95,264.4,61.1,0
2026-08-23 16:53:09.966,439.7,12.500,0.290,3.610,80.0,652.8,0.3363,27.15,328.7,0.95,264.9,61.1,0
2026-08-23 16:53:10.973,440.7,12.500,0.180,2.240,80.0,652.8,0.3370,27.20,327.9,0.95,264.1,61.1,0
2026-08-23 16:53:12.010,441.7,12.500,0.300,3.420,80.0,652.8,0.3379,27.28,328.8,0.95,265.5,61.1,0
2026-08-23 16:53:13.079,442.8,12.500,0.170,2.870,80.0,652.8,0.3388,27.33,328.4,0.94,263.5,61.1,0
2026-08-23 16:53:14.146,443.9,12.500,0.410,4.450,80.0,652.8,0.3401,27.46,328.7,0.95,265.3,61.1,0
2026-08-23 16:53:15.182,444.9,12.490,0.230,2.970,79.2,646.5,0.3410,27.52,329.0,0.95,265.1,61.1,0
2026-08-23 16:53:16.260,446.0,12.500,0.290,3.580,80.0,652.8,0.3420,27.61,329.9,0.95,267.2,61.1,0
2026-08-23 16:53:17.344,447.1,12.500,0.240,2.840,80.0,652.8,0.3429,27.68,329.7,0.96,267.8,61.1,0
2026-08-23 16:53:18.405,448.1,12.490,0.120,1.530,79.2,646.5,0.3433,27.72,329.2,0.95,266.4,61.1,0
2026-08-23 16:53:19.453,449.2,12.500,0.190,2.110,80.0,652.8,0.3440,27.77,328.7,0.95,265.1,61.7,0
2026-08-23 16:53:20.488,450.2,12.500,0.300,3.690,80.0,652.8,0.3450,27.86,327.9,0.95,264.1,61.7,0
2026-08-23 16:53:21.554,451.3,12.500,0.290,2.980,80.0,652.8,0.3459,27.94,328.1,0.95,264.3,61.7,0
2026-08-23 16:53:22.645,452.4,12.500,0.240,3.060,80.0,652.8,0.3468,28.02,327.4,0.95,263.6,61.1,0
2026-08-23 16:53:23.681,453.4,12.500,0.230,3.280,80.0,652.8,0.3478,28.08,328.2,0.95,264.4,61.1,0
2026-08-23 16:53:24.689,454.4,12.490,0.190,1.780,79.2,646.5,0.3483,28.14,327.6,0.95,263.4,61.1,0
2026-08-23 16:53:25.759,455.5,12.500,0.250,3.450,80.0,652.8,0.3493,28.21,328.6,0.95,265.4,61.1,0
2026-08-23 16:53:26.825,456.5,12.500,0.250,3.150,80.0,652.8,0.3502,28.28,328.7,0.95,265.4,61.7,0
2026-08-23 16:53:27.861,457.6,12.500,0.250,3.610,80.0,652.8,0.3513,28.36,329.6,0.95,265.7,61.7,0
2026-08-23 16:53:28.945,458.7,12.500,0.210,2.490,80.0,652.8,0.3520,28.42,329.3,0.95,266.5,61.1,0
2026-08-23 16:53:30.036,459.8,12.500,0.240,3.440,80.0,652.8,0.3531,28.49,329.4,0.95,266.8,61.7,0
2026-08-23 16:53:31.097,460.8,12.490,0.160,2.050,79.2,646.5,0.3537,28.54,329.0,0.95,266.1,61.1,0
2026-08-23 16:53:32.109,461.8,12.490,0.230,2.250,79.2,646.5,0.3543,28.60,328.4,0.95,264.6,61.1,0
2026-08-23 16:53:33.146,462.9,12.500,0.240,2.990,80.0,652.8,0.3552,28.67,328.6,0.95,264.2,61.1,0
2026-08-23 16:53:34.152,463.9,12.500,0.270,2.780,80.0,652.8,0.3559,28.75,329.3,0.95,265.9,61.1,0
2026-08-23 16:53:35.193,464.9,12.500,0.270,3.750,80.0,652.8,0.3570,28.83,329.2,0.95,265.7,61.1,0
2026-08-23 16:53:36.228,465.9,12.500,0.220,3.250,80.0,652.8,0.3580,28.89,328.4,0.95,264.6,61.1,0
2026-08-23 16:53:37.265,467.0,12.490,0.180,2.240,79.2,646.5,0.3586,28.94,328.8,0.95,264.1,61.1,0
2026-08-23 16:53:38.304,468.0,12.490,0.210,2.600,79.2,646.5,0.3593,29.00,328.2,0.95,264.4,61.7,0
2026-08-23 16:53:39.385,469.1,12.490,0.210,2.630,79.2,646.5,0.3601,29.06,328.7,0.95,264.5,61.1,0
2026-08-23 16:53:40.385,470.1,12.500,0.290,3.640,80.0,652.8,0.3611,29.15,329.2,0.95,265.2,62.2,0
2026-08-23 16:53:41.472,471.2,12.500,0.190,2.590,80.0,652.8,0.3619,29.20,328.8,0.95,265.9,61.7,0
2026-08-23 16:53:42.475,472.2,12.500,0.250,3.080,80.0,652.8,0.3628,29.27,329.1,0.95,266.1,61.7,0
2026-08-23 16:53:43.496,473.2,12.490,0.170,1.530,79.2,646.5,0.3632,29.32,329.5,0.95,266.5,61.1,0
2026-08-23 16:53:44.565,474.3,12.490,0.220,2.140,79.2,646.5,0.3639,29.39,328.5,0.95,264.8,61.1,0
2026-08-23 16:53:45.600,475.3,12.500,0.230,2.860,80.0,652.8,0.3647,29.45,328.7,0.95,264.9,61.1,0
2026-08-23 16:53:46.721,476.4,12.500,0.380,4.730,80.0,652.8,0.3662,29.57,329.1,0.95,265.7,61.1,0
2026-08-23 16:53:47.758,477.5,12.500,0.230,3.450,80.0,652.8,0.3671,29.64,328.5,0.95,265.1,61.7,0
2026-08-23 16:53:48.794,478.5,12.500,0.280,3.380,80.0,652.8,0.3681,29.72,328.2,0.95,264.2,61.1,0
2026-08-23 16:53:49.834,479.5,12.500,0.170,2.150,80.0,652.8,0.3687,29.77,328.4,0.95,264.9,61.1,0
2026-08-23 16:53:50.870,480.6,12.500,0.280,3.930,80.0,652.8,0.3699,29.85,328.9,0.95,264.5,61.1,0
2026-08-23 16:53:51.937,481.7,12.500,0.230,2.900,80.0,652.8,0.3707,29.92,328.4,0.95,265.1,61.1,0
2026-08-23 16:53:53.012,482.7,12.500,0.290,2.770,80.0,652.8,0.3716,30.00,328.3,0.95,264.7,61.1,0
2026-08-23 16:53:54.036,483.8,12.500,0.310,4.300,80.0,652.8,0.3728,30.09,329.5,0.95,266.8,61.1,0
2026-08-23 16:53:55.058,484.8,12.500,0.230,3.390,80.0,652.8,0.3737,30.16,329.8,0.95,267.5,61.7,0
2026-08-23 16:53:56.079,485.8,12.500,0.200,1.840,80.0,652.8,0.3743,30.21,329.3,0.95,266.5,61.1,0
2026-08-23 16:53:57.087,486.8,12.500,0.260,3.280,80.0,652.8,0.3752,30.28,328.0,0.95,264.4,61.7,0
2026-08-23 16:53:58.122,487.8,12.490,0.170,2.550,79.2,646.5,0.3759,30.33,328.5,0.95,264.5,61.1,0
2026-08-23 16:53:59.125,488.8,12.510,0.390,4.310,80.8,659.6,0.3771,30.44,329.0,0.95,265.2,61.1,0
2026-08-23 16:54:00.161,489.9,12.500,0.190,3.160,80.0,652.8,0.3780,30.50,328.0,0.95,264.1,61.1,0
2026-08-23 16:54:01.198,490.9,12.500,0.290,3.570,80.0,652.8,0.3791,30.58,329.1,0.95,264.9,61.7,0
2026-08-23 16:54:02.239,492.0,12.490,0.150,1.900,79.2,646.5,0.3796,30.62,329.1,0.95,265.8,61.1,0
2026-08-23 16:54:03.274,493.0,12.500,0.250,3.330,80.0,652.8,0.3806,30.70,328.2,0.95,264.5,61.7,0
2026-08-23 16:54:04.340,494.1,12.500,0.190,2.410,80.0,652.8,0.3813,30.75,328.5,0.95,264.8,61.7,0
2026-08-23 16:54:05.414,495.1,12.500,0.170,2.170,80.0,652.8,0.3819,30.80,329.5,0.95,266.2,61.1,0
2026-08-23 16:54:06.498,496.2,12.510,0.380,4.060,80.8,659.6,0.3831,30.92,329.1,0.95,266.4,61.1,0
2026-08-23 16:54:07.597,497.3,12.500,0.180,3.010,80.0,652.8,0.3841,30.97,328.8,0.95,266.3,61.1,0
2026-08-23 16:54:08.611,498.3,12.500,0.290,3.280,80.0,652.8,0.3850,31.05,328.7,0.95,265.9,61.1,0
2026-08-23 16:54:09.646,499.4,12.490,0.160,2.060,79.2,646.5,0.3856,31.10,327.3,0.95,263.3,61.1,0
2026-08-23 16:54:10.712,500.4,12.500,0.270,3.690,80.0,652.8,0.3867,31.18,328.6,0.95,266.0,61.7,0
2026-08-23 16:54:11.721,501.4,12.500,0.230,2.330,80.0,652.8,0.3873,31.24,328.4,0.95,264.5,61.1,0
2026-08-23 16:54:12.758,502.5,12.500,0.290,3.660,80.0,652.8,0.3884,31.33,327.3,0.95,263.1,61.7,0
2026-08-23 16:54:13.766,503.5,12.490,0.160,2.570,79.2,646.5,0.3891,31.37,328.9,0.95,265.4,61.1,0
2026-08-23 16:54:14.806,504.5,12.500,0.250,2.360,80.0,652.8,0.3898,31.44,328.9,0.95,265.6,61.1,0
2026-08-23 16:54:15.842,505.6,12.490,0.190,2.070,79.2,646.5,0.3904,31.50,329.0,0.95,265.4,61.7,0
2026-08-23 16:54:16.850,506.6,12.500,0.170,2.070,80.0,652.8,0.3910,31.55,328.0,0.95,264.5,61.1,0
2026-08-23 16:54:17.877,507.6,12.510,0.340,4.270,80.8,659.6,0.3922,31.64,328.9,0.95,265.7,61.1,0
2026-08-23 16:54:18.932,508.6,12.500,0.240,3.200,80.0,652.8,0.3931,31.71,329.5,0.95,266.5,61.7,0
2026-08-23 16:54:20.015,509.7,12.500,0.280,3.440,80.0,652.8,0.3941,31.80,328.6,0.95,265.9,61.7,0
2026-08-23 16:54:21.084,510.8,12.500,0.220,2.790,80.0,652.8,0.3950,31.86,328.4,0.95,264.7,61.1,0
2026-08-23 16:54:22.119,511.8,12.490,0.150,1.830,79.2,646.5,0.3955,31.91,329.2,0.95,265.4,61.7,0
2026-08-23 16:54:23.240,513.0,12.500,0.230,2.890,80.0,652.8,0.3964,31.98,328.9,0.95,265.9,61.1,0
2026-08-23 16:54:24.277,514.0,12.500,0.200,1.850,80.0,652.8,0.3969,32.04,329.1,0.95,265.7,61.7,0
2026-08-23 16:54:25.313,515.0,12.500,0.300,3.300,80.0,652.8,0.3979,32.12,328.6,0.95,264.6,61.7,0
2026-08-23 16:54:26.317,516.0,12.500,0.210,2.640,80.0,652.8,0.3986,32.18,328.5,0.95,265.2,61.7,0
2026-08-23 16:54:27.353,517.1,12.500,0.270,3.290,80.0,652.8,0.3996,32.26,328.8,0.95,264.7,61.1,0
2026-08-23 16:54:28.419,518.1,12.490,0.120,2.160,79.2,646.5,0.4002,32.29,328.9,0.95,265.2,61.1,0
2026-08-23 16:54:29.496,519.2,12.500,0.180,2.290,80.0,652.8,0.4009,32.35,329.1,0.95,266.0,61.1,0
2026-08-23 16:54:30.579,520.3,12.500,0.220,2.700,80.0,652.8,0.4017,32.41,330.1,0.96,268.2,61.7,0
2026-08-23 16:54:31.670,521.4,12.510,0.400,4.970,80.8,659.6,0.4032,32.54,330.0,0.95,267.9,61.7,0
2026-08-23 16:54:32.758,522.5,12.500,0.270,3.400,80.0,652.8,0.4042,32.62,328.9,0.95,266.0,61.1,0
2026-08-23 16:54:33.823,523.5,12.490,0.240,2.350,79.2,646.5,0.4049,32.69,329.0,0.95,265.6,61.7,0
2026-08-23 16:54:34.858,524.6,12.500,0.270,3.430,80.0,652.8,0.4059,32.77,328.7,0.95,265.1,61.1,0
2026-08-23 16:54:35.861,525.6,12.500,0.220,2.150,80.0,652.8,0.4065,32.83,329.5,0.95,266.3,61.1,0
2026-08-23 16:54:36.896,526.6,12.490,0.220,2.010,79.2,646.5,0.4071,32.89,329.0,0.95,265.6,61.7,0
2026-08-23 16:54:37.962,527.7,12.500,0.330,4.180,80.0,652.8,0.4083,32.99,328.6,0.95,264.9,61.1,0
2026-08-23 16:54:39.054,528.8,12.500,0.310,2.980,80.0,652.8,0.4092,33.08,328.5,0.95,264.7,61.1,0
2026-08-23 16:54:40.061,529.8,12.500,0.310,3.890,80.0,652.8,0.4103,33.17,327.9,0.95,264.1,61.7,0
2026-08-23 16:54:41.098,530.8,12.500,0.230,2.860,80.0,652.8,0.4112,33.24,328.3,0.95,265.1,61.1,0
2026-08-23 16:54:42.180,531.9,12.500,0.180,2.150,80.0,652.8,0.4118,33.29,328.3,0.95,264.9,61.1,0
2026-08-23 16:54:43.300,533.0,12.500,0.290,3.610,80.0,652.8,0.4129,33.38,330.1,0.95,267.8,61.7,0
2026-08-23 16:54:44.392,534.1,12.500,0.180,2.720,80.0,652.8,0.4137,33.43,329.9,0.96,267.8,61.7,0
2026-08-23 16:54:45.403,535.1,12.510,0.380,4.350,80.8,659.6,0.4150,33.54,328.3,0.95,264.7,61.1,0
2026-08-23 16:54:46.440,536.2,12.500,0.170,2.730,80.0,652.8,0.4158,33.59,327.6,0.95,263.4,61.7,0
2026-08-23 16:54:47.447,537.2,12.500,0.190,2.430,80.0,652.8,0.4164,33.64,328.8,0.95,265.2,61.7,0
2026-08-23 16:54:48.487,538.2,12.500,0.170,2.170,80.0,652.8,0.4171,33.69,328.5,0.95,265.1,61.1,0
2026-08-23 16:54:49.522,539.2,12.500,0.230,2.820,80.0,652.8,0.4179,33.76,328.9,0.95,265.1,61.1,0
2026-08-23 16:54:50.545,540.3,12.500,0.230,2.500,80.0,652.8,0.4186,33.82,329.1,0.95,265.3,61.7,0
2026-08-23 16:54:51.586,541.3,12.500,0.260,4.080,80.0,652.8,0.4198,33.90,328.9,0.95,265.0,61.1,0
2026-08-23 16:54:52.621,542.3,12.500,0.240,3.010,80.0,652.8,0.4206,33.97,328.5,0.95,264.7,61.7,0
2026-08-23 16:54:53.775,543.5,12.500,0.290,3.640,80.0,652.8,0.4218,34.06,327.8,0.95,263.8,61.7,0
2026-08-23 16:54:54.859,544.6,12.500,0.270,3.400,80.0,652.8,0.4228,34.14,329.2,0.95,265.8,61.7,0
2026-08-23 16:54:55.979,545.7,12.500,0.180,2.720,80.0,652.8,0.4237,34.20,328.9,0.95,265.4,61.7,0
2026-08-23 16:54:57.031,546.7,12.510,0.340,4.290,80.8,659.6,0.4249,34.30,329.4,0.95,266.4,61.7,0
2026-08-23 16:54:58.066,547.8,12.500,0.210,3.220,80.0,652.8,0.4258,34.36,328.7,0.95,265.1,61.7,0
2026-08-23 16:54:59.132,548.8,12.510,0.370,4.640,80.8,659.6,0.4272,34.47,328.2,0.95,264.5,61.7,0
2026-08-23 16:55:00.186,549.9,12.500,0.260,2.720,80.0,652.8,0.4280,34.54,328.9,0.95,265.4,61.1,0
2026-08-23 16:55:01.222,550.9,12.500,0.320,4.000,80.0,652.8,0.4292,34.64,328.9,0.95,265.0,61.7,0
2026-08-23 16:55:02.230,551.9,12.490,0.170,2.540,79.2,646.5,0.4299,34.68,328.9,0.95,265.6,61.7,0
2026-08-23 16:55:03.299,553.0,12.500,0.290,4.130,80.0,652.8,0.4311,34.77,328.8,0.95,265.2,61.7,0
2026-08-23 16:55:04.365,554.1,12.500,0.220,2.720,80.0,652.8,0.4319,34.83,329.1,0.95,265.1,61.1,0
2026-08-23 16:55:05.401,555.1,12.510,0.360,4.760,80.8,659.6,0.4333,34.94,328.9,0.95,264.9,61.7,0
2026-08-23 16:55:06.474,556.2,12.500,0.260,3.370,80.0,652.8,0.4343,35.02,329.4,0.95,267.3,61.7,0
2026-08-23 16:55:07.513,557.2,12.500,0.270,4.070,80.0,652.8,0.4355,35.09,328.6,0.95,265.0,61.7,0
2026-08-23 16:55:08.537,558.3,12.500,0.150,2.510,80.0,652.8,0.4362,35.14,328.9,0.95,266.2,61.1,0
2026-08-23 16:55:09.539,559.3,12.500,0.350,3.590,80.0,652.8,0.4372,35.23,329.6,0.95,267.1,61.7,0
2026-08-23 16:55:10.574,560.3,12.500,0.270,3.360,80.0,652.8,0.4381,35.31,328.7,0.95,265.3,61.1,0
2026-08-23 16:55:11.640,561.4,12.510,0.360,4.430,80.8,659.6,0.4394,35.42,329.1,0.95,266.6,61.1,0
2026-08-23 16:55:12.649,562.4,12.500,0.180,2.870,80.0,652.8,0.4403,35.47,329.0,0.95,266.0,61.1,0
2026-08-23 16:55:13.716,563.4,12.500,0.250,3.290,80.0,652.8,0.4412,35.54,328.8,0.95,265.8,61.1,0
2026-08-23 16:55:14.752,564.5,12.500,0.200,1.970,80.0,652.8,0.4418,35.60,328.0,0.95,264.2,61.7,0
2026-08-23 16:55:15.822,565.5,12.500,0.200,3.160,80.0,652.8,0.4427,35.66,329.2,0.95,265.1,61.7,0
2026-08-23 16:55:16.830,566.5,12.500,0.170,2.640,80.0,652.8,0.4435,35.71,328.6,0.95,265.5,61.1,0
2026-08-23 16:55:17.867,567.6,12.510,0.350,4.330,80.8,659.6,0.4447,35.81,328.5,0.95,265.4,61.7,0
2026-08-23 16:55:18.895,568.6,12.500,0.230,2.910,80.0,652.8,0.4455,35.87,329.1,0.95,266.0,61.7,0
2026-08-23 16:55:19.912,569.6,12.500,0.270,3.630,80.0,652.8,0.4466,35.95,330.1,0.95,267.9,61.7,0
2026-08-23 16:55:20.933,570.6,12.500,0.140,1.760,80.0,652.8,0.4471,35.99,329.2,0.95,266.1,61.7,0
2026-08-23 16:55:22.002,571.7,12.500,0.310,4.280,80.0,652.8,0.4483,36.08,328.3,0.95,264.6,61.7,0
2026-08-23 16:55:23.037,572.8,12.500,0.250,2.450,80.0,652.8,0.4490,36.15,328.6,0.95,264.9,61.1,0
2026-08-23 16:55:24.158,573.9,12.510,0.280,3.460,80.8,659.6,0.4501,36.24,329.0,0.95,265.7,61.7,0
2026-08-23 16:55:25.195,574.9,12.500,0.330,4.150,80.0,652.8,0.4513,36.34,329.0,0.95,266.0,61.1,0
2026-08-23 16:55:26.231,575.9,12.500,0.290,3.580,80.0,652.8,0.4524,36.42,328.5,0.95,264.8,61.1,0
2026-08-23 16:55:27.271,577.0,12.500,0.250,2.750,80.0,652.8,0.4531,36.49,329.1,0.95,265.9,61.1,0
2026-08-23 16:55:28.307,578.0,12.500,0.180,2.110,80.0,652.8,0.4538,36.54,329.3,0.95,265.4,61.1,0
2026-08-23 16:55:29.388,579.1,12.500,0.140,1.710,80.0,652.8,0.4543,36.58,329.2,0.95,266.5,61.1,0
2026-08-23 16:55:30.449,580.2,12.490,0.270,3.390,79.2,646.5,0.4553,36.66,328.9,0.95,265.2,61.7,0
2026-08-23 16:55:31.473,581.2,12.510,0.400,4.990,80.8,659.6,0.4567,36.78,330.1,0.96,268.0,61.1,0
2026-08-23 16:55:32.564,582.3,12.500,0.230,2.910,80.0,652.8,0.4576,36.85,330.3,0.96,268.3,61.7,0
2026-08-23 16:55:33.652,583.4,12.510,0.310,3.850,80.8,659.6,0.4587,36.94,328.8,0.95,265.6,61.7,0
2026-08-23 16:55:34.747,584.5,12.500,0.240,2.990,80.0,652.8,0.4596,37.01,328.1,0.95,264.2,61.7,0
2026-08-23 16:55:35.812,585.5,12.500,0.230,2.590,80.0,652.8,0.4604,37.08,328.2,0.95,264.4,61.7,0
2026-08-23 16:55:36.904,586.6,12.500,0.290,3.570,80.0,652.8,0.4615,37.17,328.2,0.95,264.4,61.1,0
2026-08-23 16:55:37.940,587.7,12.500,0.210,2.970,80.0,652.8,0.4623,37.23,329.2,0.95,265.5,61.1,0
2026-08-23 16:55:39.035,588.7,12.500,0.330,3.750,80.0,652.8,0.4635,37.33,328.3,0.95,264.9,61.7,0
2026-08-23 16:55:40.076,589.8,12.500,0.280,3.540,80.0,652.8,0.4645,37.41,328.3,0.95,265.4,61.7,0
2026-08-23 16:55:41.113,590.8,12.500,0.290,3.860,80.0,652.8,0.4656,37.50,329.2,0.95,265.9,61.1,0
2026-08-23 16:55:42.149,591.9,12.500,0.150,1.900,80.0,652.8,0.4662,37.54,328.8,0.95,265.2,61.7,0
2026-08-23 16:55:43.177,592.9,12.500,0.190,2.370,80.0,652.8,0.4668,37.59,329.7,0.95,267.2,61.7,0
2026-08-23 16:55:44.198,593.9,12.500,0.190,2.750,80.0,652.8,0.4676,37.65,330.0,0.95,267.8,61.1,0
2026-08-23 16:55:45.314,595.0,12.500,0.290,3.480,80.0,652.8,0.4687,37.74,329.3,0.95,266.7,61.7,0
2026-08-23 16:55:46.380,596.1,12.500,0.230,3.560,80.0,652.8,0.4698,37.81,329.1,0.95,265.6,61.7,0
2026-08-23 16:55:47.415,597.1,12.500,0.230,2.190,80.0,652.8,0.4704,37.87,329.2,0.95,265.8,61.7,0
2026-08-23 16:55:48.426,598.1,12.500,0.190,3.040,80.0,652.8,0.4712,37.92,328.0,0.95,263.8,61.7,0
2026-08-23 16:55:49.492,599.2,12.500,0.180,1.600,80.0,652.8,0.4717,37.98,328.5,0.95,265.2,61.1,0
2026-08-23 16:55:50.528,600.2,12.500,0.220,3.290,80.0,652.8,0.4727,38.04,329.3,0.95,265.3,61.7,0
2026-08-23 16:55:51.531,601.2,12.510,0.280,3.490,80.8,659.6,0.4736,38.12,329.7,0.95,267.4,61.1,0
2026-08-23 16:55:52.567,602.3,12.500,0.230,2.900,80.0,652.8,0.4745,38.19,328.7,0.95,265.3,61.7,0
2026-08-23 16:55:53.603,603.3,12.500,0.290,3.570,80.0,652.8,0.4755,38.27,328.9,0.95,266.1,61.1,0
2026-08-23 16:55:54.678,604.4,12.500,0.230,2.940,80.0,652.8,0.4764,38.34,328.8,0.95,265.2,61.7,0
2026-08-23 16:55:55.703,605.4,12.500,0.220,2.430,80.0,652.8,0.4771,38.40,330.4,0.96,268.7,61.7,0
2026-08-23 16:55:56.728,606.4,12.500,0.200,2.540,80.0,652.8,0.4778,38.46,329.2,0.95,266.2,61.7,0
2026-08-23 16:55:57.779,607.5,12.510,0.320,4.190,80.8,659.6,0.4790,38.55,329.1,0.95,265.8,61.7,0
2026-08-23 16:55:58.814,608.5,12.490,0.250,3.120,79.2,646.5,0.4799,38.62,329.0,0.95,265.8,61.7,0
2026-08-23 16:55:59.880,609.6,12.500,0.250,2.880,80.0,652.8,0.4808,38.70,329.1,0.95,266.1,61.1,0
2026-08-23 16:56:00.949,610.7,12.500,0.160,1.920,80.0,652.8,0.4813,38.74,327.8,0.95,263.6,61.1,0
2026-08-23 16:56:01.986,611.7,12.500,0.280,3.330,80.0,652.8,0.4823,38.82,328.8,0.95,264.8,61.1,0
2026-08-23 16:56:03.009,612.7,12.500,0.280,3.520,80.0,652.8,0.4833,38.90,328.8,0.95,265.5,61.1,0
2026-08-23 16:56:04.064,613.8,12.510,0.390,4.910,80.8,659.6,0.4847,39.02,328.8,0.95,265.2,61.7,0
2026-08-23 16:56:05.063,614.8,12.500,0.290,3.610,80.0,652.8,0.4857,39.10,329.0,0.95,264.9,61.1,0
2026-08-23 16:56:06.086,615.8,12.500,0.210,3.050,80.0,652.8,0.4866,39.16,328.7,0.95,265.3,61.7,0
2026-08-23 16:56:07.135,616.8,12.500,0.130,1.580,80.0,652.8,0.4871,39.20,328.7,0.95,265.6,61.7,0
2026-08-23 16:56:08.153,617.9,12.500,0.220,2.510,80.0,652.8,0.4878,39.26,330.3,0.96,268.8,61.7,0
2026-08-23 16:56:09.174,618.9,12.510,0.320,4.010,80.8,659.6,0.4889,39.35,330.1,0.96,268.3,61.7,0
2026-08-23 16:56:10.222,619.9,12.500,0.310,3.850,80.0,652.8,0.4900,39.44,328.5,0.95,265.2,61.1,0
2026-08-23 16:56:11.256,621.0,12.500,0.300,3.050,80.0,652.8,0.4909,39.53,328.5,0.95,264.8,61.7,0
2026-08-23 16:56:12.322,622.0,12.500,0.250,2.600,80.0,652.8,0.4917,39.60,328.6,0.95,265.2,61.1,0
2026-08-23 16:56:13.414,623.1,12.500,0.170,2.140,80.0,652.8,0.4923,39.65,327.8,0.95,264.0,61.7,0
2026-08-23 16:56:14.450,624.2,12.500,0.180,2.000,80.0,652.8,0.4929,39.70,329.0,0.95,265.1,61.7,0
2026-08-23 16:56:15.486,625.2,12.500,0.210,2.610,80.0,652.8,0.4936,39.76,329.0,0.95,265.0,62.2,0
2026-08-23 16:56:16.526,626.2,12.510,0.320,4.050,80.8,659.6,0.4948,39.86,329.9,0.96,267.8,61.7,0
2026-08-23 16:56:17.526,627.2,12.500,0.180,2.190,80.0,652.8,0.4954,39.91,330.3,0.95,267.5,61.7,0
2026-08-23 16:56:18.592,628.3,12.500,0.250,3.170,80.0,652.8,0.4964,39.98,329.3,0.95,266.2,61.7,0
2026-08-23 16:56:19.647,629.4,12.500,0.200,2.540,80.0,652.8,0.4971,40.04,329.6,0.95,266.9,61.1,0
2026-08-23 16:56:20.731,630.4,12.510,0.340,3.780,80.8,659.6,0.4982,40.14,330.2,0.96,268.2,61.7,0
2026-08-23 16:56:21.822,631.5,12.500,0.160,2.600,80.0,652.8,0.4990,40.19,330.5,0.96,269.1,61.1,0
2026-08-23 16:56:22.834,632.5,12.500,0.300,4.340,80.0,652.8,0.5003,40.27,328.3,0.95,264.6,61.7,0
2026-08-23 16:56:23.929,633.6,12.500,0.280,3.930,80.0,652.8,0.5015,40.36,328.5,0.95,264.5,61.7,0
2026-08-23 16:56:24.936,634.6,12.500,0.310,3.840,80.0,652.8,0.5025,40.45,329.4,0.95,266.1,61.7,0
2026-08-23 16:56:26.005,635.7,12.500,0.220,2.680,80.0,652.8,0.5033,40.51,329.7,0.95,266.0,61.7,0
2026-08-23 16:56:27.071,636.8,12.500,0.160,1.970,80.0,652.8,0.5039,40.56,328.8,0.95,265.1,61.7,0
2026-08-23 16:56:28.162,637.9,12.500,0.140,1.730,80.0,652.8,0.5044,40.60,328.7,0.95,265.2,61.7,0
2026-08-23 16:56:29.199,638.9,12.500,0.190,3.000,80.0,652.8,0.5053,40.66,329.4,0.95,265.7,61.7,0
2026-08-23 16:56:30.265,640.0,12.510,0.360,4.240,80.8,659.6,0.5065,40.76,329.3,0.95,266.1,61.7,0
2026-08-23 16:56:31.342,641.1,12.500,0.200,2.540,80.0,652.8,0.5073,40.82,328.8,0.95,265.8,61.7,0
2026-08-23 16:56:32.363,642.1,12.500,0.280,3.690,80.0,652.8,0.5084,40.90,330.2,0.95,267.8,61.7,0
2026-08-23 16:56:33.484,643.2,12.500,0.180,2.260,80.0,652.8,0.5091,40.96,330.1,0.95,267.9,61.7,0
2026-08-23 16:56:34.505,644.2,12.500,0.250,3.140,80.0,652.8,0.5099,41.03,329.3,0.95,266.8,61.7,0
2026-08-23 16:56:35.542,645.3,12.500,0.230,2.910,80.0,652.8,0.5108,41.10,328.0,0.95,263.9,61.7,0
2026-08-23 16:56:36.549,646.3,12.510,0.340,4.660,80.8,659.6,0.5121,41.19,329.9,0.95,266.8,61.7,0
2026-08-23 16:56:37.588,647.3,12.500,0.220,3.200,80.0,652.8,0.5130,41.25,329.5,0.95,266.4,61.7,0
2026-08-23 16:56:38.624,648.3,12.510,0.320,3.880,80.8,659.6,0.5141,41.35,328.7,0.95,265.2,61.7,0
2026-08-23 16:56:39.624,649.3,12.500,0.200,1.940,80.0,652.8,0.5147,41.40,329.9,0.95,265.5,61.7,0
2026-08-23 16:56:40.627,650.3,12.500,0.270,3.330,80.0,652.8,0.5156,41.48,328.5,0.95,264.6,61.7,0
2026-08-23 16:56:41.664,651.4,12.500,0.280,3.520,80.0,652.8,0.5166,41.56,328.9,0.95,265.5,61.1,0
2026-08-23 16:56:42.700,652.4,12.510,0.410,5.090,80.8,659.6,0.5181,41.68,328.8,0.95,265.1,61.7,0
2026-08-23 16:56:43.789,653.5,12.500,0.230,2.530,80.0,652.8,0.5188,41.74,329.1,0.95,266.1,61.7,0
2026-08-23 16:56:44.843,654.6,12.510,0.320,3.400,80.8,659.6,0.5198,41.84,329.6,0.95,266.8,61.7,0
2026-08-23 16:56:45.867,655.6,12.500,0.200,2.000,80.0,652.8,0.5204,41.90,329.5,0.95,266.6,61.7,0
2026-08-23 16:56:46.927,656.6,12.510,0.320,3.340,80.8,659.6,0.5214,41.99,329.0,0.95,265.4,61.1,0
2026-08-23 16:56:47.993,657.7,12.500,0.210,2.600,80.0,652.8,0.5222,42.05,328.7,0.95,265.7,61.7,0
2026-08-23 16:56:49.028,658.7,12.510,0.390,4.610,80.8,659.6,0.5235,42.16,329.4,0.95,265.5,61.1,0
2026-08-23 16:56:50.069,659.8,12.500,0.270,3.820,80.0,652.8,0.5246,42.24,328.9,0.95,265.4,61.7,0
2026-08-23 16:56:51.104,660.8,12.510,0.290,2.840,80.8,659.6,0.5254,42.33,329.7,0.95,265.9,61.7,0
2026-08-23 16:56:52.185,661.9,12.500,0.290,2.900,80.0,652.8,0.5263,42.41,329.7,0.95,267.3,61.7,0
2026-08-23 16:56:53.226,662.9,12.500,0.160,1.650,80.0,652.8,0.5268,42.46,328.3,0.95,264.9,61.7,0
2026-08-23 16:56:54.262,664.0,12.510,0.270,3.240,80.8,659.6,0.5277,42.54,329.0,0.95,265.3,61.7,0
2026-08-23 16:56:55.298,665.0,12.500,0.250,2.890,80.0,652.8,0.5285,42.61,328.9,0.95,265.8,61.7,0
2026-08-23 16:56:56.327,666.0,12.500,0.290,3.640,80.0,652.8,0.5296,42.69,329.6,0.95,266.9,61.7,0
2026-08-23 16:56:57.381,667.1,12.500,0.280,3.550,80.0,652.8,0.5306,42.77,330.0,0.95,267.3,61.7,0
2026-08-23 16:56:58.465,668.2,12.500,0.230,2.920,80.0,652.8,0.5315,42.84,329.3,0.95,266.7,61.7,0
2026-08-23 16:56:59.534,669.2,12.500,0.210,2.630,80.0,652.8,0.5323,42.90,328.6,0.95,265.0,61.7,0
2026-08-23 16:57:00.569,670.3,12.500,0.250,3.650,80.0,652.8,0.5333,42.98,328.7,0.95,265.0,61.7,0
2026-08-23 16:57:01.719,671.4,12.500,0.240,3.340,80.0,652.8,0.5344,43.05,328.8,0.95,264.8,61.1,0
2026-08-23 16:57:02.786,672.5,12.500,0.230,2.860,80.0,652.8,0.5352,43.12,328.7,0.95,265.5,61.1,0
2026-08-23 16:57:03.823,673.5,12.500,0.280,2.870,80.0,652.8,0.5360,43.20,329.6,0.95,266.6,61.1,0
2026-08-23 16:57:04.833,674.5,12.500,0.230,3.030,80.0,652.8,0.5369,43.27,328.1,0.95,264.3,61.7,0
2026-08-23 16:57:05.900,675.6,12.500,0.210,2.560,80.0,652.8,0.5377,43.33,328.5,0.95,265.2,61.7,0
2026-08-23 16:57:06.935,676.6,12.500,0.150,1.860,80.0,652.8,0.5382,43.37,329.3,0.95,265.3,61.7,0
2026-08-23 16:57:08.011,677.7,12.500,0.210,2.910,80.0,652.8,0.5391,43.43,329.1,0.95,265.7,61.7,0
2026-08-23 16:57:09.094,678.8,12.500,0.230,2.950,80.0,652.8,0.5400,43.50,329.8,0.95,267.2,61.1,0
2026-08-23 16:57:10.178,679.9,12.510,0.320,4.000,80.8,659.6,0.5412,43.60,329.1,0.95,266.5,61.7,0
2026-08-23 16:57:11.226,680.9,12.500,0.240,3.660,80.0,652.8,0.5422,43.67,329.2,0.95,265.9,61.7,0
2026-08-23 16:57:12.261,682.0,12.500,0.230,2.840,80.0,652.8,0.5430,43.74,328.3,0.95,264.4,61.7,0
2026-08-23 16:57:13.341,683.1,12.500,0.260,3.380,80.0,652.8,0.5441,43.81,328.8,0.95,264.8,61.1,0
2026-08-23 16:57:14.432,684.1,12.500,0.190,2.310,80.0,652.8,0.5448,43.87,329.7,0.95,267.1,61.7,0
2026-08-23 16:57:15.529,685.2,12.500,0.280,3.480,80.0,652.8,0.5458,43.96,328.9,0.95,265.4,61.7,0
2026-08-23 16:57:16.594,686.3,12.500,0.200,2.330,80.0,652.8,0.5465,44.02,329.1,0.95,265.8,61.1,0
2026-08-23 16:57:17.604,687.3,12.510,0.340,4.820,80.8,659.6,0.5479,44.11,328.0,0.95,263.8,61.7,0
2026-08-23 16:57:18.670,688.4,12.510,0.290,3.040,80.8,659.6,0.5488,44.20,328.8,0.95,265.7,61.7,0
2026-08-23 16:57:19.707,689.4,12.500,0.260,3.330,80.0,652.8,0.5497,44.27,328.0,0.95,264.3,61.1,0
2026-08-23 16:57:20.765,690.5,12.500,0.150,2.420,80.0,652.8,0.5504,44.32,328.8,0.95,265.7,61.1,0
2026-08-23 16:57:21.849,691.6,12.500,0.180,2.220,80.0,652.8,0.5511,44.37,330.0,0.95,267.8,61.7,0
2026-08-23 16:57:22.992,692.7,12.510,0.310,3.220,80.8,659.6,0.5521,44.47,329.1,0.95,266.2,61.7,0
2026-08-23 16:57:24.027,693.7,12.500,0.220,2.820,80.0,652.8,0.5529,44.53,329.5,0.95,265.6,61.1,0
2026-08-23 16:57:25.034,694.7,12.510,0.390,4.570,80.8,659.6,0.5542,44.64,327.8,0.95,263.6,61.1,0
2026-08-23 16:57:26.103,695.8,12.500,0.210,2.640,80.0,652.8,0.5550,44.70,329.5,0.95,266.3,61.7,0
2026-08-23 16:57:27.139,696.9,12.510,0.280,3.530,80.8,659.6,0.5560,44.78,328.8,0.95,265.6,61.7,0
2026-08-23 16:57:28.206,697.9,12.490,0.140,2.290,79.2,646.5,0.5567,44.83,329.1,0.95,265.9,61.7,0
2026-08-23 16:57:29.275,699.0,12.500,0.140,1.770,80.0,652.8,0.5572,44.87,327.7,0.95,263.3,61.1,0
2026-08-23 16:57:30.275,700.0,12.500,0.170,2.750,80.0,652.8,0.5580,44.91,327.3,0.95,262.9,61.1,0
2026-08-23 16:57:31.342,701.1,12.510,0.300,4.490,80.8,659.6,0.5593,45.00,329.0,0.95,265.5,61.1,0
2026-08-23 16:57:32.360,702.1,12.500,0.260,3.210,80.0,652.8,0.5602,45.08,328.9,0.95,264.7,61.7,0
2026-08-23 16:57:33.451,703.2,12.500,0.220,3.500,80.0,652.8,0.5613,45.14,329.2,0.95,266.4,61.7,0
2026-08-23 16:57:34.535,704.2,12.500,0.240,2.480,80.0,652.8,0.5620,45.22,329.8,0.95,266.8,61.7,0
2026-08-23 16:57:35.636,705.3,12.500,0.180,1.830,80.0,652.8,0.5626,45.27,329.7,0.95,267.1,61.1,0
2026-08-23 16:57:36.642,706.4,12.500,0.240,3.010,80.0,652.8,0.5634,45.34,327.9,0.95,264.2,61.7,0
2026-08-23 16:57:37.679,707.4,12.500,0.160,2.750,80.0,652.8,0.5642,45.38,328.6,0.95,265.3,61.1,0
2026-08-23 16:57:38.719,708.4,12.510,0.320,4.020,80.8,659.6,0.5654,45.48,329.5,0.95,265.6,61.1,0
2026-08-23 16:57:39.756,709.5,12.500,0.240,3.200,80.0,652.8,0.5663,45.55,328.5,0.95,265.2,61.1,0
2026-08-23 16:57:40.792,710.5,12.500,0.250,3.140,80.0,652.8,0.5672,45.62,329.0,0.95,264.9,61.7,0
2026-08-23 16:57:41.832,711.5,12.500,0.120,1.960,80.0,652.8,0.5678,45.65,329.9,0.95,266.2,61.1,0
2026-08-23 16:57:42.869,712.6,12.500,0.220,2.770,80.0,652.8,0.5686,45.72,328.7,0.95,265.3,62.2,0
2026-08-23 16:57:43.905,713.6,12.510,0.360,4.450,80.8,659.6,0.5698,45.82,328.5,0.95,264.4,61.1,0
2026-08-23 16:57:44.960,714.7,12.510,0.320,3.980,80.8,659.6,0.5710,45.91,329.7,0.95,266.8,61.7,0
2026-08-23 16:57:46.029,715.7,12.500,0.220,2.490,80.0,652.8,0.5717,45.98,329.4,0.95,266.9,61.7,0
2026-08-23 16:57:47.051,716.8,12.500,0.210,2.860,80.0,652.8,0.5726,46.04,330.0,0.95,267.9,61.1,0
2026-08-23 16:57:48.093,717.8,12.500,0.200,2.250,80.0,652.8,0.5732,46.10,328.4,0.95,264.3,61.1,0
2026-08-23 16:57:49.130,718.8,12.500,0.200,2.260,80.0,652.8,0.5739,46.15,328.6,0.95,264.3,61.1,0
2026-08-23 16:57:50.137,719.9,12.510,0.380,4.520,80.8,659.6,0.5751,46.26,328.6,0.95,265.5,61.7,0
2026-08-23 16:57:51.206,720.9,12.500,0.270,3.520,80.0,652.8,0.5762,46.34,328.4,0.95,264.4,61.7,0
2026-08-23 16:57:52.272,722.0,12.500,0.260,3.310,80.0,652.8,0.5772,46.42,328.4,0.95,264.7,61.1,0
2026-08-23 16:57:53.364,723.1,12.500,0.240,2.310,80.0,652.8,0.5779,46.49,328.4,0.95,264.8,61.1,0
2026-08-23 16:57:54.400,724.1,12.500,0.160,1.990,80.0,652.8,0.5784,46.54,329.3,0.95,265.2,61.7,0
2026-08-23 16:57:55.436,725.2,12.510,0.310,3.800,80.8,659.6,0.5795,46.63,329.0,0.95,265.1,61.1,0
2026-08-23 16:57:56.443,726.2,12.500,0.190,2.340,80.0,652.8,0.5802,46.68,329.5,0.95,266.5,61.1,0
2026-08-23 16:57:57.534,727.2,12.510,0.350,3.980,80.8,659.6,0.5814,46.78,330.1,0.96,268.2,61.7,0
2026-08-23 16:57:58.572,728.3,12.500,0.260,3.200,80.0,652.8,0.5823,46.86,328.9,0.95,266.0,61.7,0
2026-08-23 16:57:59.649,729.4,12.500,0.250,3.590,80.0,652.8,0.5834,46.93,329.4,0.95,267.1,61.1,0
2026-08-23 16:58:00.684,730.4,12.500,0.190,2.310,80.0,652.8,0.5840,46.99,329.0,0.95,265.4,61.7,0
2026-08-23 16:58:01.751,731.5,12.500,0.180,2.430,80.0,652.8,0.5848,47.04,329.3,0.95,266.4,62.2,0
2026-08-23 16:58:02.819,732.5,12.500,0.200,1.840,80.0,652.8,0.5853,47.10,326.8,0.94,262.0,61.7,0
2026-08-23 16:58:03.842,733.6,12.500,0.240,3.030,80.0,652.8,0.5862,47.17,328.4,0.95,265.1,61.1,0
2026-08-23 16:58:04.878,734.6,12.510,0.270,3.780,80.8,659.6,0.5873,47.25,328.4,0.95,264.8,61.7,0
2026-08-23 16:58:05.881,735.6,12.510,0.290,2.910,80.8,659.6,0.5881,47.33,328.3,0.95,264.5,61.1,0
2026-08-23 16:58:06.918,736.6,12.500,0.200,2.550,80.0,652.8,0.5888,47.39,328.4,0.95,265.0,61.7,0
2026-08-23 16:58:07.954,737.7,12.500,0.180,2.230,80.0,652.8,0.5894,47.44,328.6,0.95,264.7,61.1,0
2026-08-23 16:58:09.018,738.7,12.510,0.230,3.220,80.8,659.6,0.5904,47.51,328.5,0.95,265.3,61.7,0
2026-08-23 16:58:10.021,739.7,12.510,0.290,4.350,80.8,659.6,0.5916,47.59,329.4,0.95,266.8,61.7,0
2026-08-23 16:58:11.042,740.8,12.510,0.260,3.230,80.8,659.6,0.5925,47.66,330.2,0.96,268.2,61.7,0
2026-08-23 16:58:12.090,741.8,12.510,0.260,3.850,80.8,659.6,0.5936,47.74,328.7,0.95,265.3,61.7,0
2026-08-23 16:58:13.124,742.8,12.510,0.230,2.880,80.8,659.6,0.5945,47.80,328.3,0.95,264.4,61.7,0
2026-08-23 16:58:14.219,743.9,12.500,0.190,1.640,80.0,652.8,0.5950,47.86,328.4,0.95,264.4,61.7,0
2026-08-23 16:58:15.274,745.0,12.500,0.210,2.650,80.0,652.8,0.5957,47.92,328.5,0.95,265.5,61.1,0
2026-08-23 16:58:16.340,746.1,12.510,0.220,3.460,80.8,659.6,0.5968,47.99,329.1,0.95,265.6,61.7,0
2026-08-23 16:58:17.378,747.1,12.510,0.390,4.900,80.8,659.6,0.5982,48.10,328.6,0.95,265.1,61.7,0
2026-08-23 16:58:18.447,748.2,12.500,0.210,3.110,80.0,652.8,0.5991,48.16,327.5,0.95,263.1,62.2,0
2026-08-23 16:58:19.514,749.2,12.510,0.310,3.690,80.8,659.6,0.6002,48.25,329.0,0.95,265.7,61.7,0
2026-08-23 16:58:20.550,750.3,12.500,0.160,2.690,80.0,652.8,0.6010,48.30,328.5,0.95,265.3,61.1,0
2026-08-23 16:58:21.642,751.4,12.500,0.200,2.080,80.0,652.8,0.6016,48.36,327.9,0.95,264.1,61.7,0
2026-08-23 16:58:22.666,752.4,12.500,0.190,2.320,80.0,652.8,0.6023,48.41,330.5,0.96,269.3,61.1,0
2026-08-23 16:58:23.691,753.4,12.510,0.390,4.430,80.8,659.6,0.6035,48.52,329.3,0.95,266.4,61.7,0
2026-08-23 16:58:24.719,754.4,12.500,0.250,3.170,80.0,652.8,0.6044,48.60,329.0,0.95,265.6,61.7,0
2026-08-23 16:58:25.754,755.5,12.510,0.310,3.870,80.8,659.6,0.6055,48.69,328.3,0.95,264.7,61.1,0
2026-08-23 16:58:26.849,756.6,12.500,0.250,3.090,80.0,652.8,0.6065,48.76,329.0,0.95,264.7,61.1,0
2026-08-23 16:58:27.888,757.6,12.500,0.160,1.940,80.0,652.8,0.6070,48.81,328.9,0.95,265.0,61.7,0
2026-08-23 16:58:28.887,758.6,12.500,0.160,2.020,80.0,652.8,0.6076,48.85,329.5,0.95,265.3,61.7,0
2026-08-23 16:58:29.910,759.6,12.510,0.380,4.910,80.8,659.6,0.6090,48.96,329.0,0.95,265.5,61.7,0
2026-08-23 16:58:30.980,760.7,12.510,0.280,3.480,80.8,659.6,0.6100,49.04,328.2,0.95,264.2,61.1,0
2026-08-23 16:58:32.046,761.8,12.510,0.310,3.910,80.8,659.6,0.6112,49.14,328.4,0.95,264.4,61.7,0
2026-08-23 16:58:33.140,762.9,12.500,0.180,2.770,80.0,652.8,0.6120,49.19,328.7,0.95,265.0,61.7,0
2026-08-23 16:58:34.260,764.0,12.500,0.190,2.350,80.0,652.8,0.6128,49.25,330.0,0.95,267.7,61.7,0
2026-08-23 16:58:35.352,765.1,12.510,0.320,4.050,80.8,659.6,0.6140,49.35,330.4,0.96,268.7,61.1,0
2026-08-23 16:58:36.439,766.2,12.500,0.220,2.690,80.0,652.8,0.6148,49.41,329.7,0.95,266.4,61.7,0
2026-08-23 16:58:37.447,767.2,12.510,0.400,4.950,80.8,659.6,0.6162,49.52,328.4,0.95,265.3,61.7,0
2026-08-23 16:58:38.483,768.2,12.500,0.210,2.370,80.0,652.8,0.6169,49.58,328.8,0.95,265.4,61.7,0
2026-08-23 16:58:39.523,769.2,12.510,0.340,3.510,80.8,659.6,0.6179,49.68,329.7,0.95,266.5,61.1,0
2026-08-23 16:58:40.558,770.3,12.500,0.160,2.640,80.0,652.8,0.6186,49.73,328.7,0.95,264.8,61.7,0
2026-08-23 16:58:41.558,771.3,12.510,0.290,3.970,80.8,659.6,0.6197,49.81,329.8,0.95,265.6,61.7,0
2026-08-23 16:58:42.628,772.3,12.500,0.240,3.050,80.0,652.8,0.6207,49.88,328.0,0.95,264.3,61.7,0
2026-08-23 16:58:43.694,773.4,12.510,0.340,4.320,80.8,659.6,0.6219,49.98,328.5,0.95,265.3,61.7,0
2026-08-23 16:58:44.729,774.4,12.500,0.210,2.570,80.0,652.8,0.6227,50.04,328.5,0.95,264.8,61.7,0
2026-08-23 16:58:45.780,775.5,12.500,0.260,3.060,80.0,652.8,0.6236,50.12,329.1,0.95,265.5,61.7,0
2026-08-23 16:58:46.834,776.5,12.500,0.190,2.680,80.0,652.8,0.6243,50.17,329.3,0.95,266.3,61.1,0
2026-08-23 16:58:47.918,777.6,12.500,0.190,2.920,80.0,652.8,0.6252,50.23,330.2,0.96,268.1,61.7,0
2026-08-23 16:58:48.919,778.6,12.500,0.240,2.890,80.0,652.8,0.6260,50.30,329.3,0.95,266.6,61.7,0
2026-08-23 16:58:50.014,779.7,12.510,0.360,4.450,80.8,659.6,0.6274,50.41,329.0,0.95,265.4,61.7,0
2026-08-23 16:58:51.079,780.8,12.510,0.290,3.350,80.8,659.6,0.6284,50.49,329.1,0.95,266.0,61.1,0
2026-08-23 16:58:52.089,781.8,12.510,0.290,3.870,80.8,659.6,0.6295,50.57,328.2,0.95,264.3,61.7,0
2026-08-23 16:58:53.155,782.9,12.500,0.210,2.960,80.0,652.8,0.6303,50.64,329.2,0.95,266.1,61.7,0
2026-08-23 16:58:54.192,783.9,12.500,0.190,2.420,80.0,652.8,0.6310,50.69,328.2,0.95,264.4,61.1,0
2026-08-23 16:58:55.262,785.0,12.500,0.220,2.740,80.0,652.8,0.6318,50.76,329.3,0.95,265.8,61.7,0
2026-08-23 16:58:56.284,786.0,12.510,0.250,3.710,80.8,659.6,0.6329,50.83,329.0,0.95,265.4,61.7,0
2026-08-23 16:58:57.320,787.0,12.510,0.290,3.010,80.8,659.6,0.6338,50.91,328.2,0.95,264.6,61.1,0
2026-08-23 16:58:58.408,788.1,12.510,0.280,3.650,80.8,659.6,0.6349,51.00,330.4,0.96,268.5,61.7,0
2026-08-23 16:58:59.462,789.2,12.500,0.190,3.030,80.0,652.8,0.6358,51.05,329.2,0.95,266.0,61.7,0
2026-08-23 16:59:00.572,790.3,12.500,0.190,2.050,80.0,652.8,0.6364,51.11,330.6,0.96,268.9,61.1,0
2026-08-23 16:59:01.607,791.3,12.510,0.300,3.490,80.8,659.6,0.6374,51.20,328.9,0.95,265.0,61.7,0
2026-08-23 16:59:02.673,792.4,12.500,0.220,2.600,80.0,652.8,0.6382,51.26,329.5,0.95,266.2,61.7,0
2026-08-23 16:59:03.742,793.5,12.510,0.330,4.080,80.8,659.6,0.6394,51.36,328.7,0.95,264.9,61.7,0
2026-08-23 16:59:04.809,794.5,12.510,0.280,3.500,80.8,659.6,0.6404,51.44,329.5,0.95,266.6,61.1,0
2026-08-23 16:59:05.845,795.6,12.510,0.300,3.760,80.8,659.6,0.6415,51.53,328.8,0.95,265.6,61.7,0
2026-08-23 16:59:06.914,796.6,12.500,0.230,2.890,80.0,652.8,0.6424,51.60,329.2,0.94,264.1,61.1,0
2026-08-23 16:59:07.981,797.7,12.500,0.170,2.060,80.0,652.8,0.6430,51.65,329.6,0.95,266.2,61.1,0
2026-08-23 16:59:09.017,798.7,12.500,0.200,2.490,80.0,652.8,0.6437,51.70,328.8,0.95,265.6,61.1,0
2026-08-23 16:59:10.066,799.8,12.510,0.190,3.230,80.8,659.6,0.6446,51.76,328.6,0.95,265.6,61.1,0
2026-08-23 16:59:11.121,800.8,12.510,0.320,3.980,80.8,659.6,0.6458,51.85,330.5,0.96,268.7,61.1,0
2026-08-23 16:59:12.182,801.9,12.500,0.190,3.150,80.0,652.8,0.6467,51.91,329.4,0.95,266.9,61.7,0
2026-08-23 16:59:13.201,802.9,12.510,0.300,3.760,80.8,659.6,0.6478,51.99,329.5,0.95,266.7,61.7,0
2026-08-23 16:59:14.267,804.0,12.500,0.170,2.110,80.0,652.8,0.6484,52.04,328.2,0.95,264.6,61.7,0
2026-08-23 16:59:15.302,805.0,12.510,0.310,3.010,80.8,659.6,0.6493,52.13,328.9,0.95,265.2,61.1,0
2026-08-23 16:59:16.304,806.0,12.500,0.230,2.840,80.0,652.8,0.6501,52.20,329.5,0.95,266.1,61.7,0
2026-08-23 16:59:17.340,807.1,12.510,0.390,4.230,80.8,659.6,0.6513,52.31,328.4,0.95,264.7,61.7,0
2026-08-23 16:59:18.405,808.1,12.500,0.220,2.360,80.0,652.8,0.6520,52.38,329.1,0.95,265.2,61.7,0
2026-08-23 16:59:19.497,809.2,12.510,0.270,3.950,80.8,659.6,0.6532,52.46,328.4,0.95,264.9,61.7,0
2026-08-23 16:59:20.534,810.2,12.500,0.140,2.330,80.0,652.8,0.6538,52.50,328.8,0.95,265.1,61.7,0
2026-08-23 16:59:21.541,811.3,12.510,0.270,4.020,80.8,659.6,0.6550,52.57,327.9,0.95,264.1,61.1,0
2026-08-23 16:59:22.659,812.4,12.500,0.160,2.720,80.0,652.8,0.6558,52.62,328.9,0.95,266.2,61.7,0
2026-08-23 16:59:23.750,813.5,12.510,0.250,2.770,80.8,659.6,0.6567,52.70,330.3,0.96,268.3,61.7,0
2026-08-23 16:59:24.788,814.5,12.500,0.260,3.600,80.0,652.8,0.6577,52.77,329.2,0.95,265.9,61.1,0
2026-08-23 16:59:25.882,815.6,12.500,0.160,2.000,80.0,652.8,0.6583,52.82,328.8,0.95,265.5,61.7,0
2026-08-23 16:59:26.917,816.6,12.500,0.190,2.580,80.0,652.8,0.6590,52.88,328.8,0.95,265.1,61.7,0
2026-08-23 16:59:27.926,817.6,12.500,0.160,2.060,80.0,652.8,0.6596,52.92,328.1,0.95,264.8,61.7,0
2026-08-23 16:59:28.994,818.7,12.510,0.270,4.040,80.8,659.6,0.6608,53.00,329.2,0.95,265.2,61.1,0
2026-08-23 16:59:30.002,819.7,12.510,0.200,2.490,80.8,659.6,0.6615,53.06,329.0,0.95,265.8,61.7,0
2026-08-23 16:59:31.039,820.8,12.510,0.290,3.600,80.8,659.6,0.6626,53.14,328.7,0.95,265.2,61.1,0
2026-08-23 16:59:32.108,821.8,12.510,0.250,3.300,80.8,659.6,0.6635,53.22,329.5,0.95,265.5,61.1,0
2026-08-23 16:59:33.174,822.9,12.510,0.320,4.060,80.8,659.6,0.6647,53.31,328.7,0.95,264.9,61.7,0
2026-08-23 16:59:34.268,824.0,12.510,0.270,3.060,80.8,659.6,0.6657,53.39,328.6,0.95,264.8,61.7,0
2026-08-23 16:59:35.389,825.1,12.500,0.190,2.560,80.0,652.8,0.6665,53.45,329.6,0.95,267.0,61.7,0
2026-08-23 16:59:36.480,826.2,12.500,0.250,3.170,80.0,652.8,0.6674,53.53,330.3,0.96,268.3,61.7,0
2026-08-23 16:59:37.568,827.3,12.510,0.280,3.460,80.8,659.6,0.6685,53.61,328.5,0.95,264.7,61.7,0
2026-08-23 16:59:38.574,828.3,12.510,0.380,4.590,80.8,659.6,0.6698,53.72,329.3,0.95,266.2,61.1,0
2026-08-23 16:59:39.609,829.3,12.510,0.310,3.820,80.8,659.6,0.6709,53.81,328.7,0.95,264.9,61.1,0
2026-08-23 16:59:40.650,830.4,12.500,0.260,3.250,80.0,652.8,0.6718,53.88,328.9,0.95,264.6,61.7,0
2026-08-23 16:59:41.745,831.5,12.510,0.230,3.230,80.8,659.6,0.6728,53.95,329.5,0.95,265.3,61.7,0
2026-08-23 16:59:42.753,832.5,12.500,0.130,2.230,80.0,652.8,0.6734,53.99,328.7,0.95,265.6,61.7,0
2026-08-23 16:59:43.823,833.5,12.510,0.240,2.960,80.8,659.6,0.6743,54.06,328.3,0.95,265.1,62.8,0
2026-08-23 16:59:44.889,834.6,12.510,0.190,3.080,80.8,659.6,0.6752,54.12,328.2,0.95,264.7,61.7,0
2026-08-23 16:59:45.925,835.6,12.510,0.290,3.480,80.8,659.6,0.6762,54.20,328.2,0.95,264.5,61.7,0
2026-08-23 16:59:47.058,836.8,12.500,0.200,2.440,80.0,652.8,0.6770,54.26,329.3,0.95,265.4,61.7,0
2026-08-23 16:59:48.112,837.8,12.510,0.240,3.740,80.8,659.6,0.6781,54.33,330.0,0.96,268.2,61.1,0
2026-08-23 16:59:49.151,838.9,12.500,0.150,1.830,80.0,652.8,0.6786,54.38,329.4,0.95,266.2,61.7,0
2026-08-23 16:59:50.151,839.9,12.500,0.140,2.410,80.0,652.8,0.6793,54.42,329.6,0.95,267.1,61.7,0
2026-08-23 16:59:51.246,841.0,12.500,0.220,3.060,80.0,652.8,0.6802,54.48,329.1,0.95,265.7,61.7,0
2026-08-23 16:59:52.312,842.0,12.510,0.370,4.240,80.8,659.6,0.6814,54.59,328.5,0.95,265.5,61.7,0
2026-08-23 16:59:53.381,843.1,12.510,0.290,3.620,80.8,659.6,0.6825,54.68,328.2,0.94,263.4,61.7,0
2026-08-23 16:59:54.447,844.2,12.510,0.290,3.650,80.8,659.6,0.6836,54.76,329.4,0.95,266.3,61.7,0
2026-08-23 16:59:55.483,845.2,12.500,0.200,2.040,80.0,652.8,0.6842,54.82,328.9,0.95,265.9,61.7,0
2026-08-23 16:59:56.538,846.3,12.500,0.180,2.270,80.0,652.8,0.6848,54.87,329.1,0.95,265.3,61.7,0
2026-08-23 16:59:57.573,847.3,12.500,0.210,2.820,80.0,652.8,0.6857,54.93,329.1,0.95,265.5,61.1,0
2026-08-23 16:59:58.727,848.4,12.510,0.290,3.590,80.8,659.6,0.6868,55.03,329.1,0.95,265.2,61.7,0
2026-08-23 16:59:59.811,849.5,12.510,0.340,4.880,80.8,659.6,0.6883,55.13,329.3,0.95,266.6,61.7,0
2026-08-23 17:00:00.902,850.6,12.510,0.290,3.780,80.8,659.6,0.6894,55.22,330.3,0.96,268.5,61.7,0
2026-08-23 17:00:01.990,851.7,12.510,0.260,3.270,80.8,659.6,0.6904,55.30,328.7,0.95,265.0,61.7,0
2026-08-23 17:00:02.996,852.7,12.500,0.230,2.960,80.0,652.8,0.6912,55.36,329.6,0.95,266.3,61.7,0
2026-08-23 17:00:04.033,853.7,12.490,0.170,2.180,79.2,646.5,0.6919,55.41,328.8,0.95,265.3,61.7,0
2026-08-23 17:00:05.072,854.8,12.510,0.290,3.590,80.8,659.6,0.6929,55.49,328.1,0.95,264.3,61.7,0
2026-08-23 17:00:06.109,855.8,12.500,0.260,2.410,80.0,652.8,0.6936,55.57,329.2,0.95,265.1,61.1,0
2026-08-23 17:00:07.117,856.8,12.510,0.270,3.480,80.8,659.6,0.6946,55.64,328.6,0.95,265.6,61.7,0
2026-08-23 17:00:08.186,857.9,12.510,0.200,3.250,80.8,659.6,0.6955,55.70,328.1,0.95,264.5,61.7,0
2026-08-23 17:00:09.252,859.0,12.510,0.270,3.370,80.8,659.6,0.6965,55.78,329.2,0.95,265.5,61.7,0
2026-08-23 17:00:10.287,860.0,12.500,0.190,1.680,80.0,652.8,0.6970,55.84,328.8,0.95,265.4,61.7,0
2026-08-23 17:00:11.324,861.0,12.500,0.140,1.740,80.0,652.8,0.6975,55.88,330.6,0.95,268.3,61.7,0
2026-08-23 17:00:12.378,862.1,12.510,0.310,3.300,80.8,659.6,0.6985,55.97,330.0,0.95,267.8,61.7,0
2026-08-23 17:00:13.416,863.1,12.510,0.330,4.140,80.8,659.6,0.6997,56.06,328.6,0.95,264.7,61.7,0
2026-08-23 17:00:14.416,864.1,12.500,0.210,1.950,80.0,652.8,0.7002,56.12,329.2,0.95,265.5,61.7,0
2026-08-23 17:00:15.482,865.2,12.510,0.300,3.700,80.8,659.6,0.7013,56.21,329.9,0.95,267.1,61.7,0
2026-08-23 17:00:16.517,866.2,12.500,0.210,2.150,80.0,652.8,0.7019,56.27,329.6,0.95,265.9,62.2,0
2026-08-23 17:00:17.557,867.3,12.510,0.320,4.310,80.8,659.6,0.7032,56.36,329.3,0.95,266.5,61.7,0
2026-08-23 17:00:18.592,868.3,12.500,0.200,2.460,80.0,652.8,0.7039,56.42,329.3,0.95,266.1,61.1,0
2026-08-23 17:00:19.659,869.4,12.510,0.320,4.010,80.8,659.6,0.7051,56.52,329.8,0.95,266.9,61.7,0
2026-08-23 17:00:20.714,870.4,12.500,0.240,3.720,80.0,652.8,0.7062,56.59,329.7,0.95,266.3,61.7,0
2026-08-23 17:00:21.750,871.5,12.510,0.240,2.960,80.8,659.6,0.7070,56.66,329.3,0.95,265.7,61.7,0
2026-08-23 17:00:22.758,872.5,12.510,0.220,2.710,80.8,659.6,0.7078,56.72,328.4,0.95,265.0,61.7,0
2026-08-23 17:00:23.778,873.5,12.510,0.220,2.460,80.8,659.6,0.7085,56.78,329.2,0.95,265.4,61.7,0
2026-08-23 17:00:24.805,874.5,12.500,0.160,2.050,80.0,652.8,0.7091,56.83,329.3,0.95,266.1,61.7,0
2026-08-23 17:00:25.922,875.6,12.500,0.240,2.890,80.0,652.8,0.7100,56.90,330.5,0.96,269.2,61.7,0
2026-08-23 17:00:26.987,876.7,12.510,0.360,3.920,80.8,659.6,0.7111,57.01,328.8,0.95,265.4,61.7,0
2026-08-23 17:00:28.022,877.7,12.510,0.250,2.900,80.8,659.6,0.7119,57.08,327.9,0.95,264.2,61.7,0
2026-08-23 17:00:29.061,878.8,12.500,0.250,2.780,80.0,652.8,0.7127,57.15,328.8,0.95,265.0,61.7,0
2026-08-23 17:00:30.127,879.8,12.500,0.180,2.590,80.0,652.8,0.7135,57.20,329.2,0.95,266.3,61.1,0
2026-08-23 17:00:31.163,880.9,12.500,0.160,2.810,80.0,652.8,0.7143,57.25,328.6,0.95,265.4,61.7,0
2026-08-23 17:00:32.203,881.9,12.500,0.190,2.420,80.0,652.8,0.7150,57.30,327.5,0.95,263.4,61.7,0
2026-08-23 17:00:33.239,883.0,12.510,0.320,3.440,80.8,659.6,0.7160,57.40,328.0,0.95,264.4,61.7,0
2026-08-23 17:00:34.275,884.0,12.510,0.260,3.300,80.8,659.6,0.7170,57.47,329.2,0.95,266.0,61.7,0
2026-08-23 17:00:35.284,885.0,12.510,0.220,2.800,80.8,659.6,0.7177,57.53,329.8,0.95,266.6,61.7,0
2026-08-23 17:00:36.308,886.0,12.500,0.150,2.240,80.0,652.8,0.7184,57.58,330.1,0.95,267.6,61.7,0
2026-08-23 17:00:37.329,887.0,12.510,0.210,2.390,80.8,659.6,0.7191,57.64,330.4,0.96,268.2,61.7,0
2026-08-23 17:00:38.351,888.1,12.510,0.380,4.650,80.8,659.6,0.7204,57.74,330.4,0.95,267.5,61.7,0
2026-08-23 17:00:39.357,889.1,12.510,0.250,3.110,80.8,659.6,0.7213,57.81,329.3,0.95,266.1,61.7,0
2026-08-23 17:00:40.393,890.1,12.510,0.260,3.950,80.8,659.6,0.7224,57.89,329.2,0.95,265.9,61.7,0
2026-08-23 17:00:41.433,891.1,12.490,0.180,1.830,79.2,646.5,0.7229,57.94,328.4,0.95,264.7,61.1,0
2026-08-23 17:00:42.441,892.2,12.510,0.320,3.950,80.8,659.6,0.7240,58.03,328.1,0.95,264.9,61.7,0
2026-08-23 17:00:43.477,893.2,12.510,0.240,3.020,80.8,659.6,0.7249,58.10,329.0,0.95,265.9,61.1,0
2026-08-23 17:00:44.517,894.2,12.510,0.370,4.650,80.8,659.6,0.7262,58.21,328.6,0.95,265.1,61.7,0
2026-08-23 17:00:45.552,895.3,12.510,0.260,2.700,80.8,659.6,0.7270,58.28,328.9,0.95,265.1,61.1,0
2026-08-23 17:00:46.633,896.3,12.510,0.310,3.760,80.8,659.6,0.7281,58.37,328.9,0.95,265.1,61.1,0
2026-08-23 17:00:47.684,897.4,12.500,0.190,2.180,80.0,652.8,0.7288,58.43,329.3,0.95,266.4,61.7,0
2026-08-23 17:00:48.709,898.4,12.510,0.240,2.950,80.8,659.6,0.7296,58.50,329.7,0.95,267.4,61.7,0
2026-08-23 17:00:49.726,899.4,12.500,0.190,2.660,80.0,652.8,0.7304,58.55,330.3,0.96,268.4,61.7,0
2026-08-23 17:00:50.793,900.5,12.510,0.330,4.120,80.8,659.6,0.7316,58.65,329.8,0.95,266.7,61.7,0
2026-08-23 17:00:51.830,901.5,12.510,0.290,3.570,80.8,659.6,0.7326,58.73,330.0,0.95,267.0,61.7,0
2026-08-23 17:00:52.836,902.5,12.510,0.330,3.420,80.8,659.6,0.7336,58.82,328.8,0.95,264.8,61.1,0
2026-08-23 17:00:53.877,903.6,12.500,0.150,1.840,80.0,652.8,0.7341,58.87,328.1,0.95,264.7,61.7,0
2026-08-23 17:00:54.914,904.6,12.510,0.320,3.360,80.8,659.6,0.7351,58.96,328.9,0.95,265.4,62.2,0
2026-08-23 17:00:55.950,905.7,12.510,0.220,2.070,80.8,659.6,0.7357,59.02,329.7,0.95,265.8,61.7,0
2026-08-23 17:00:56.990,906.7,12.510,0.360,4.560,80.8,659.6,0.7370,59.13,328.3,0.95,264.6,61.7,0
2026-08-23 17:00:58.026,907.7,12.510,0.270,3.390,80.8,659.6,0.7380,59.20,327.9,0.95,263.7,61.7,0
2026-08-23 17:00:59.092,908.8,12.510,0.300,3.780,80.8,659.6,0.7391,59.29,329.8,0.95,266.8,61.7,0
2026-08-23 17:01:00.183,909.9,12.510,0.210,2.650,80.8,659.6,0.7399,59.36,329.2,0.95,266.0,61.7,0
2026-08-23 17:01:01.208,910.9,12.510,0.250,3.020,80.8,659.6,0.7407,59.43,330.5,0.96,268.8,61.1,0
2026-08-23 17:01:02.268,912.0,12.500,0.170,2.140,80.0,652.8,0.7414,59.48,329.6,0.95,267.3,61.7,0
2026-08-23 17:01:03.337,913.1,12.510,0.310,3.930,80.8,659.6,0.7425,59.57,328.3,0.95,264.8,61.7,0
2026-08-23 17:01:04.402,914.1,12.510,0.290,3.170,80.8,659.6,0.7435,59.66,328.9,0.95,264.9,61.7,0
2026-08-23 17:01:05.493,915.2,12.510,0.260,2.800,80.8,659.6,0.7443,59.74,328.9,0.95,265.3,61.7,0
2026-08-23 17:01:06.500,916.2,12.510,0.250,3.130,80.8,659.6,0.7452,59.81,328.5,0.95,264.5,61.1,0
2026-08-23 17:01:07.537,917.3,12.500,0.170,2.660,80.0,652.8,0.7460,59.85,328.6,0.95,265.4,61.7,0
2026-08-23 17:01:08.592,918.3,12.500,0.190,2.390,80.0,652.8,0.7467,59.91,328.8,0.95,265.1,61.7,0
2026-08-23 17:01:09.688,919.4,12.510,0.240,2.950,80.8,659.6,0.7476,59.98,328.7,0.95,265.2,61.1,0
2026-08-23 17:01:10.754,920.5,12.510,0.340,4.260,80.8,659.6,0.7488,60.08,328.7,0.95,265.6,61.7,0
2026-08-23 17:01:11.832,921.5,12.510,0.260,2.870,80.8,659.6,0.7497,60.16,328.9,0.95,265.0,61.1,0
2026-08-23 17:01:12.853,922.6,12.510,0.240,3.030,80.8,659.6,0.7505,60.23,329.8,0.95,267.0,61.7,0
2026-08-23 17:01:13.907,923.6,12.510,0.160,2.540,80.8,659.6,0.7513,60.28,329.2,0.95,266.0,61.1,0
2026-08-23 17:01:14.985,924.7,12.510,0.340,4.300,80.8,659.6,0.7526,60.38,328.8,0.95,265.7,61.7,0
2026-08-23 17:01:16.020,925.7,12.510,0.210,2.130,80.8,659.6,0.7532,60.44,329.6,0.95,266.4,61.7,0
2026-08-23 17:01:17.085,926.8,12.510,0.370,4.600,80.8,659.6,0.7546,60.55,329.2,0.95,265.5,61.7,0
2026-08-23 17:01:18.162,927.9,12.510,0.340,4.260,80.8,659.6,0.7558,60.65,329.4,0.95,265.7,61.7,0
2026-08-23 17:01:19.198,928.9,12.510,0.230,2.870,80.8,659.6,0.7567,60.72,330.0,0.95,266.3,61.7,0
2026-08-23 17:01:20.205,929.9,12.500,0.210,2.710,80.0,652.8,0.7574,60.77,328.9,0.95,265.2,61.7,0
2026-08-23 17:01:21.246,931.0,12.500,0.180,2.310,80.0,652.8,0.7581,60.83,328.8,0.95,265.6,61.7,0
2026-08-23 17:01:22.283,932.0,12.510,0.210,3.300,80.8,659.6,0.7590,60.89,328.6,0.95,265.8,61.7,0
2026-08-23 17:01:23.320,933.0,12.510,0.250,3.130,80.8,659.6,0.7599,60.96,328.5,0.95,264.6,61.1,0
2026-08-23 17:01:24.404,934.1,12.510,0.300,3.800,80.8,659.6,0.7611,61.05,328.8,0.95,265.9,61.1,0
2026-08-23 17:01:25.425,935.1,12.510,0.270,3.330,80.8,659.6,0.7620,61.13,330.0,0.95,267.5,61.7,0
2026-08-23 17:01:26.546,936.3,12.510,0.260,2.960,80.8,659.6,0.7629,61.21,330.2,0.95,267.2,61.7,0
2026-08-23 17:01:27.588,937.3,12.500,0.160,2.590,80.0,652.8,0.7637,61.25,329.1,0.95,265.4,61.7,0
2026-08-23 17:01:28.595,938.3,12.510,0.310,3.650,80.8,659.6,0.7647,61.34,329.1,0.95,265.9,61.7,0
2026-08-23 17:01:29.630,939.3,12.510,0.230,2.890,80.8,659.6,0.7655,61.41,329.1,0.95,265.5,62.2,0
2026-08-23 17:01:30.670,940.4,12.510,0.350,3.580,80.8,659.6,0.7666,61.51,328.5,0.95,265.0,61.7,0
2026-08-23 17:01:31.705,941.4,12.510,0.270,3.380,80.8,659.6,0.7676,61.58,328.7,0.95,265.1,61.7,0
2026-08-23 17:01:32.827,942.5,12.510,0.250,3.490,80.8,659.6,0.7686,61.66,329.5,0.95,266.3,61.7,0
2026-08-23 17:01:33.864,943.6,12.510,0.230,2.840,80.8,659.6,0.7695,61.73,329.6,0.95,267.1,61.7,0
2026-08-23 17:01:34.901,944.6,12.510,0.190,2.440,80.8,659.6,0.7702,61.78,329.0,0.95,265.2,61.7,0
2026-08-23 17:01:35.907,945.6,12.500,0.210,2.650,80.0,652.8,0.7709,61.84,328.7,0.95,265.3,61.7,0
2026-08-23 17:01:37.028,946.7,12.510,0.170,2.810,80.8,659.6,0.7718,61.90,330.2,0.95,267.7,61.7,0
2026-08-23 17:01:38.148,947.9,12.510,0.390,4.940,80.8,659.6,0.7733,62.02,330.2,0.95,267.8,61.7,0
2026-08-23 17:01:39.170,948.9,12.510,0.190,2.340,80.8,659.6,0.7740,62.07,330.1,0.95,267.2,61.7,0
2026-08-23 17:01:40.177,949.9,12.510,0.250,3.340,80.8,659.6,0.7749,62.14,328.6,0.95,265.2,61.7,0
2026-08-23 17:01:41.212,950.9,12.510,0.210,2.220,80.8,659.6,0.7755,62.20,328.9,0.95,265.5,62.2,0
2026-08-23 17:01:42.215,951.9,12.510,0.220,2.790,80.8,659.6,0.7763,62.26,329.3,0.95,266.0,61.7,0
2026-08-23 17:01:43.251,953.0,12.510,0.240,3.000,80.8,659.6,0.7772,62.33,328.7,0.95,265.1,61.7,0
2026-08-23 17:01:44.274,954.0,12.510,0.320,3.300,80.8,659.6,0.7781,62.42,329.3,0.95,266.1,61.7,0
2026-08-23 17:01:45.343,955.1,12.500,0.150,2.460,80.0,652.8,0.7789,62.47,329.6,0.95,265.8,61.7,0
2026-08-23 17:01:46.409,956.1,12.510,0.290,3.600,80.8,659.6,0.7799,62.55,328.4,0.95,264.8,61.7,0
2026-08-23 17:01:47.444,957.2,12.500,0.160,2.460,80.0,652.8,0.7806,62.60,328.8,0.95,265.1,61.7,0
2026-08-23 17:01:48.518,958.2,12.510,0.320,3.910,80.8,659.6,0.7818,62.69,330.4,0.96,268.7,62.2,0
2026-08-23 17:01:49.556,959.3,12.510,0.240,2.630,80.8,659.6,0.7826,62.76,329.8,0.95,267.5,61.7,0
2026-08-23 17:01:50.610,960.3,12.510,0.360,4.560,80.8,659.6,0.7839,62.87,329.9,0.95,267.2,61.7,0
2026-08-23 17:01:51.612,961.3,12.510,0.270,3.280,80.8,659.6,0.7848,62.94,329.4,0.95,266.0,62.2,0
2026-08-23 17:01:52.678,962.4,12.510,0.310,3.870,80.8,659.6,0.7859,63.04,329.6,0.95,266.4,62.2,0
2026-08-23 17:01:53.713,963.4,12.500,0.160,2.450,80.0,652.8,0.7867,63.08,329.6,0.95,265.9,61.7,0
2026-08-23 17:01:54.753,964.5,12.510,0.360,3.820,80.8,659.6,0.7878,63.19,330.7,0.95,268.3,61.7,0
2026-08-23 17:01:55.789,965.5,12.510,0.200,2.500,80.8,659.6,0.7885,63.24,329.2,0.95,266.5,61.7,0
2026-08-23 17:01:56.788,966.5,12.510,0.380,4.790,80.8,659.6,0.7898,63.35,328.1,0.95,264.0,61.7,0
2026-08-23 17:01:57.828,967.5,12.510,0.230,2.890,80.8,659.6,0.7906,63.42,329.0,0.95,266.3,61.7,0
2026-08-23 17:01:58.864,968.6,12.510,0.230,2.870,80.8,659.6,0.7915,63.48,329.1,0.95,266.1,61.1,0
2026-08-23 17:01:59.930,969.6,12.510,0.230,2.440,80.8,659.6,0.7922,63.55,329.3,0.95,266.4,61.7,0
2026-08-23 17:02:00.948,970.7,12.510,0.260,3.910,80.8,659.6,0.7933,63.62,330.2,0.95,267.6,61.7,0
2026-08-23 17:02:02.002,971.7,12.510,0.230,2.770,80.8,659.6,0.7941,63.69,329.3,0.95,266.4,61.7,0
2026-08-23 17:02:03.026,972.7,12.510,0.330,4.590,80.8,659.6,0.7954,63.78,330.8,0.96,269.4,61.7,0
2026-08-23 17:02:04.095,973.8,12.510,0.270,2.860,80.8,659.6,0.7963,63.86,329.0,0.95,265.4,61.7,0
2026-08-23 17:02:05.189,974.9,12.510,0.270,3.320,80.8,659.6,0.7973,63.95,330.1,0.95,266.4,61.7,0
2026-08-23 17:02:06.281,976.0,12.510,0.210,2.980,80.8,659.6,0.7982,64.01,329.2,0.95,265.8,62.2,0
2026-08-23 17:02:07.347,977.1,12.500,0.120,2.060,80.0,652.8,0.7988,64.05,329.6,0.95,266.6,61.7,0
2026-08-23 17:02:08.383,978.1,12.510,0.230,2.910,80.8,659.6,0.7996,64.11,329.3,0.95,266.1,61.7,0
2026-08-23 17:02:09.386,979.1,12.510,0.310,3.840,80.8,659.6,0.8007,64.20,330.4,0.96,268.5,61.7,0
2026-08-23 17:02:10.423,980.1,12.510,0.310,3.290,80.8,659.6,0.8016,64.29,328.9,0.95,266.0,61.7,0
2026-08-23 17:02:11.459,981.2,12.510,0.280,3.530,80.8,659.6,0.8027,64.37,328.8,0.95,264.9,61.7,0
2026-08-23 17:02:12.534,982.2,12.510,0.260,2.420,80.8,659.6,0.8034,64.45,329.4,0.95,266.3,61.7,0
2026-08-23 17:02:13.618,983.3,12.500,0.140,2.390,80.0,652.8,0.8041,64.49,330.3,0.95,267.4,61.7,0
2026-08-23 17:02:14.671,984.4,12.500,0.190,2.320,80.0,652.8,0.8048,64.54,329.0,0.95,265.6,61.7,0
2026-08-23 17:02:15.719,985.4,12.510,0.220,2.750,80.8,659.6,0.8056,64.61,329.1,0.95,266.3,61.7,0
2026-08-23 17:02:16.785,986.5,12.510,0.370,4.020,80.8,659.6,0.8068,64.72,328.9,0.95,265.4,61.7,0
2026-08-23 17:02:17.820,987.5,12.510,0.220,2.770,80.8,659.6,0.8076,64.78,328.8,0.95,265.3,61.7,0
2026-08-23 17:02:18.823,988.5,12.510,0.230,3.170,80.8,659.6,0.8084,64.84,329.7,0.95,266.6,61.7,0
2026-08-23 17:02:19.858,989.6,12.500,0.140,1.710,80.0,652.8,0.8089,64.88,328.7,0.95,265.4,61.7,0
2026-08-23 17:02:20.924,990.6,12.510,0.140,1.770,80.8,659.6,0.8095,64.93,329.3,0.95,265.6,61.7,0
2026-08-23 17:02:22.016,991.7,12.510,0.240,2.880,80.8,659.6,0.8103,65.00,328.0,0.95,264.5,61.7,0
2026-08-23 17:02:23.052,992.8,12.510,0.350,4.910,80.8,659.6,0.8117,65.10,329.8,0.95,266.3,61.7,0
2026-08-23 17:02:24.089,993.8,12.510,0.250,3.100,80.8,659.6,0.8126,65.17,329.2,0.95,265.8,61.7,0
2026-08-23 17:02:25.173,994.9,12.510,0.310,3.930,80.8,659.6,0.8138,65.27,329.1,0.95,266.1,61.7,0
2026-08-23 17:02:26.264,996.0,12.510,0.210,2.640,80.8,659.6,0.8146,65.33,330.6,0.96,269.0,61.7,0
2026-08-23 17:02:27.289,997.0,12.510,0.210,2.360,80.8,659.6,0.8153,65.39,329.8,0.95,267.0,61.7,0
2026-08-23 17:02:28.332,998.0,12.510,0.210,2.650,80.8,659.6,0.8161,65.45,329.2,0.95,265.8,61.7,0
2026-08-23 17:02:29.354,999.1,12.510,0.340,4.250,80.8,659.6,0.8173,65.55,329.1,0.95,265.8,61.7,0
2026-08-23 17:02:30.389,1000.1,12.510,0.240,3.030,80.8,659.6,0.8181,65.61,329.1,0.95,266.0,61.7,0
2026-08-23 17:02:31.429,1001.1,12.500,0.250,3.630,80.0,652.8,0.8192,65.69,328.5,0.95,265.0,62.2,0
2026-08-23 17:02:32.466,1002.2,12.510,0.190,2.370,80.8,659.6,0.8199,65.74,329.1,0.95,265.2,62.2,0
2026-08-23 17:02:33.616,1003.3,12.510,0.160,2.430,80.8,659.6,0.8207,65.79,328.5,0.95,264.7,61.7,0
2026-08-23 17:02:34.682,1004.4,12.510,0.250,3.220,80.8,659.6,0.8216,65.87,329.6,0.95,266.5,61.7,0
2026-08-23 17:02:35.719,1005.4,12.510,0.240,2.950,80.8,659.6,0.8225,65.94,329.1,0.95,266.0,61.7,0
2026-08-23 17:02:36.794,1006.5,12.510,0.280,3.490,80.8,659.6,0.8235,66.02,329.5,0.95,265.7,61.7,0
2026-08-23 17:02:37.878,1007.6,12.510,0.240,2.360,80.8,659.6,0.8242,66.09,330.4,0.96,268.4,61.7,0
2026-08-23 17:02:38.969,1008.7,12.510,0.240,3.060,80.8,659.6,0.8251,66.16,330.9,0.96,269.5,61.7,0
2026-08-23 17:02:40.058,1009.8,12.510,0.200,2.550,80.8,659.6,0.8259,66.23,329.3,0.95,266.4,61.7,0
2026-08-23 17:02:41.092,1010.8,12.510,0.210,2.210,80.8,659.6,0.8265,66.29,329.0,0.95,265.6,61.7,0
2026-08-23 17:02:42.158,1011.9,12.510,0.250,2.910,80.8,659.6,0.8274,66.36,329.3,0.95,265.8,62.2,0
2026-08-23 17:02:43.249,1013.0,12.510,0.260,3.310,80.8,659.6,0.8284,66.44,328.2,0.95,264.8,61.7,0
2026-08-23 17:02:44.271,1014.0,12.510,0.320,3.880,80.8,659.6,0.8295,66.53,329.1,0.95,265.5,61.7,0
2026-08-23 17:02:45.308,1015.0,12.510,0.210,2.640,80.8,659.6,0.8303,66.59,329.1,0.95,266.1,62.2,0
2026-08-23 17:02:46.377,1016.1,12.510,0.240,3.680,80.8,659.6,0.8314,66.66,328.8,0.95,264.9,61.7,0
2026-08-23 17:02:47.444,1017.2,12.500,0.150,1.910,80.0,652.8,0.8319,66.71,329.7,0.95,266.7,61.7,0
2026-08-23 17:02:48.480,1018.2,12.510,0.290,4.320,80.8,659.6,0.8332,66.79,329.0,0.95,265.9,61.7,0
2026-08-23 17:02:49.571,1019.3,12.500,0.150,2.560,80.0,652.8,0.8339,66.83,328.7,0.95,265.1,61.7,0
2026-08-23 17:02:50.640,1020.4,12.510,0.340,3.830,80.8,659.6,0.8351,66.94,329.9,0.95,267.5,62.2,0
2026-08-23 17:02:51.662,1021.4,12.510,0.270,3.850,80.8,659.6,0.8362,67.01,330.5,0.96,268.4,61.7,0
2026-08-23 17:02:52.700,1022.4,12.510,0.300,3.170,80.8,659.6,0.8371,67.10,328.9,0.95,265.5,61.7,0
2026-08-23 17:02:53.781,1023.5,12.510,0.220,2.690,80.8,659.6,0.8379,67.16,329.0,0.95,265.2,61.7,0
2026-08-23 17:02:54.871,1024.6,12.510,0.260,3.200,80.8,659.6,0.8389,67.24,328.9,0.95,265.3,61.7,0
2026-08-23 17:02:55.879,1025.6,12.510,0.190,2.350,80.8,659.6,0.8395,67.30,327.8,0.95,264.1,61.7,0
2026-08-23 17:02:56.916,1026.6,12.510,0.180,3.030,80.8,659.6,0.8404,67.35,329.6,0.95,266.6,61.7,0
2026-08-23 17:02:57.986,1027.7,12.520,0.390,4.890,81.7,666.4,0.8419,67.46,328.9,0.95,265.6,61.7,0
2026-08-23 17:02:58.985,1028.7,12.510,0.260,3.250,80.8,659.6,0.8428,67.54,330.5,0.95,267.9,61.7,0
2026-08-23 17:03:00.052,1029.8,12.510,0.170,2.100,80.8,659.6,0.8434,67.59,329.7,0.95,266.3,61.7,0
2026-08-23 17:03:01.098,1030.8,12.500,0.180,2.520,80.0,652.8,0.8441,67.64,328.4,0.95,264.9,61.7,0
2026-08-23 17:03:02.182,1031.9,12.510,0.310,3.820,80.8,659.6,0.8453,67.73,330.6,0.96,268.9,61.7,0
2026-08-23 17:03:03.206,1032.9,12.510,0.270,3.340,80.8,659.6,0.8462,67.81,330.0,0.95,267.0,61.7,0
2026-08-23 17:03:04.254,1034.0,12.510,0.340,4.210,80.8,659.6,0.8474,67.91,329.5,0.95,267.0,61.7,0
2026-08-23 17:03:05.290,1035.0,12.510,0.260,3.210,80.8,659.6,0.8484,67.98,328.9,0.95,265.2,61.7,0
2026-08-23 17:03:06.385,1036.1,12.510,0.300,3.030,80.8,659.6,0.8493,68.07,330.3,0.95,266.6,61.7,0
2026-08-23 17:03:07.425,1037.1,12.500,0.140,1.740,80.0,652.8,0.8498,68.11,329.3,0.95,266.2,61.7,0
2026-08-23 17:03:08.461,1038.2,12.510,0.250,3.610,80.8,659.6,0.8508,68.19,328.9,0.95,265.3,61.7,0
2026-08-23 17:03:09.527,1039.2,12.510,0.190,2.360,80.8,659.6,0.8515,68.24,328.9,0.95,265.4,61.7,0
2026-08-23 17:03:10.618,1040.3,12.510,0.260,2.640,80.8,659.6,0.8523,68.32,328.8,0.95,265.0,61.7,0
2026-08-23 17:03:11.654,1041.4,12.510,0.280,4.150,80.8,659.6,0.8535,68.40,329.7,0.95,266.4,61.7,0
2026-08-23 17:03:12.691,1042.4,12.510,0.260,3.100,80.8,659.6,0.8544,68.48,329.5,0.95,266.3,61.7,0
2026-08-23 17:03:13.775,1043.5,12.510,0.240,3.040,80.8,659.6,0.8553,68.55,329.0,0.95,266.0,62.2,0
2026-08-23 17:03:14.866,1044.6,12.510,0.210,2.680,80.8,659.6,0.8561,68.61,330.5,0.96,268.6,61.7,0
2026-08-23 17:03:15.891,1045.6,12.510,0.280,3.490,80.8,659.6,0.8571,68.69,329.4,0.95,266.5,61.7,0
2026-08-23 17:03:16.934,1046.6,12.510,0.240,2.970,80.8,659.6,0.8580,68.76,330.1,0.95,266.5,61.7,0
2026-08-23 17:03:17.941,1047.7,12.510,0.310,3.820,80.8,659.6,0.8591,68.85,329.2,0.95,266.2,61.7,0
2026-08-23 17:03:18.976,1048.7,12.510,0.250,3.200,80.8,659.6,0.8600,68.92,329.1,0.95,265.5,61.7,0
2026-08-23 17:03:20.017,1049.7,12.510,0.270,3.220,80.8,659.6,0.8609,69.00,328.8,0.95,265.5,61.7,0
2026-08-23 17:03:21.053,1050.8,12.510,0.190,1.900,80.8,659.6,0.8615,69.05,328.7,0.95,265.2,61.7,0
2026-08-23 17:03:22.088,1051.8,12.510,0.180,2.240,80.8,659.6,0.8621,69.11,328.9,0.95,265.3,61.7,0
2026-08-23 17:03:23.127,1052.8,12.510,0.260,2.530,80.8,659.6,0.8628,69.18,329.0,0.95,265.5,61.7,0
2026-08-23 17:03:24.208,1053.9,12.510,0.310,4.630,80.8,659.6,0.8642,69.27,329.1,0.95,265.6,61.7,0
2026-08-23 17:03:25.362,1055.1,12.510,0.280,3.450,80.8,659.6,0.8653,69.36,330.0,0.95,266.5,61.7,0
2026-08-23 17:03:26.416,1056.1,12.510,0.290,2.930,80.8,659.6,0.8662,69.45,330.0,0.96,267.9,61.7,0
2026-08-23 17:03:27.455,1057.2,12.510,0.240,2.990,80.8,659.6,0.8670,69.52,329.3,0.95,266.0,61.7,0
2026-08-23 17:03:28.531,1058.2,12.510,0.200,2.530,80.8,659.6,0.8678,69.58,329.5,0.95,267.2,61.7,0
2026-08-23 17:03:29.626,1059.3,12.510,0.220,2.750,80.8,659.6,0.8686,69.64,329.6,0.95,266.0,61.7,0
2026-08-23 17:03:30.692,1060.4,12.510,0.230,3.560,80.8,659.6,0.8697,69.71,329.3,0.95,266.1,61.7,0
2026-08-23 17:03:31.761,1061.5,12.510,0.240,3.010,80.8,659.6,0.8706,69.78,330.1,0.95,266.8,61.7,0
2026-08-23 17:03:32.761,1062.5,12.510,0.310,4.120,80.8,659.6,0.8717,69.87,329.6,0.95,266.0,61.7,0
2026-08-23 17:03:33.783,1063.5,12.510,0.210,2.580,80.8,659.6,0.8725,69.93,329.2,0.95,266.0,61.7,0
2026-08-23 17:03:34.838,1064.6,12.510,0.240,3.000,80.8,659.6,0.8733,70.00,329.2,0.95,265.7,61.7,0
2026-08-23 17:03:35.838,1065.6,12.500,0.140,1.700,80.0,652.8,0.8738,70.04,329.5,0.95,265.9,61.7,0
2026-08-23 17:03:36.860,1066.6,12.510,0.180,2.390,80.8,659.6,0.8745,70.09,329.2,0.95,265.8,61.7,0
2026-08-23 17:03:37.909,1067.6,12.510,0.360,4.470,80.8,659.6,0.8758,70.19,329.6,0.95,266.9,61.7,0
2026-08-23 17:03:38.927,1068.6,12.510,0.220,3.540,80.8,659.6,0.8768,70.26,330.4,0.96,269.1,61.7,0
2026-08-23 17:03:39.988,1069.7,12.510,0.280,3.550,80.8,659.6,0.8778,70.34,329.6,0.95,267.0,61.7,0
2026-08-23 17:03:41.028,1070.7,12.510,0.210,2.570,80.8,659.6,0.8786,70.40,330.1,0.96,268.5,61.7,0
2026-08-23 17:03:42.064,1071.8,12.510,0.170,2.770,80.8,659.6,0.8794,70.45,328.9,0.95,265.5,62.2,0
2026-08-23 17:03:43.070,1072.8,12.510,0.190,2.330,80.8,659.6,0.8800,70.50,328.6,0.95,265.0,61.7,0
2026-08-23 17:03:44.140,1073.9,12.510,0.370,4.540,80.8,659.6,0.8814,70.61,329.0,0.95,265.9,61.7,0
2026-08-23 17:03:45.206,1074.9,12.510,0.310,4.160,80.8,659.6,0.8826,70.70,329.7,0.95,266.6,61.7,0
2026-08-23 17:03:46.243,1076.0,12.510,0.250,3.170,80.8,659.6,0.8835,70.78,329.4,0.95,266.4,61.7,0
2026-08-23 17:03:47.283,1077.0,12.510,0.190,3.100,80.8,659.6,0.8844,70.83,328.6,0.95,265.2,61.7,0
2026-08-23 17:03:48.320,1078.0,12.510,0.160,1.950,80.8,659.6,0.8850,70.88,329.8,0.95,267.1,61.7,0
2026-08-23 17:03:49.356,1079.1,12.510,0.210,2.570,80.8,659.6,0.8857,70.94,329.4,0.95,266.4,61.7,0
2026-08-23 17:03:50.359,1080.1,12.510,0.320,4.010,80.8,659.6,0.8868,71.03,330.8,0.96,269.1,61.7,0
2026-08-23 17:03:51.381,1081.1,12.500,0.230,2.870,80.0,652.8,0.8877,71.09,330.5,0.96,268.6,61.7,0
2026-08-23 17:03:52.472,1082.2,12.510,0.260,3.230,80.8,659.6,0.8886,71.17,331.0,0.96,269.7,61.1,0
2026-08-23 17:03:53.484,1083.2,12.510,0.160,2.020,80.8,659.6,0.8892,71.22,328.7,0.95,264.7,61.7,0
2026-08-23 17:03:54.549,1084.3,12.510,0.160,2.370,80.8,659.6,0.8899,71.26,329.9,0.95,267.0,61.7,0
2026-08-23 17:03:55.585,1085.3,12.510,0.170,2.110,80.8,659.6,0.8905,71.31,329.4,0.95,266.7,61.7,0
2026-08-23 17:03:56.625,1086.3,12.510,0.350,4.340,80.8,659.6,0.8918,71.41,329.0,0.95,266.0,61.7,0
2026-08-23 17:03:57.662,1087.4,12.510,0.250,3.340,80.8,659.6,0.8927,71.48,329.5,0.95,266.3,61.7,0
2026-08-23 17:03:58.698,1088.4,12.510,0.250,3.070,80.8,659.6,0.8936,71.56,329.2,0.95,265.5,61.7,0
2026-08-23 17:03:59.738,1089.5,12.510,0.140,1.790,80.8,659.6,0.8941,71.60,329.4,0.95,265.8,61.7,0
2026-08-23 17:04:00.774,1090.5,12.510,0.200,2.450,80.8,659.6,0.8948,71.65,328.6,0.95,265.1,61.7,0
2026-08-23 17:04:01.809,1091.5,12.510,0.210,2.610,80.8,659.6,0.8956,71.72,328.9,0.95,265.5,61.7,0
2026-08-23 17:04:02.904,1092.6,12.510,0.320,3.390,80.8,659.6,0.8966,71.81,330.0,0.96,267.9,61.7,0
2026-08-23 17:04:03.922,1093.6,12.510,0.260,3.220,80.8,659.6,0.8975,71.89,330.8,0.96,268.9,61.7,0
2026-08-23 17:04:04.968,1094.7,12.510,0.240,3.370,80.8,659.6,0.8985,71.96,330.3,0.95,267.9,61.7,0
2026-08-23 17:04:06.004,1095.7,12.510,0.250,2.440,80.8,659.6,0.8992,72.03,329.1,0.95,266.1,61.7,0
2026-08-23 17:04:07.040,1096.8,12.510,0.180,1.560,80.8,659.6,0.8997,72.08,328.9,0.95,265.4,61.7,0
2026-08-23 17:04:08.080,1097.8,12.510,0.210,2.570,80.8,659.6,0.9004,72.14,328.9,0.95,265.4,61.7,0
2026-08-23 17:04:09.102,1098.8,12.510,0.270,3.410,80.8,659.6,0.9014,72.22,329.1,0.95,265.5,61.7,0
2026-08-23 17:04:10.124,1099.8,12.510,0.220,3.460,80.8,659.6,0.9023,72.28,329.3,0.95,266.0,61.7,0
2026-08-23 17:04:11.194,1100.9,12.510,0.260,3.200,80.8,659.6,0.9033,72.36,328.8,0.95,265.3,61.7,0
2026-08-23 17:04:12.260,1102.0,12.510,0.190,3.100,80.8,659.6,0.9042,72.41,329.0,0.95,266.1,61.7,0
2026-08-23 17:04:13.297,1103.0,12.500,0.130,1.630,80.0,652.8,0.9047,72.45,329.7,0.95,266.6,61.7,0
2026-08-23 17:04:14.372,1104.1,12.510,0.200,2.460,80.8,659.6,0.9054,72.51,329.7,0.95,266.3,61.7,0
2026-08-23 17:04:15.456,1105.2,12.510,0.210,2.870,80.8,659.6,0.9063,72.57,329.8,0.95,267.6,61.7,0
2026-08-23 17:04:16.546,1106.3,12.520,0.390,4.850,81.7,666.4,0.9078,72.69,330.1,0.95,267.6,61.7,0
2026-08-23 17:04:17.594,1107.3,12.510,0.200,2.540,80.8,659.6,0.9085,72.75,329.5,0.95,266.9,61.7,0
2026-08-23 17:04:18.660,1108.4,12.510,0.280,3.550,80.8,659.6,0.9095,72.83,328.9,0.95,265.4,61.7,0
2026-08-23 17:04:19.695,1109.4,12.510,0.190,2.400,80.8,659.6,0.9102,72.89,329.1,0.95,265.4,61.7,0
2026-08-23 17:04:20.698,1110.4,12.510,0.340,3.540,80.8,659.6,0.9112,72.98,330.4,0.95,267.0,61.7,0
2026-08-23 17:04:21.697,1111.4,12.510,0.280,3.170,80.8,659.6,0.9121,73.06,329.3,0.95,265.6,61.7,0
2026-08-23 17:04:22.705,1112.4,12.510,0.270,3.130,80.8,659.6,0.9130,73.13,329.2,0.95,266.3,61.7,0
2026-08-23 17:04:23.774,1113.5,12.510,0.220,2.760,80.8,659.6,0.9138,73.20,328.7,0.95,265.8,61.7,0
2026-08-23 17:04:24.840,1114.6,12.510,0.230,2.100,80.8,659.6,0.9144,73.27,329.4,0.95,266.0,62.2,0
2026-08-23 17:04:25.875,1115.6,12.510,0.220,2.700,80.8,659.6,0.9152,73.33,329.1,0.95,265.9,61.7,0
2026-08-23 17:04:26.912,1116.6,12.500,0.190,1.970,80.0,652.8,0.9158,73.39,330.8,0.96,268.6,61.7,0
2026-08-23 17:04:28.033,1117.7,12.510,0.200,2.480,80.8,659.6,0.9165,73.45,329.7,0.95,266.6,61.7,0
2026-08-23 17:04:29.153,1118.9,12.510,0.250,3.580,80.8,659.6,0.9176,73.53,330.1,0.95,267.4,61.7,0
2026-08-23 17:04:30.196,1119.9,12.510,0.270,4.170,80.8,659.6,0.9189,73.60,329.2,0.95,265.7,61.7,0
2026-08-23 17:04:31.203,1120.9,12.510,0.320,3.550,80.8,659.6,0.9199,73.69,328.9,0.95,266.0,61.7,0
2026-08-23 17:04:32.238,1122.0,12.500,0.190,2.390,80.0,652.8,0.9205,73.75,329.1,0.95,265.6,61.7,0
2026-08-23 17:04:33.279,1123.0,12.510,0.240,3.050,80.8,659.6,0.9214,73.82,329.1,0.95,265.7,61.7,0
2026-08-23 17:04:34.314,1124.0,12.510,0.200,2.120,80.8,659.6,0.9220,73.88,329.4,0.95,265.8,61.7,0
2026-08-23 17:04:35.313,1125.0,12.510,0.350,4.410,80.8,659.6,0.9233,73.97,329.5,0.95,265.8,61.7,0
2026-08-23 17:04:36.352,1126.1,12.510,0.190,2.340,80.8,659.6,0.9239,74.03,328.8,0.95,265.3,61.7,0
2026-08-23 17:04:37.418,1127.1,12.510,0.270,3.680,80.8,659.6,0.9250,74.11,328.7,0.95,265.3,61.7,0
2026-08-23 17:04:38.483,1128.2,12.510,0.250,3.180,80.8,659.6,0.9260,74.18,329.5,0.95,266.3,61.7,0
2026-08-23 17:04:39.522,1129.2,12.510,0.190,2.320,80.8,659.6,0.9266,74.24,329.0,0.95,265.3,61.7,0
2026-08-23 17:04:40.546,1130.3,12.510,0.210,2.610,80.8,659.6,0.9274,74.30,329.6,0.95,267.2,61.7,0
2026-08-23 17:04:41.587,1131.3,12.510,0.340,3.360,80.8,659.6,0.9283,74.39,330.7,0.96,269.2,61.7,0
2026-08-23 17:04:42.622,1132.3,12.510,0.290,3.590,80.8,659.6,0.9294,74.48,329.9,0.95,266.1,62.2,0
2026-08-23 17:04:43.687,1133.4,12.510,0.220,3.250,80.8,659.6,0.9303,74.54,330.1,0.95,267.5,61.7,0
2026-08-23 17:04:44.757,1134.5,12.510,0.220,2.500,80.8,659.6,0.9311,74.61,329.0,0.95,265.0,61.7,0
2026-08-23 17:04:45.823,1135.5,12.510,0.180,2.670,80.8,659.6,0.9319,74.66,330.0,0.95,267.2,61.7,0
2026-08-23 17:04:46.859,1136.6,12.520,0.340,3.490,81.7,666.4,0.9329,74.76,329.0,0.95,266.1,61.7,0
2026-08-23 17:04:47.928,1137.6,12.510,0.220,2.230,80.8,659.6,0.9335,74.82,330.3,0.95,268.1,61.7,0
2026-08-23 17:04:48.994,1138.7,12.520,0.380,4.810,81.7,666.4,0.9350,74.94,329.4,0.95,266.3,61.7,0
2026-08-23 17:04:50.030,1139.7,12.510,0.250,3.180,80.8,659.6,0.9359,75.01,329.1,0.95,265.8,62.2,0
2026-08-23 17:04:51.080,1140.8,12.500,0.240,3.020,80.0,652.8,0.9368,75.08,329.6,0.95,266.4,61.7,0
2026-08-23 17:04:52.105,1141.8,12.500,0.280,2.730,80.0,652.8,0.9375,75.16,330.3,0.96,268.2,62.2,0
2026-08-23 17:04:53.122,1142.8,12.510,0.170,1.690,80.8,659.6,0.9380,75.21,330.6,0.96,269.1,61.7,0
2026-08-23 17:04:54.190,1143.9,12.510,0.230,2.500,80.8,659.6,0.9388,75.28,329.1,0.95,266.3,62.2,0
2026-08-23 17:04:55.226,1144.9,12.510,0.220,2.800,80.8,659.6,0.9396,75.34,329.0,0.95,266.1,61.7,0
2026-08-23 17:04:56.262,1146.0,12.510,0.300,3.070,80.8,659.6,0.9404,75.42,329.0,0.95,265.5,61.7,0
2026-08-23 17:04:57.302,1147.0,12.510,0.280,2.810,80.8,659.6,0.9413,75.51,328.6,0.95,265.3,61.7,0
2026-08-23 17:04:58.301,1148.0,12.510,0.240,2.950,80.8,659.6,0.9421,75.57,330.4,0.95,268.0,61.7,0
2026-08-23 17:04:59.368,1149.1,12.510,0.180,2.260,80.8,659.6,0.9427,75.63,329.3,0.95,266.5,61.7,0
2026-08-23 17:05:00.377,1150.1,12.510,0.220,2.810,80.8,659.6,0.9435,75.69,329.1,0.95,266.2,61.7,0
2026-08-23 17:05:01.473,1151.2,12.510,0.220,2.760,80.8,659.6,0.9444,75.75,329.3,0.95,265.5,61.7,0
2026-08-23 17:05:02.540,1152.3,12.520,0.390,4.060,81.7,666.4,0.9456,75.87,329.1,0.95,265.7,61.7,0
2026-08-23 17:05:03.560,1153.3,12.510,0.180,2.250,80.8,659.6,0.9462,75.92,330.8,0.96,268.8,61.7,0
2026-08-23 17:05:04.581,1154.3,12.510,0.250,2.800,80.8,659.6,0.9470,75.99,329.9,0.95,267.0,61.7,0
2026-08-23 17:05:05.635,1155.3,12.510,0.190,2.390,80.8,659.6,0.9477,76.05,329.8,0.95,266.8,61.7,0
2026-08-23 17:05:06.704,1156.4,12.510,0.180,2.290,80.8,659.6,0.9484,76.10,329.1,0.95,265.4,61.7,0
2026-08-23 17:05:07.769,1157.5,12.510,0.230,2.930,80.8,659.6,0.9493,76.17,328.9,0.95,265.6,61.7,0
2026-08-23 17:05:08.860,1158.6,12.510,0.330,4.890,80.8,659.6,0.9507,76.27,328.9,0.95,265.6,61.7,0
2026-08-23 17:05:09.926,1159.6,12.510,0.260,3.200,80.8,659.6,0.9517,76.35,329.6,0.95,266.8,61.7,0
2026-08-23 17:05:10.962,1160.7,12.510,0.240,2.990,80.8,659.6,0.9525,76.42,329.2,0.95,265.5,61.7,0
2026-08-23 17:05:11.965,1161.7,12.510,0.220,2.750,80.8,659.6,0.9533,76.48,328.9,0.95,265.9,61.7,0
2026-08-23 17:05:12.973,1162.7,12.510,0.190,2.710,80.8,659.6,0.9541,76.53,329.1,0.95,265.5,61.7,0
2026-08-23 17:05:14.010,1163.7,12.510,0.200,2.190,80.8,659.6,0.9547,76.59,329.0,0.95,266.0,61.7,0
2026-08-23 17:05:15.086,1164.8,12.510,0.370,4.280,80.8,659.6,0.9560,76.70,328.4,0.95,264.8,61.7,0
2026-08-23 17:05:16.111,1165.8,12.510,0.250,2.750,80.8,659.6,0.9568,76.77,329.9,0.96,267.8,61.7,0
2026-08-23 17:05:17.132,1166.8,12.510,0.250,3.140,80.8,659.6,0.9576,76.84,330.4,0.95,268.0,61.7,0
2026-08-23 17:05:18.184,1167.9,12.510,0.140,2.310,80.8,659.6,0.9583,76.88,329.7,0.95,266.8,61.7,0
2026-08-23 17:05:19.219,1168.9,12.510,0.160,2.410,80.8,659.6,0.9590,76.93,328.6,0.95,265.2,61.7,0
2026-08-23 17:05:20.240,1170.0,12.510,0.260,3.010,80.8,659.6,0.9599,77.00,328.8,0.95,265.6,61.7,0
2026-08-23 17:05:21.265,1171.0,12.510,0.320,3.830,80.8,659.6,0.9610,77.09,329.1,0.95,266.3,62.2,0
2026-08-23 17:05:22.301,1172.0,12.510,0.240,3.020,80.8,659.6,0.9618,77.16,328.6,0.95,265.3,62.2,0
2026-08-23 17:05:23.338,1173.1,12.510,0.190,2.990,80.8,659.6,0.9627,77.22,328.6,0.95,264.4,61.7,0
2026-08-23 17:05:24.378,1174.1,12.510,0.180,2.310,80.8,659.6,0.9634,77.27,329.0,0.95,265.6,61.7,0
2026-08-23 17:05:25.386,1175.1,12.510,0.240,2.540,80.8,659.6,0.9641,77.33,329.3,0.95,266.3,61.7,0
2026-08-23 17:05:26.422,1176.1,12.510,0.280,3.360,80.8,659.6,0.9650,77.42,329.3,0.95,266.0,61.7,0
2026-08-23 17:05:27.472,1177.2,12.510,0.300,4.020,80.8,659.6,0.9662,77.50,330.0,0.95,267.6,61.7,0
2026-08-23 17:05:28.555,1178.3,12.510,0.190,2.360,80.8,659.6,0.9669,77.56,330.8,0.96,269.4,62.2,0
2026-08-23 17:05:29.576,1179.3,12.510,0.190,2.380,80.8,659.6,0.9676,77.61,330.5,0.96,268.6,61.7,0
2026-08-23 17:05:30.624,1180.3,12.510,0.230,2.890,80.8,659.6,0.9684,77.68,329.4,0.95,266.0,61.7,0
2026-08-23 17:05:31.719,1181.4,12.510,0.270,3.200,80.8,659.6,0.9694,77.76,328.4,0.95,264.7,61.7,0
2026-08-23 17:05:32.783,1182.5,12.510,0.230,2.650,80.8,659.6,0.9702,77.83,328.6,0.95,265.2,61.7,0
2026-08-23 17:05:33.874,1183.6,12.510,0.240,3.010,80.8,659.6,0.9711,77.90,329.1,0.95,266.0,61.7,0
2026-08-23 17:05:34.940,1184.7,12.520,0.370,4.270,81.7,666.4,0.9724,78.01,330.1,0.95,267.3,62.2,0
2026-08-23 17:05:35.977,1185.7,12.510,0.170,2.860,80.8,659.6,0.9732,78.06,330.1,0.95,266.2,61.7,0
2026-08-23 17:05:37.017,1186.7,12.510,0.210,2.670,80.8,659.6,0.9740,78.12,329.2,0.95,266.5,61.7,0
2026-08-23 17:05:38.052,1187.8,12.510,0.160,2.040,80.8,659.6,0.9746,78.17,329.3,0.95,266.0,61.7,0
2026-08-23 17:05:39.119,1188.8,12.510,0.280,3.460,80.8,659.6,0.9756,78.25,329.6,0.95,266.4,61.7,0
2026-08-23 17:05:40.147,1189.9,12.510,0.190,2.380,80.8,659.6,0.9763,78.31,329.6,0.95,267.0,61.1,0
2026-08-23 17:05:41.202,1190.9,12.520,0.410,4.710,81.7,666.4,0.9776,78.43,330.6,0.96,269.3,61.7,0
2026-08-23 17:05:42.226,1191.9,12.510,0.210,3.400,80.8,659.6,0.9786,78.49,329.6,0.95,266.4,62.2,0
2026-08-23 17:05:43.295,1193.0,12.510,0.230,3.620,80.8,659.6,0.9797,78.55,328.7,0.95,265.4,61.7,0
2026-08-23 17:05:44.330,1194.0,12.510,0.220,2.710,80.8,659.6,0.9805,78.62,328.5,0.95,265.1,61.7,0
2026-08-23 17:05:45.451,1195.2,12.510,0.160,2.370,80.8,659.6,0.9812,78.67,328.7,0.95,265.4,61.7,0
2026-08-23 17:05:46.488,1196.2,12.510,0.190,2.770,80.8,659.6,0.9820,78.72,329.3,0.95,266.4,61.7,0
2026-08-23 17:05:47.524,1197.2,12.510,0.210,2.630,80.8,659.6,0.9828,78.78,329.0,0.95,265.4,61.7,0
2026-08-23 17:05:48.528,1198.2,12.510,0.290,3.650,80.8,659.6,0.9838,78.86,329.2,0.95,266.1,61.7,0
2026-08-23 17:05:49.550,1199.3,12.510,0.300,3.290,80.8,659.6,0.9847,78.95,329.2,0.95,265.7,61.7,0
2026-08-23 17:05:50.586,1200.3,12.510,0.160,2.420,80.8,659.6,0.9854,78.99,329.2,0.95,265.6,61.7,0
2026-08-23 17:05:51.632,1201.3,12.510,0.190,2.340,80.8,659.6,0.9861,79.05,329.2,0.95,266.0,61.7,0
2026-08-23 17:05:52.653,1202.4,12.510,0.220,2.810,80.8,659.6,0.9869,79.11,330.3,0.95,268.0,61.7,0
2026-08-23 17:05:53.774,1203.5,12.510,0.250,3.120,80.8,659.6,0.9878,79.19,330.0,0.95,267.1,61.7,0
2026-08-23 17:05:54.795,1204.5,12.510,0.260,3.200,80.8,659.6,0.9888,79.26,329.2,0.95,266.2,61.7,0
2026-08-23 17:05:55.802,1205.5,12.510,0.240,3.600,80.8,659.6,0.9898,79.33,329.6,0.95,266.9,61.7,0
2026-08-23 17:05:56.837,1206.6,12.510,0.150,2.350,80.8,659.6,0.9904,79.37,329.3,0.95,265.9,62.2,0
2026-08-23 17:05:57.878,1207.6,12.520,0.320,3.220,81.7,666.4,0.9914,79.47,329.8,0.95,266.4,62.2,0
2026-08-23 17:05:58.886,1208.6,12.510,0.260,2.530,80.8,659.6,0.9921,79.54,329.0,0.95,266.1,61.7,0
2026-08-23 17:05:59.922,1209.6,12.520,0.370,4.680,81.7,666.4,0.9934,79.65,328.8,0.95,265.4,61.7,0
2026-08-23 17:06:00.976,1210.7,12.510,0.240,2.360,80.8,659.6,0.9941,79.72,328.5,0.95,265.1,61.7,0
2026-08-23 17:06:02.042,1211.8,12.510,0.270,3.920,80.8,659.6,0.9953,79.80,329.0,0.95,265.5,62.2,0
2026-08-23 17:06:03.078,1212.8,12.510,0.180,2.270,80.8,659.6,0.9959,79.85,328.9,0.95,265.9,61.7,0
2026-08-23 17:06:04.152,1213.9,12.510,0.170,2.810,80.8,659.6,0.9968,79.90,330.7,0.96,269.2,62.2,0
2026-08-23 17:06:05.190,1214.9,12.510,0.230,2.580,80.8,659.6,0.9975,79.96,329.9,0.95,267.1,62.2,0
2026-08-23 17:06:06.215,1215.9,12.520,0.360,4.480,81.7,666.4,0.9988,80.07,330.0,0.96,267.9,61.7,0
2026-08-23 17:06:07.217,1216.9,12.510,0.230,2.840,80.8,659.6,0.9996,80.13,329.5,0.95,267.0,61.7,0
2026-08-23 17:06:08.252,1218.0,12.520,0.320,3.540,81.7,666.4,1.0006,80.22,329.1,0.95,266.1,61.7,0
2026-08-23 17:06:09.347,1219.1,12.510,0.250,3.660,80.8,659.6,1.0017,80.30,329.1,0.95,266.1,62.2,0
2026-08-23 17:06:10.386,1220.1,12.510,0.160,2.040,80.8,659.6,1.0023,80.35,330.1,0.95,267.0,62.2,0
2026-08-23 17:06:11.452,1221.2,12.510,0.200,2.540,80.8,659.6,1.0030,80.40,329.3,0.95,266.7,61.7,0
2026-08-23 17:06:12.489,1222.2,12.510,0.250,3.140,80.8,659.6,1.0040,80.48,328.4,0.95,265.2,61.7,0
2026-08-23 17:06:13.559,1223.3,12.520,0.360,3.900,81.7,666.4,1.0051,80.58,329.9,0.95,266.0,61.7,0
2026-08-23 17:06:14.567,1224.3,12.510,0.190,2.340,80.8,659.6,1.0058,80.64,329.3,0.95,266.4,62.2,0
2026-08-23 17:06:15.603,1225.3,12.510,0.210,2.570,80.8,659.6,1.0065,80.70,329.4,0.95,266.0,61.7,0
2026-08-23 17:06:16.630,1226.3,12.510,0.160,2.290,80.8,659.6,1.0072,80.74,330.2,0.95,267.9,61.7,0
2026-08-23 17:06:17.651,1227.4,12.510,0.200,2.220,80.8,659.6,1.0078,80.80,330.6,0.95,268.3,61.7,0
2026-08-23 17:06:18.676,1228.4,12.520,0.320,4.690,81.7,666.4,1.0091,80.89,330.3,0.96,268.4,61.7,0
2026-08-23 17:06:19.714,1229.4,12.510,0.280,3.620,80.8,659.6,1.0102,80.97,329.2,0.95,265.7,61.7,0
2026-08-23 17:06:20.779,1230.5,12.510,0.250,3.110,80.8,659.6,1.0111,81.05,329.1,0.95,265.7,61.7,0
2026-08-23 17:06:21.870,1231.6,12.510,0.250,3.160,80.8,659.6,1.0120,81.12,329.5,0.95,266.1,61.7,0
2026-08-23 17:06:22.878,1232.6,12.510,0.170,1.600,80.8,659.6,1.0125,81.17,328.4,0.95,264.7,61.7,0
2026-08-23 17:06:23.915,1233.6,12.510,0.180,2.710,80.8,659.6,1.0133,81.22,329.5,0.95,266.5,61.7,0
2026-08-23 17:06:24.984,1234.7,12.510,0.260,2.620,80.8,659.6,1.0141,81.30,329.4,0.95,265.5,62.2,0
2026-08-23 17:06:26.051,1235.8,12.520,0.370,4.050,81.7,666.4,1.0153,81.41,330.1,0.95,267.3,61.7,0
2026-08-23 17:06:27.087,1236.8,12.510,0.270,3.570,80.8,659.6,1.0163,81.49,329.8,0.95,266.7,61.7,0
2026-08-23 17:06:28.166,1237.9,12.520,0.320,3.180,81.7,666.4,1.0172,81.58,331.5,0.96,270.6,61.7,0
2026-08-23 17:06:29.186,1238.9,12.510,0.210,2.670,80.8,659.6,1.0180,81.64,330.2,0.95,267.7,61.7,0
2026-08-23 17:06:30.210,1239.9,12.510,0.310,3.820,80.8,659.6,1.0191,81.73,329.7,0.95,267.1,61.7,0
2026-08-23 17:06:31.259,1241.0,12.510,0.240,2.980,80.8,659.6,1.0199,81.80,329.8,0.95,267.5,61.7,0
2026-08-23 17:06:32.294,1242.0,12.520,0.380,5.010,81.7,666.4,1.0214,81.91,329.4,0.95,265.9,61.7,0
2026-08-23 17:06:33.331,1243.0,12.510,0.250,2.490,80.8,659.6,1.0221,81.98,329.2,0.95,265.2,61.7,0
2026-08-23 17:06:34.372,1244.1,12.510,0.190,2.360,80.8,659.6,1.0228,82.03,329.8,0.95,266.6,61.7,0
2026-08-23 17:06:35.407,1245.1,12.510,0.170,2.770,80.8,659.6,1.0236,82.08,328.8,0.95,265.5,61.7,0
2026-08-23 17:06:36.473,1246.2,12.510,0.320,3.570,80.8,659.6,1.0246,82.18,329.5,0.95,265.9,61.7,0
2026-08-23 17:06:37.565,1247.3,12.510,0.210,2.560,80.8,659.6,1.0254,82.24,328.8,0.95,265.3,61.7,0
2026-08-23 17:06:38.601,1248.3,12.520,0.360,4.990,81.7,666.4,1.0269,82.35,329.3,0.95,265.8,62.2,0
2026-08-23 17:06:39.623,1249.3,12.510,0.270,3.330,80.8,659.6,1.0278,82.42,328.9,0.95,265.2,61.7,0
2026-08-23 17:06:40.644,1250.4,12.520,0.300,2.940,81.7,666.4,1.0286,82.51,329.5,0.95,266.5,61.7,0
2026-08-23 17:06:41.736,1251.4,12.510,0.130,1.620,80.8,659.6,1.0291,82.55,330.5,0.96,268.6,61.7,0
2026-08-23 17:06:42.774,1252.5,12.510,0.250,2.760,80.8,659.6,1.0299,82.62,329.1,0.95,265.7,61.7,0
2026-08-23 17:06:43.868,1253.6,12.510,0.200,2.470,80.8,659.6,1.0307,82.68,329.2,0.95,265.6,61.7,0
2026-08-23 17:06:44.903,1254.6,12.510,0.270,3.660,80.8,659.6,1.0317,82.76,329.3,0.95,266.3,61.7,0
2026-08-23 17:06:45.910,1255.6,12.510,0.260,3.700,80.8,659.6,1.0328,82.83,329.1,0.95,266.0,61.7,0
2026-08-23 17:06:46.980,1256.7,12.510,0.300,3.730,80.8,659.6,1.0339,82.92,328.7,0.95,265.1,61.7,0
2026-08-23 17:06:47.988,1257.7,12.510,0.210,2.680,80.8,659.6,1.0346,82.98,329.2,0.95,266.3,61.7,0
2026-08-23 17:06:49.025,1258.7,12.510,0.290,3.610,80.8,659.6,1.0357,83.06,329.0,0.95,265.9,61.7,0
2026-08-23 17:06:50.095,1259.8,12.510,0.210,2.620,80.8,659.6,1.0364,83.12,330.0,0.95,266.2,61.7,0
2026-08-23 17:06:51.160,1260.9,12.520,0.320,4.580,81.7,666.4,1.0378,83.22,329.0,0.95,265.2,61.7,0
2026-08-23 17:06:52.255,1262.0,12.520,0.270,3.370,81.7,666.4,1.0388,83.30,329.3,0.95,266.1,62.2,0
2026-08-23 17:06:53.346,1263.1,12.510,0.230,2.440,80.8,659.6,1.0396,83.37,330.4,0.96,269.1,61.7,0
2026-08-23 17:06:54.384,1264.1,12.510,0.170,2.160,80.8,659.6,1.0402,83.42,329.3,0.95,266.0,61.7,0
2026-08-23 17:06:55.461,1265.2,12.510,0.190,2.400,80.8,659.6,1.0409,83.48,329.5,0.95,267.0,61.7,0
2026-08-23 17:06:56.556,1266.3,12.510,0.230,2.170,80.8,659.6,1.0416,83.55,329.5,0.95,265.6,62.2,0
2026-08-23 17:06:57.622,1267.3,12.510,0.160,1.940,80.8,659.6,1.0421,83.59,329.3,0.95,265.7,61.7,0
2026-08-23 17:06:58.690,1268.4,12.510,0.180,2.970,80.8,659.6,1.0430,83.65,330.0,0.95,266.8,61.7,0
2026-08-23 17:06:59.690,1269.4,12.510,0.270,3.210,80.8,659.6,1.0439,83.72,329.9,0.95,266.3,61.7,0
2026-08-23 17:07:00.713,1270.4,12.510,0.290,3.400,80.8,659.6,1.0449,83.80,329.2,0.95,265.8,61.7,0
2026-08-23 17:07:01.768,1271.5,12.510,0.240,2.990,80.8,659.6,1.0457,83.88,329.2,0.95,265.7,62.2,0
2026-08-23 17:07:02.767,1272.5,12.510,0.250,3.160,80.8,659.6,1.0466,83.94,329.4,0.95,265.5,61.7,0
2026-08-23 17:07:03.790,1273.5,12.510,0.230,2.390,80.8,659.6,1.0473,84.01,329.1,0.95,266.0,61.7,0
2026-08-23 17:07:04.839,1274.6,12.520,0.340,4.520,81.7,666.4,1.0486,84.11,329.3,0.95,266.4,61.7,0
2026-08-23 17:07:05.856,1275.6,12.500,0.180,2.990,80.0,652.8,1.0495,84.16,330.4,0.96,269.1,61.7,0
2026-08-23 17:07:06.877,1276.6,12.510,0.240,2.990,80.8,659.6,1.0503,84.23,330.4,0.96,268.7,61.7,0
2026-08-23 17:07:07.925,1277.6,12.510,0.230,2.390,80.8,659.6,1.0510,84.29,329.1,0.95,266.1,61.7,0
2026-08-23 17:07:08.960,1278.7,12.510,0.330,4.090,80.8,659.6,1.0522,84.39,328.9,0.95,265.4,62.2,0
2026-08-23 17:07:10.040,1279.8,12.510,0.200,1.860,80.8,659.6,1.0527,84.45,329.0,0.95,265.4,61.7,0
2026-08-23 17:07:11.131,1280.8,12.520,0.240,3.480,81.7,666.4,1.0538,84.52,330.0,0.95,267.7,62.2,0
2026-08-23 17:07:12.167,1281.9,12.510,0.300,3.100,80.8,659.6,1.0547,84.61,329.2,0.95,266.3,61.7,0
2026-08-23 17:07:13.233,1282.9,12.510,0.260,2.640,80.8,659.6,1.0555,84.69,329.7,0.95,267.1,61.7,0
2026-08-23 17:07:14.243,1284.0,12.510,0.260,3.660,80.8,659.6,1.0565,84.76,329.5,0.95,266.2,61.7,0
2026-08-23 17:07:15.243,1285.0,12.510,0.260,3.000,80.8,659.6,1.0573,84.83,328.1,0.95,264.0,61.7,0
2026-08-23 17:07:16.309,1286.0,12.510,0.230,2.260,80.8,659.6,1.0580,84.90,329.5,0.95,266.5,62.2,0
2026-08-23 17:07:17.401,1287.1,12.510,0.250,3.320,80.8,659.6,1.0590,84.97,329.0,0.95,266.1,61.7,0
2026-08-23 17:07:18.484,1288.2,12.510,0.320,3.380,80.8,659.6,1.0600,85.07,330.4,0.95,268.1,61.7,0
2026-08-23 17:07:19.538,1289.3,12.510,0.170,2.850,80.8,659.6,1.0609,85.12,329.3,0.95,265.9,61.7,0
2026-08-23 17:07:20.607,1290.3,12.510,0.240,2.830,80.8,659.6,1.0617,85.19,329.9,0.95,266.1,61.7,0
2026-08-23 17:07:21.672,1291.4,12.510,0.170,2.170,80.8,659.6,1.0623,85.24,329.0,0.95,265.5,61.7,0
2026-08-23 17:07:22.763,1292.5,12.510,0.190,2.930,80.8,659.6,1.0632,85.30,329.3,0.95,265.8,61.7,0
2026-08-23 17:07:23.770,1293.5,12.510,0.200,2.520,80.8,659.6,1.0639,85.36,328.1,0.95,264.5,61.7,0
2026-08-23 17:07:24.808,1294.5,12.520,0.340,4.280,81.7,666.4,1.0652,85.45,329.5,0.95,266.5,61.7,0
2026-08-23 17:07:25.878,1295.6,12.510,0.260,3.920,80.8,659.6,1.0663,85.53,328.8,0.95,265.2,61.7,0
2026-08-23 17:07:26.944,1296.7,12.510,0.240,2.970,80.8,659.6,1.0672,85.60,329.0,0.95,266.2,61.7,0
2026-08-23 17:07:27.981,1297.7,12.510,0.210,3.060,80.8,659.6,1.0681,85.66,329.5,0.95,266.7,61.7,0
2026-08-23 17:07:29.056,1298.8,12.510,0.160,1.950,80.8,659.6,1.0687,85.71,329.9,0.95,266.5,61.7,0
2026-08-23 17:07:30.139,1299.9,12.510,0.180,2.290,80.8,659.6,1.0694,85.76,329.9,0.95,267.6,62.2,0
2026-08-23 17:07:31.230,1300.9,12.500,0.230,2.910,80.0,652.8,1.0702,85.83,330.1,0.95,267.7,61.7,0
2026-08-23 17:07:32.278,1302.0,12.520,0.310,4.530,81.7,666.4,1.0716,85.92,329.4,0.95,266.7,61.7,0
2026-08-23 17:07:33.344,1303.1,12.510,0.300,3.790,80.8,659.6,1.0727,86.01,328.8,0.95,265.3,61.7,0
2026-08-23 17:07:34.378,1304.1,12.520,0.340,3.880,81.7,666.4,1.0738,86.11,329.3,0.95,265.9,61.7,0
2026-08-23 17:07:35.381,1305.1,12.510,0.190,2.420,80.8,659.6,1.0745,86.16,330.4,0.95,266.9,61.7,0
2026-08-23 17:07:36.476,1306.2,12.510,0.150,1.930,80.8,659.6,1.0751,86.21,329.6,0.95,266.0,61.7,0
2026-08-23 17:07:37.542,1307.3,12.510,0.250,3.120,80.8,659.6,1.0760,86.28,328.9,0.95,265.2,61.7,0
2026-08-23 17:07:38.634,1308.3,12.510,0.180,2.280,80.8,659.6,1.0767,86.34,329.4,0.95,265.9,62.2,0
2026-08-23 17:07:39.670,1309.4,12.520,0.350,4.410,81.7,666.4,1.0779,86.44,330.1,0.95,266.5,61.7,0
2026-08-23 17:07:40.737,1310.5,12.510,0.270,3.360,80.8,659.6,1.0789,86.52,329.1,0.95,266.4,61.7,0
2026-08-23 17:07:41.791,1311.5,12.520,0.290,3.580,81.7,666.4,1.0800,86.60,330.8,0.96,269.3,61.7,0
2026-08-23 17:07:42.815,1312.5,12.510,0.230,2.870,80.8,659.6,1.0808,86.67,329.5,0.95,266.5,61.7,0
2026-08-23 17:07:43.837,1313.6,12.520,0.330,3.640,81.7,666.4,1.0818,86.76,330.6,0.96,268.5,61.7,0
2026-08-23 17:07:44.879,1314.6,12.510,0.170,2.070,80.8,659.6,1.0824,86.81,329.2,0.95,265.5,61.7,0
2026-08-23 17:07:45.886,1315.6,12.520,0.360,3.800,81.7,666.4,1.0835,86.91,328.7,0.95,265.6,61.7,0
2026-08-23 17:07:46.921,1316.6,12.520,0.280,3.510,81.7,666.4,1.0845,86.99,329.3,0.95,265.7,61.7,0
2026-08-23 17:07:47.962,1317.7,12.510,0.240,3.680,80.8,659.6,1.0856,87.06,329.2,0.95,265.9,61.7,0
2026-08-23 17:07:48.998,1318.7,12.510,0.150,2.600,80.8,659.6,1.0863,87.11,329.1,0.95,265.8,62.2,0
2026-08-23 17:07:50.033,1319.7,12.510,0.240,2.950,80.8,659.6,1.0872,87.18,329.2,0.95,265.7,61.7,0
2026-08-23 17:07:51.036,1320.7,12.510,0.190,2.700,80.8,659.6,1.0879,87.23,329.4,0.95,266.2,61.7,0
2026-08-23 17:07:52.044,1321.8,12.520,0.270,3.370,81.7,666.4,1.0889,87.30,329.5,0.95,266.5,61.7,0
2026-08-23 17:07:53.080,1322.8,12.510,0.160,2.730,80.8,659.6,1.0897,87.35,329.4,0.95,266.0,61.7,0
2026-08-23 17:07:54.108,1323.8,12.510,0.250,3.230,80.8,659.6,1.0906,87.42,330.3,0.95,267.8,62.2,0
2026-08-23 17:07:55.162,1324.9,12.510,0.190,1.830,80.8,659.6,1.0911,87.48,330.2,0.95,267.7,61.7,0
2026-08-23 17:07:56.272,1326.0,12.510,0.230,2.260,80.8,659.6,1.0918,87.55,331.0,0.96,269.9,61.7,0
2026-08-23 17:07:57.278,1327.0,12.510,0.250,3.190,80.8,659.6,1.0927,87.62,328.5,0.95,265.1,61.7,0
2026-08-23 17:07:58.315,1328.0,12.520,0.280,3.550,81.7,666.4,1.0937,87.70,329.4,0.95,266.3,61.7,0
2026-08-23 17:07:59.355,1329.1,12.510,0.210,2.570,80.8,659.6,1.0945,87.76,329.0,0.95,265.5,61.7,0
2026-08-23 17:08:00.390,1330.1,12.510,0.210,2.570,80.8,659.6,1.0952,87.82,328.8,0.95,265.0,61.7,0
2026-08-23 17:08:01.398,1331.1,12.510,0.190,2.260,80.8,659.6,1.0958,87.87,328.9,0.95,265.4,61.7,0
2026-08-23 17:08:02.438,1332.2,12.510,0.180,2.210,80.8,659.6,1.0965,87.92,329.4,0.95,266.2,61.7,0
2026-08-23 17:08:03.476,1333.2,12.520,0.360,4.720,81.7,666.4,1.0978,88.03,329.3,0.95,266.3,62.2,0
2026-08-23 17:08:04.512,1334.2,12.510,0.260,3.250,80.8,659.6,1.0988,88.10,328.4,0.95,264.9,61.7,0
2026-08-23 17:08:05.555,1335.3,12.520,0.310,3.860,81.7,666.4,1.0999,88.19,328.9,0.95,265.6,61.7,0
2026-08-23 17:08:06.639,1336.4,12.510,0.170,1.480,80.8,659.6,1.1003,88.24,330.0,0.95,267.8,61.7,0
2026-08-23 17:08:07.730,1337.4,12.510,0.130,1.660,80.8,659.6,1.1008,88.28,330.7,0.96,269.1,61.7,0
2026-08-23 17:08:08.819,1338.5,12.510,0.270,3.440,80.8,659.6,1.1019,88.36,328.4,0.95,265.1,61.7,0
2026-08-23 17:08:09.825,1339.5,12.520,0.360,3.880,81.7,666.4,1.1030,88.47,329.5,0.95,266.3,61.7,0
2026-08-23 17:08:10.861,1340.6,12.510,0.280,3.670,80.8,659.6,1.1040,88.55,329.5,0.95,266.3,62.2,0
2026-08-23 17:08:11.901,1341.6,12.520,0.330,3.440,81.7,666.4,1.1050,88.64,330.2,0.95,267.4,61.7,0
2026-08-23 17:08:12.909,1342.6,12.510,0.210,2.540,80.8,659.6,1.1057,88.70,329.5,0.95,266.8,61.7,0
2026-08-23 17:08:13.945,1343.7,12.520,0.270,3.410,81.7,666.4,1.1067,88.78,328.8,0.95,265.6,61.7,0
2026-08-23 17:08:14.986,1344.7,12.510,0.240,2.710,80.8,659.6,1.1075,88.85,328.6,0.95,264.5,61.7,0
2026-08-23 17:08:16.008,1345.7,12.520,0.330,4.170,81.7,666.4,1.1087,88.94,329.3,0.95,266.2,61.7,0
2026-08-23 17:08:17.044,1346.8,12.510,0.270,3.400,80.8,659.6,1.1096,89.02,329.2,0.95,266.0,61.7,0
2026-08-23 17:08:18.133,1347.8,12.510,0.230,3.310,80.8,659.6,1.1107,89.09,329.5,0.95,266.0,62.2,0
2026-08-23 17:08:19.157,1348.9,12.510,0.200,2.510,80.8,659.6,1.1114,89.15,330.1,0.95,267.7,61.7,0
2026-08-23 17:08:20.174,1349.9,12.520,0.320,4.060,81.7,666.4,1.1125,89.24,330.9,0.96,268.7,61.7,0
2026-08-23 17:08:21.242,1351.0,12.510,0.220,2.720,80.8,659.6,1.1133,89.30,330.4,0.96,268.4,62.2,0
2026-08-23 17:08:22.277,1352.0,12.520,0.300,3.710,81.7,666.4,1.1144,89.39,328.7,0.95,265.1,61.7,0
2026-08-23 17:08:23.283,1353.0,12.510,0.160,2.040,80.8,659.6,1.1150,89.43,329.4,0.95,265.8,61.7,0
2026-08-23 17:08:24.324,1354.0,12.510,0.210,2.580,80.8,659.6,1.1157,89.49,330.2,0.95,267.5,61.7,0
2026-08-23 17:08:25.360,1355.1,12.510,0.160,2.480,80.8,659.6,1.1164,89.54,329.8,0.95,266.9,61.7,0
2026-08-23 17:08:26.397,1356.1,12.510,0.260,3.390,80.8,659.6,1.1174,89.61,329.6,0.95,266.2,62.2,0
2026-08-23 17:08:27.436,1357.2,12.510,0.210,2.670,80.8,659.6,1.1182,89.67,330.8,0.96,268.6,61.7,0
2026-08-23 17:08:28.503,1358.2,12.520,0.350,4.430,81.7,666.4,1.1195,89.78,329.9,0.95,267.6,61.7,0
2026-08-23 17:08:29.538,1359.3,12.510,0.230,2.780,80.8,659.6,1.1203,89.84,329.2,0.95,266.2,62.2,0
2026-08-23 17:08:30.563,1360.3,12.510,0.240,2.680,80.8,659.6,1.1210,89.91,330.2,0.95,267.6,61.7,0
2026-08-23 17:08:31.585,1361.3,12.510,0.190,2.340,80.8,659.6,1.1217,89.97,330.7,0.95,268.4,62.2,0
2026-08-23 17:08:32.705,1362.4,12.520,0.290,4.300,81.7,666.4,1.1230,90.06,329.9,0.95,267.0,61.7,0
2026-08-23 17:08:33.734,1363.4,12.510,0.230,2.330,80.8,659.6,1.1237,90.12,330.7,0.95,267.5,61.7,0
2026-08-23 17:08:34.769,1364.5,12.520,0.370,4.630,81.7,666.4,1.1250,90.23,329.6,0.95,266.0,61.7,0
2026-08-23 17:08:35.776,1365.5,12.510,0.210,2.640,80.8,659.6,1.1258,90.29,330.0,0.95,266.9,61.7,0
2026-08-23 17:08:36.846,1366.6,12.520,0.320,3.720,81.7,666.4,1.1269,90.38,329.8,0.95,266.1,61.7,0
2026-08-23 17:08:37.912,1367.6,12.510,0.190,2.320,80.8,659.6,1.1276,90.44,329.0,0.95,265.6,61.7,0
2026-08-23 17:08:39.003,1368.7,12.510,0.140,1.790,80.8,659.6,1.1281,90.48,330.0,0.95,266.5,61.7,0
2026-08-23 17:08:40.070,1369.8,12.510,0.190,2.380,80.8,659.6,1.1288,90.54,329.1,0.95,266.4,62.2,0
2026-08-23 17:08:41.106,1370.8,12.510,0.210,3.020,80.8,659.6,1.1297,90.60,328.7,0.95,265.1,61.7,0
2026-08-23 17:08:42.152,1371.9,12.520,0.280,3.490,81.7,666.4,1.1307,90.68,329.3,0.95,266.3,61.7,0
2026-08-23 17:08:43.174,1372.9,12.520,0.260,3.300,81.7,666.4,1.1316,90.75,330.4,0.96,268.5,62.2,0
2026-08-23 17:08:44.273,1374.0,12.510,0.200,3.070,80.8,659.6,1.1326,90.81,329.4,0.95,266.9,61.7,0
2026-08-23 17:08:45.324,1375.0,12.510,0.220,2.400,80.8,659.6,1.1333,90.88,330.5,0.95,268.0,61.7,0
2026-08-23 17:08:46.360,1376.1,12.510,0.150,1.890,80.8,659.6,1.1338,90.92,329.8,0.95,266.4,62.2,0
2026-08-23 17:08:47.425,1377.1,12.510,0.230,2.900,80.8,659.6,1.1347,90.99,329.5,0.95,266.5,61.7,0
2026-08-23 17:08:48.480,1378.2,12.520,0.360,4.950,81.7,666.4,1.1361,91.09,329.9,0.95,266.4,62.2,0
2026-08-23 17:08:49.515,1379.2,12.510,0.220,2.700,80.8,659.6,1.1369,91.16,329.5,0.95,266.0,61.7,0
2026-08-23 17:08:50.523,1380.2,12.510,0.260,3.700,80.8,659.6,1.1379,91.23,329.3,0.95,266.0,61.7,0
2026-08-23 17:08:51.593,1381.3,12.510,0.160,2.600,80.8,659.6,1.1387,91.28,329.0,0.95,265.6,61.7,0
2026-08-23 17:08:52.659,1382.4,12.510,0.300,4.020,80.8,659.6,1.1399,91.37,329.4,0.95,265.5,61.7,0
2026-08-23 17:08:53.694,1383.4,12.510,0.190,2.360,80.8,659.6,1.1406,91.42,329.1,0.95,265.2,61.7,0
2026-08-23 17:08:54.768,1384.5,12.520,0.390,4.170,81.7,666.4,1.1418,91.54,330.7,0.96,269.2,61.1,0
2026-08-23 17:08:55.806,1385.5,12.510,0.230,2.570,80.8,659.6,1.1426,91.60,329.8,0.95,267.2,61.7,0
2026-08-23 17:08:56.861,1386.6,12.520,0.310,3.420,81.7,666.4,1.1436,91.70,329.7,0.95,266.4,61.7,0
2026-08-23 17:08:57.944,1387.7,12.510,0.230,2.620,80.8,659.6,1.1444,91.76,328.8,0.95,265.7,61.7,0
2026-08-23 17:08:59.039,1388.8,12.510,0.190,2.040,80.8,659.6,1.1450,91.82,328.5,0.95,264.9,61.7,0
2026-08-23 17:09:00.060,1389.8,12.510,0.260,3.270,80.8,659.6,1.1459,91.90,329.2,0.95,265.6,61.7,0
2026-08-23 17:09:01.099,1390.8,12.510,0.230,3.190,80.8,659.6,1.1468,91.96,328.7,0.95,265.0,61.7,0
2026-08-23 17:09:02.136,1391.9,12.520,0.330,4.150,81.7,666.4,1.1480,92.06,329.4,0.95,265.2,61.7,0
2026-08-23 17:09:03.144,1392.9,12.520,0.260,3.240,81.7,666.4,1.1489,92.13,329.2,0.95,266.1,61.7,0
2026-08-23 17:09:04.185,1393.9,12.510,0.170,2.360,80.8,659.6,1.1496,92.18,328.8,0.95,265.6,61.7,0
2026-08-23 17:09:05.222,1394.9,12.520,0.260,3.740,81.7,666.4,1.1507,92.25,329.1,0.95,266.0,61.7,0
2026-08-23 17:09:06.258,1396.0,12.510,0.220,2.190,80.8,659.6,1.1513,92.32,328.9,0.95,265.6,61.7,0
2026-08-23 17:09:07.345,1397.1,12.510,0.270,3.440,80.8,659.6,1.1524,92.40,329.8,0.95,267.7,61.7,0
2026-08-23 17:09:08.348,1398.1,12.510,0.260,3.950,80.8,659.6,1.1535,92.47,329.8,0.95,266.9,61.7,0
2026-08-23 17:09:09.454,1399.2,12.510,0.200,3.290,80.8,659.6,1.1545,92.53,330.2,0.95,267.6,61.7,0
2026-08-23 17:09:10.490,1400.2,12.510,0.260,2.680,80.8,659.6,1.1552,92.61,328.7,0.95,265.2,61.7,0
2026-08-23 17:09:11.496,1401.2,12.510,0.180,2.200,80.8,659.6,1.1559,92.66,329.2,0.95,265.7,61.7,0
2026-08-23 17:09:12.566,1402.3,12.510,0.210,2.110,80.8,659.6,1.1565,92.72,329.0,0.95,265.2,61.7,0
2026-08-23 17:09:13.632,1403.3,12.510,0.230,2.330,80.8,659.6,1.1572,92.79,330.0,0.95,266.9,62.2,0
2026-08-23 17:09:14.668,1404.4,12.520,0.300,4.470,81.7,666.4,1.1585,92.88,330.0,0.95,266.3,62.8,0
2026-08-23 17:09:15.737,1405.5,12.510,0.220,3.010,80.8,659.6,1.1593,92.94,329.4,0.95,266.3,61.7,0
2026-08-23 17:09:16.746,1406.5,12.510,0.250,2.680,80.8,659.6,1.1601,93.01,329.3,0.95,266.1,61.7,0
2026-08-23 17:09:17.781,1407.5,12.510,0.200,1.850,80.8,659.6,1.1606,93.07,328.8,0.95,265.0,62.2,0
2026-08-23 17:09:18.830,1408.5,12.510,0.220,2.780,80.8,659.6,1.1614,93.13,329.2,0.95,266.4,61.7,0
2026-08-23 17:09:19.869,1409.6,12.510,0.180,2.210,80.8,659.6,1.1621,93.18,329.7,0.95,266.7,62.2,0
2026-08-23 17:09:20.922,1410.6,12.520,0.340,4.620,81.7,666.4,1.1634,93.28,329.9,0.95,266.9,61.7,0
2026-08-23 17:09:21.993,1411.7,12.510,0.230,3.440,80.8,659.6,1.1645,93.35,330.2,0.95,268.0,61.7,0
2026-08-23 17:09:23.029,1412.7,12.510,0.200,2.970,80.8,659.6,1.1653,93.41,329.3,0.95,265.4,61.7,0
2026-08-23 17:09:24.094,1413.8,12.510,0.180,2.240,80.8,659.6,1.1660,93.46,328.9,0.95,265.9,61.7,0
2026-08-23 17:09:25.134,1414.8,12.520,0.300,3.810,81.7,666.4,1.1671,93.55,329.1,0.95,265.8,61.7,0
2026-08-23 17:09:26.170,1415.9,12.510,0.230,3.340,80.8,659.6,1.1680,93.62,329.1,0.95,266.0,61.7,0
2026-08-23 17:09:27.169,1416.9,12.520,0.290,3.170,81.7,666.4,1.1689,93.70,330.3,0.95,267.5,61.7,0
2026-08-23 17:09:28.210,1417.9,12.510,0.250,2.920,80.8,659.6,1.1698,93.77,330.3,0.95,268.1,61.7,0
2026-08-23 17:09:29.247,1419.0,12.510,0.250,3.110,80.8,659.6,1.1707,93.84,328.6,0.95,264.9,61.7,0
2026-08-23 17:09:30.283,1420.0,12.510,0.190,2.420,80.8,659.6,1.1713,93.90,327.9,0.95,264.6,61.7,333
2026-08-23 17:09:31.371,1421.1,12.510,0.300,3.720,80.8,659.6,1.1725,93.99,330.4,0.95,267.1,62.2,1578
2026-08-23 17:09:32.391,1422.1,12.510,0.220,2.400,80.8,659.6,1.1732,94.05,330.2,0.96,268.2,62.2,177
2026-08-23 17:09:33.415,1423.1,12.520,0.290,3.920,81.7,666.4,1.1743,94.13,330.1,0.95,267.6,61.7,101
2026-08-23 17:09:34.453,1424.2,12.510,0.260,2.850,80.8,659.6,1.1751,94.21,329.3,0.95,265.8,61.7,295
2026-08-23 17:09:35.519,1425.2,12.510,0.190,2.350,80.8,659.6,1.1758,94.26,329.1,0.95,265.8,61.7,100
2026-08-23 17:09:36.610,1426.3,12.510,0.180,2.270,80.8,659.6,1.1765,94.32,327.9,0.95,264.1,61.7,0
2026-08-23 17:09:37.676,1427.4,12.510,0.220,2.780,80.8,659.6,1.1773,94.38,329.3,0.95,266.1,61.7,227
2026-08-23 17:09:38.712,1428.4,12.510,0.210,2.640,80.8,659.6,1.1781,94.44,328.9,0.95,265.3,61.7,0
2026-08-23 17:09:39.752,1429.5,12.520,0.390,4.050,81.7,666.4,1.1792,94.55,329.3,0.95,266.0,61.7,0
2026-08-23 17:09:40.774,1430.5,12.520,0.310,3.330,81.7,666.4,1.1802,94.64,329.2,0.95,265.8,61.7,18
2026-08-23 17:09:41.810,1431.5,12.520,0.280,3.920,81.7,666.4,1.1813,94.72,329.9,0.95,266.4,61.7,0
2026-08-23 17:09:42.886,1432.6,12.510,0.250,3.140,80.8,659.6,1.1822,94.80,329.9,0.95,266.7,62.2,0
2026-08-23 17:09:43.940,1433.7,12.510,0.150,1.870,80.8,659.6,1.1828,94.84,330.4,0.96,268.6,61.7,0
2026-08-23 17:09:45.032,1434.7,12.510,0.160,2.060,80.8,659.6,1.1834,94.89,330.6,0.96,268.7,62.2,0
2026-08-23 17:09:46.119,1435.8,12.510,0.240,3.030,80.8,659.6,1.1843,94.96,329.7,0.95,266.8,61.7,0
2026-08-23 17:09:47.184,1436.9,12.520,0.300,4.420,81.7,666.4,1.1856,95.05,329.6,0.95,265.9,61.7,0
2026-08-23 17:09:48.219,1437.9,12.510,0.240,3.300,80.8,659.6,1.1866,95.12,329.3,0.95,265.7,61.7,0
2026-08-23 17:09:49.222,1438.9,12.510,0.220,3.050,80.8,659.6,1.1874,95.18,329.0,0.95,265.4,61.7,0
2026-08-23 17:09:50.287,1440.0,12.510,0.200,2.460,80.8,659.6,1.1882,95.24,329.2,0.95,265.8,62.2,0
2026-08-23 17:09:51.323,1441.0,12.510,0.210,2.060,80.8,659.6,1.1888,95.30,328.9,0.95,265.6,61.7,0
2026-08-23 17:09:52.414,1442.1,12.510,0.250,2.670,80.8,659.6,1.1896,95.38,330.5,0.95,267.6,61.7,0
2026-08-23 17:09:53.480,1443.2,12.520,0.390,4.160,81.7,666.4,1.1908,95.49,329.5,0.95,266.9,62.2,5
2026-08-23 17:09:54.516,1444.2,12.520,0.270,2.750,81.7,666.4,1.1916,95.57,329.1,0.95,266.1,61.7,0
2026-08-23 17:09:55.541,1445.3,12.520,0.330,4.130,81.7,666.4,1.1928,95.66,330.0,0.95,267.4,61.7,0
2026-08-23 17:09:56.563,1446.3,12.510,0.220,2.070,80.8,659.6,1.1933,95.73,330.4,0.96,268.5,61.7,0
2026-08-23 17:09:57.683,1447.4,12.510,0.130,1.590,80.8,659.6,1.1938,95.77,330.5,0.95,268.2,61.7,0
2026-08-23 17:09:58.726,1448.4,12.510,0.240,3.000,80.8,659.6,1.1947,95.84,329.8,0.95,266.1,61.7,10
2026-08-23 17:09:59.733,1449.4,12.520,0.360,4.540,81.7,666.4,1.1960,95.94,329.0,0.95,266.0,61.7,0
2026-08-23 17:10:00.768,1450.5,12.520,0.260,3.470,81.7,666.4,1.1970,96.01,328.9,0.95,265.6,61.7,0
2026-08-23 17:10:01.808,1451.5,12.510,0.270,3.380,80.8,659.6,1.1980,96.09,329.3,0.95,265.6,61.7,0
2026-08-23 17:10:02.843,1452.6,12.510,0.190,2.360,80.8,659.6,1.1986,96.15,329.5,0.95,265.8,61.1,0
2026-08-23 17:10:03.965,1453.7,12.510,0.160,1.980,80.8,659.6,1.1993,96.19,330.1,0.95,267.2,62.2,0
2026-08-23 17:10:05.001,1454.7,12.510,0.240,2.980,80.8,659.6,1.2001,96.26,330.1,0.95,266.3,62.2,0
2026-08-23 17:10:06.008,1455.7,12.520,0.290,4.180,81.7,666.4,1.2013,96.35,329.0,0.95,265.4,61.7,0
2026-08-23 17:10:07.084,1456.8,12.520,0.270,3.350,81.7,666.4,1.2023,96.43,328.9,0.95,265.8,61.7,0
2026-08-23 17:10:08.106,1457.8,12.510,0.280,3.540,80.8,659.6,1.2033,96.51,330.3,0.95,267.8,61.7,0
2026-08-23 17:10:09.226,1458.9,12.510,0.220,3.500,80.8,659.6,1.2044,96.57,330.1,0.95,267.1,61.7,0
2026-08-23 17:10:10.248,1460.0,12.510,0.180,1.670,80.8,659.6,1.2048,96.62,329.7,0.95,266.6,61.7,0
2026-08-23 17:10:11.255,1461.0,12.510,0.180,2.230,80.8,659.6,1.2055,96.68,330.1,0.95,266.7,62.2,0
2026-08-23 17:10:12.290,1462.0,12.520,0.330,3.790,81.7,666.4,1.2066,96.77,329.5,0.95,266.0,61.7,0
2026-08-23 17:10:13.330,1463.0,12.510,0.220,3.480,80.8,659.6,1.2076,96.83,329.2,0.95,265.7,61.7,0
2026-08-23 17:10:14.338,1464.1,12.520,0.300,3.810,81.7,666.4,1.2086,96.92,328.7,0.95,265.7,61.7,0
2026-08-23 17:10:15.375,1465.1,12.500,0.150,1.830,80.0,652.8,1.2092,96.96,329.3,0.95,266.3,61.7,0
2026-08-23 17:10:16.430,1466.1,12.520,0.250,2.470,81.7,666.4,1.2099,97.03,329.5,0.95,265.9,61.7,0
2026-08-23 17:10:17.429,1467.1,12.510,0.230,2.430,80.8,659.6,1.2106,97.10,328.6,0.95,264.6,61.7,0
2026-08-23 17:10:18.437,1468.2,12.520,0.390,4.570,81.7,666.4,1.2118,97.21,329.8,0.95,266.7,61.7,0
2026-08-23 17:10:19.486,1469.2,12.510,0.250,3.160,80.8,659.6,1.2128,97.28,330.2,0.95,267.8,61.7,0
2026-08-23 17:10:20.503,1470.2,12.510,0.180,2.930,80.8,659.6,1.2136,97.33,330.6,0.96,269.1,61.7,0
2026-08-23 17:10:21.524,1471.2,12.510,0.220,2.770,80.8,659.6,1.2144,97.39,330.0,0.95,267.4,61.7,2
2026-08-23 17:10:22.625,1472.3,12.520,0.250,3.950,81.7,666.4,1.2156,97.47,329.6,0.95,266.6,61.7,0
2026-08-23 17:10:23.690,1473.4,12.510,0.220,2.750,80.8,659.6,1.2164,97.53,328.8,0.95,265.5,61.7,0
2026-08-23 17:10:24.726,1474.4,12.520,0.340,4.290,81.7,666.4,1.2176,97.63,329.1,0.95,265.8,61.7,0
2026-08-23 17:10:25.766,1475.5,12.510,0.220,2.310,80.8,659.6,1.2183,97.70,328.7,0.95,265.4,61.7,0
2026-08-23 17:10:26.831,1476.5,12.520,0.300,3.820,81.7,666.4,1.2194,97.78,329.3,0.95,266.6,61.7,0
2026-08-23 17:10:27.867,1477.6,12.510,0.200,2.500,80.8,659.6,1.2201,97.84,328.9,0.95,266.0,61.7,0
2026-08-23 17:10:28.908,1478.6,12.520,0.330,4.170,81.7,666.4,1.2214,97.94,329.6,0.95,267.4,61.7,0
2026-08-23 17:10:29.943,1479.7,12.510,0.200,2.500,80.8,659.6,1.2221,98.00,329.1,0.95,266.0,61.7,0
2026-08-23 17:10:31.009,1480.7,12.520,0.340,4.780,81.7,666.4,1.2235,98.10,329.4,0.95,266.8,61.7,0
2026-08-23 17:10:32.067,1481.8,12.510,0.310,3.910,80.8,659.6,1.2246,98.19,330.4,0.95,267.6,61.7,0
2026-08-23 17:10:33.150,1482.9,12.520,0.260,2.450,81.7,666.4,1.2254,98.27,330.6,0.96,268.8,61.7,0
2026-08-23 17:10:34.171,1483.9,12.510,0.170,2.360,80.8,659.6,1.2260,98.31,330.3,0.95,268.1,61.7,0
2026-08-23 17:10:35.240,1485.0,12.500,0.200,2.520,80.0,652.8,1.2268,98.37,329.3,0.95,265.9,62.2,0
2026-08-23 17:10:36.274,1486.0,12.510,0.220,2.750,80.8,659.6,1.2276,98.44,328.6,0.95,265.1,61.7,0
2026-08-23 17:10:37.395,1487.1,12.510,0.230,2.910,80.8,659.6,1.2285,98.51,328.4,0.95,264.6,61.7,0
2026-08-23 17:10:38.403,1488.1,12.520,0.350,3.480,81.7,666.4,1.2295,98.61,329.0,0.95,265.0,61.1,0
2026-08-23 17:10:39.438,1489.2,12.510,0.250,3.180,80.8,659.6,1.2304,98.68,328.9,0.95,265.9,61.7,0
2026-08-23 17:10:40.479,1490.2,12.510,0.200,2.860,80.8,659.6,1.2312,98.74,328.8,0.95,264.9,61.7,0
2026-08-23 17:10:41.501,1491.2,12.510,0.180,1.500,80.8,659.6,1.2316,98.79,328.8,0.95,265.4,61.7,0
2026-08-23 17:10:42.537,1492.3,12.510,0.280,3.530,80.8,659.6,1.2326,98.87,328.9,0.95,265.1,62.2,0
2026-08-23 17:10:43.543,1493.3,12.520,0.320,4.020,81.7,666.4,1.2338,98.96,328.8,0.95,265.9,61.7,0
2026-08-23 17:10:44.664,1494.4,12.520,0.310,4.320,81.7,666.4,1.2351,99.05,328.8,0.95,264.8,61.7,0
2026-08-23 17:10:45.748,1495.5,12.510,0.210,2.660,80.8,659.6,1.2359,99.12,329.8,0.95,267.4,61.7,0
2026-08-23 17:10:46.800,1496.5,12.520,0.230,3.120,81.7,666.4,1.2368,99.18,329.6,0.95,267.1,61.7,0
2026-08-23 17:10:47.835,1497.5,12.510,0.140,1.760,80.8,659.6,1.2373,99.22,329.2,0.95,265.6,61.1,0
2026-08-23 17:10:48.900,1498.6,12.520,0.290,3.590,81.7,666.4,1.2384,99.31,327.9,0.95,264.0,61.7,0
2026-08-23 17:10:49.968,1499.7,12.510,0.230,2.310,80.8,659.6,1.2391,99.38,330.7,0.95,268.2,61.7,0
2026-08-23 17:10:51.034,1500.7,12.520,0.330,4.150,81.7,666.4,1.2403,99.48,329.0,0.95,265.4,61.7,0
2026-08-23 17:10:52.070,1501.8,12.520,0.260,3.870,81.7,666.4,1.2414,99.55,329.0,0.95,265.3,61.7,0
2026-08-23 17:10:53.072,1502.8,12.510,0.290,3.630,80.8,659.6,1.2424,99.63,328.8,0.95,265.5,61.7,0
2026-08-23 17:10:54.139,1503.9,12.510,0.170,1.470,80.8,659.6,1.2429,99.68,329.4,0.95,265.6,61.7,0
2026-08-23 17:10:55.174,1504.9,12.520,0.300,3.210,81.7,666.4,1.2438,99.77,329.3,0.95,265.8,62.2,0
2026-08-23 17:10:56.277,1506.0,12.510,0.240,3.690,80.8,659.6,1.2449,99.84,329.4,0.95,266.6,62.2,0
2026-08-23 17:10:57.397,1507.1,12.520,0.230,3.130,81.7,666.4,1.2459,99.91,330.2,0.95,267.3,61.7,0
2026-08-23 17:10:58.518,1508.2,12.520,0.340,4.260,81.7,666.4,1.2472,100.02,329.6,0.95,266.3,61.7,0
2026-08-23 17:10:59.556,1509.3,12.510,0.280,3.500,80.8,659.6,1.2482,100.10,328.6,0.95,265.2,61.7,0
2026-08-23 17:11:00.621,1510.3,12.520,0.210,2.680,81.7,666.4,1.2490,100.16,328.7,0.95,265.5,61.7,0
2026-08-23 17:11:01.742,1511.5,12.510,0.270,3.310,80.8,659.6,1.2501,100.25,329.3,0.95,266.3,61.7,0
2026-08-23 17:11:02.779,1512.5,12.510,0.160,2.530,80.8,659.6,1.2508,100.29,330.3,0.95,266.9,61.7,0
2026-08-23 17:11:03.786,1513.5,12.520,0.340,4.220,81.7,666.4,1.2520,100.39,329.0,0.95,265.2,61.7,0
2026-08-23 17:11:04.856,1514.6,12.510,0.230,2.780,80.8,659.6,1.2528,100.46,328.6,0.95,264.9,61.7,0
2026-08-23 17:11:05.922,1515.6,12.520,0.400,4.400,81.7,666.4,1.2541,100.57,330.2,0.95,267.4,61.7,0
2026-08-23 17:11:06.958,1516.7,12.520,0.270,3.430,81.7,666.4,1.2551,100.65,329.9,0.95,265.9,61.7,0
2026-08-23 17:11:08.007,1517.7,12.510,0.250,3.620,80.8,659.6,1.2561,100.72,329.3,0.95,266.5,62.2,0
2026-08-23 17:11:09.062,1518.8,12.510,0.240,2.980,80.8,659.6,1.2570,100.79,330.5,0.96,268.5,61.7,1
2026-08-23 17:11:10.116,1519.8,12.510,0.140,1.780,80.8,659.6,1.2575,100.84,329.7,0.95,266.6,61.7,0
2026-08-23 17:11:11.194,1520.9,12.510,0.220,2.730,80.8,659.6,1.2583,100.90,328.8,0.95,265.8,62.2,0
2026-08-23 17:11:12.229,1521.9,12.510,0.210,3.250,80.8,659.6,1.2593,100.96,329.6,0.95,266.0,61.7,0
2026-08-23 17:11:13.293,1523.0,12.520,0.320,4.040,81.7,666.4,1.2605,101.06,329.0,0.95,265.2,61.7,0
2026-08-23 17:11:14.384,1524.1,12.520,0.240,3.000,81.7,666.4,1.2614,101.13,330.2,0.95,267.2,61.7,0
2026-08-23 17:11:15.451,1525.2,12.520,0.290,3.680,81.7,666.4,1.2625,101.22,330.2,0.95,267.1,61.7,0
2026-08-23 17:11:16.486,1526.2,12.510,0.180,2.270,80.8,659.6,1.2631,101.27,329.5,0.95,265.3,61.7,0
2026-08-23 17:11:17.526,1527.2,12.520,0.310,3.070,81.7,666.4,1.2640,101.36,329.0,0.95,266.1,61.7,0
2026-08-23 17:11:18.592,1528.3,12.520,0.220,2.800,81.7,666.4,1.2648,101.42,329.5,0.95,267.0,62.2,0
2026-08-23 17:11:19.628,1529.3,12.520,0.390,4.930,81.7,666.4,1.2663,101.53,328.3,0.95,264.3,61.7,0
2026-08-23 17:11:20.656,1530.4,12.520,0.320,3.730,81.7,666.4,1.2673,101.63,330.1,0.95,267.5,61.7,0
2026-08-23 17:11:21.680,1531.4,12.520,0.320,3.580,81.7,666.4,1.2683,101.72,330.7,0.96,268.6,61.7,0
2026-08-23 17:11:22.702,1532.4,12.510,0.140,1.730,80.8,659.6,1.2688,101.76,330.3,0.95,267.9,61.7,0
2026-08-23 17:11:23.730,1533.4,12.520,0.270,2.940,81.7,666.4,1.2697,101.83,330.2,0.95,266.8,61.7,0
2026-08-23 17:11:24.765,1534.5,12.510,0.220,2.030,80.8,659.6,1.2703,101.90,328.6,0.95,265.1,61.7,0
2026-08-23 17:11:25.771,1535.5,12.520,0.310,3.890,81.7,666.4,1.2713,101.98,329.1,0.95,265.4,61.7,0
2026-08-23 17:11:26.810,1536.5,12.510,0.230,3.150,80.8,659.6,1.2723,102.05,329.1,0.95,265.4,61.7,0
2026-08-23 17:11:27.818,1537.5,12.520,0.270,3.850,81.7,666.4,1.2733,102.12,328.3,0.95,264.8,61.7,0
2026-08-23 17:11:28.854,1538.6,12.510,0.170,2.820,80.8,659.6,1.2741,102.17,328.9,0.95,265.5,61.7,0
2026-08-23 17:11:29.880,1539.6,12.520,0.300,3.580,81.7,666.4,1.2752,102.26,328.7,0.95,265.6,61.7,0
2026-08-23 17:11:30.916,1540.6,12.520,0.180,2.700,81.7,666.4,1.2759,102.31,328.8,0.95,265.2,62.2,0
2026-08-23 17:11:31.938,1541.7,12.520,0.360,4.470,81.7,666.4,1.2772,102.41,328.9,0.95,265.3,61.7,0
2026-08-23 17:11:32.965,1542.7,12.520,0.300,3.720,81.7,666.4,1.2783,102.50,329.8,0.95,266.6,61.7,0
2026-08-23 17:11:33.989,1543.7,12.520,0.250,3.190,81.7,666.4,1.2792,102.57,329.5,0.95,267.0,61.7,0
2026-08-23 17:11:35.006,1544.7,12.520,0.210,3.090,81.7,666.4,1.2801,102.63,330.2,0.95,267.0,61.7,0
2026-08-23 17:11:36.074,1545.8,12.520,0.300,3.100,81.7,666.4,1.2810,102.72,330.2,0.95,267.0,61.7,0
2026-08-23 17:11:37.139,1546.9,12.510,0.240,2.320,80.8,659.6,1.2817,102.79,329.5,0.95,265.9,61.7,0
2026-08-23 17:11:38.201,1547.9,12.520,0.330,4.090,81.7,666.4,1.2829,102.89,328.3,0.95,264.6,61.7,0
2026-08-23 17:11:39.238,1549.0,12.520,0.300,3.460,81.7,666.4,1.2839,102.97,328.9,0.95,265.8,61.7,0
2026-08-23 17:11:40.274,1550.0,12.520,0.310,3.950,81.7,666.4,1.2850,103.06,328.2,0.95,264.6,61.7,0
2026-08-23 17:11:41.313,1551.0,12.510,0.230,2.880,80.8,659.6,1.2858,103.13,329.2,0.95,265.6,61.7,0
2026-08-23 17:11:42.379,1552.1,12.510,0.120,1.450,80.8,659.6,1.2863,103.16,329.5,0.95,266.4,61.7,0
2026-08-23 17:11:43.416,1553.1,12.510,0.210,2.670,80.8,659.6,1.2870,103.22,329.2,0.95,265.3,61.7,0
2026-08-23 17:11:44.491,1554.2,12.510,0.180,2.220,80.8,659.6,1.2877,103.28,328.7,0.95,265.0,61.7,0
2026-08-23 17:11:45.515,1555.2,12.520,0.300,3.220,81.7,666.4,1.2886,103.36,330.5,0.96,268.5,61.7,0
2026-08-23 17:11:46.605,1556.3,12.510,0.230,2.940,80.8,659.6,1.2895,103.43,329.6,0.95,266.7,61.7,0
2026-08-23 17:11:47.627,1557.3,12.520,0.260,2.590,81.7,666.4,1.2902,103.51,330.2,0.95,267.2,61.7,0
2026-08-23 17:11:48.634,1558.3,12.510,0.140,2.290,80.8,659.6,1.2909,103.55,329.7,0.95,266.4,61.7,0
2026-08-23 17:11:49.669,1559.4,12.510,0.160,2.060,80.8,659.6,1.2915,103.59,328.8,0.95,265.3,61.7,0
2026-08-23 17:11:50.694,1560.4,12.520,0.300,4.110,81.7,666.4,1.2926,103.68,329.6,0.95,265.9,61.7,0
2026-08-23 17:11:51.775,1561.5,12.520,0.330,3.730,81.7,666.4,1.2938,103.78,329.3,0.95,265.5,61.7,0
2026-08-23 17:11:52.775,1562.5,12.510,0.280,3.450,80.8,659.6,1.2947,103.85,328.7,0.95,264.6,61.7,0
2026-08-23 17:11:53.816,1563.5,12.510,0.190,2.400,80.8,659.6,1.2954,103.91,328.4,0.95,265.1,61.7,0
2026-08-23 17:11:54.851,1564.6,12.520,0.270,4.040,81.7,666.4,1.2966,103.99,329.7,0.95,266.2,61.7,0
2026-08-23 17:11:55.917,1565.6,12.510,0.190,2.390,80.8,659.6,1.2973,104.04,329.2,0.95,265.9,61.7,0
2026-08-23 17:11:56.991,1566.7,12.520,0.330,4.150,81.7,666.4,1.2985,104.14,329.3,0.95,266.6,61.7,0
2026-08-23 17:11:58.074,1567.8,12.520,0.260,3.250,81.7,666.4,1.2995,104.22,330.0,0.95,267.3,62.2,0
2026-08-23 17:11:59.195,1568.9,12.510,0.170,2.620,80.8,659.6,1.3003,104.27,329.5,0.95,266.2,62.2,0
2026-08-23 17:12:00.208,1569.9,12.510,0.240,2.980,80.8,659.6,1.3011,104.34,330.0,0.95,267.1,62.2,0
2026-08-23 17:12:01.243,1571.0,12.510,0.120,2.240,80.8,659.6,1.3018,104.38,329.1,0.95,265.8,61.7,0
2026-08-23 17:12:02.308,1572.0,12.510,0.210,2.520,80.8,659.6,1.3025,104.44,327.8,0.95,264.0,61.7,0
2026-08-23 17:12:03.348,1573.1,12.510,0.190,2.430,80.8,659.6,1.3032,104.49,329.1,0.95,266.1,61.7,0
2026-08-23 17:12:04.384,1574.1,12.520,0.330,3.430,81.7,666.4,1.3042,104.59,329.0,0.95,265.7,61.7,0
2026-08-23 17:12:05.421,1575.1,12.520,0.240,3.030,81.7,666.4,1.3051,104.66,329.0,0.95,264.6,62.2,0
2026-08-23 17:12:06.460,1576.2,12.520,0.290,3.100,81.7,666.4,1.3060,104.74,329.6,0.95,266.2,62.2,0
2026-08-23 17:12:07.526,1577.2,12.510,0.180,2.250,80.8,659.6,1.3067,104.79,329.4,0.95,265.9,61.7,0
2026-08-23 17:12:08.620,1578.3,12.520,0.300,3.140,81.7,666.4,1.3076,104.88,329.7,0.95,266.1,62.2,0
2026-08-23 17:12:09.705,1579.4,12.520,0.250,2.740,81.7,666.4,1.3084,104.96,329.9,0.95,267.8,61.7,0
2026-08-23 17:12:10.825,1580.5,12.520,0.270,2.570,81.7,666.4,1.3092,105.04,330.8,0.96,269.3,61.7,0
2026-08-23 17:12:11.877,1581.6,12.520,0.370,4.070,81.7,666.4,1.3104,105.15,330.0,0.95,267.6,61.7,0
2026-08-23 17:12:12.912,1582.6,12.520,0.230,2.920,81.7,666.4,1.3113,105.22,329.9,0.95,266.7,62.2,0
2026-08-23 17:12:13.978,1583.7,12.520,0.310,4.110,81.7,666.4,1.3125,105.31,329.7,0.95,266.5,62.2,0
2026-08-23 17:12:15.017,1584.7,12.510,0.170,2.090,80.8,659.6,1.3131,105.36,329.0,0.95,265.7,61.7,0
2026-08-23 17:12:16.054,1585.8,12.520,0.200,2.090,81.7,666.4,1.3137,105.42,329.3,0.95,266.1,62.2,0
2026-08-23 17:12:17.090,1586.8,12.510,0.180,2.230,80.8,659.6,1.3143,105.47,329.3,0.95,265.9,61.7,0
2026-08-23 17:12:18.130,1587.8,12.520,0.330,3.320,81.7,666.4,1.3153,105.56,330.0,0.95,266.7,61.7,0
2026-08-23 17:12:19.138,1588.9,12.520,0.310,3.190,81.7,666.4,1.3162,105.65,329.0,0.95,265.9,61.7,0
2026-08-23 17:12:20.174,1589.9,12.520,0.300,3.620,81.7,666.4,1.3172,105.74,329.0,0.95,265.7,61.7,0
2026-08-23 17:12:21.238,1591.0,12.510,0.180,2.260,80.8,659.6,1.3179,105.79,329.2,0.95,266.0,61.7,0
2026-08-23 17:12:22.262,1592.0,12.510,0.210,2.080,80.8,659.6,1.3185,105.85,329.9,0.95,266.5,61.7,0
2026-08-23 17:12:23.286,1593.0,12.510,0.160,2.680,80.8,659.6,1.3192,105.90,329.5,0.95,267.0,61.7,0
2026-08-23 17:12:24.386,1594.1,12.510,0.200,2.500,80.8,659.6,1.3200,105.96,329.5,0.95,266.6,61.7,0
2026-08-23 17:12:25.392,1595.1,12.520,0.220,3.480,81.7,666.4,1.3210,106.02,329.2,0.95,265.6,61.7,0
2026-08-23 17:12:26.427,1596.1,12.520,0.290,2.940,81.7,666.4,1.3218,106.10,329.0,0.95,265.4,61.7,0
2026-08-23 17:12:27.467,1597.2,12.510,0.180,2.190,80.8,659.6,1.3225,106.15,329.0,0.95,265.2,61.7,0
2026-08-23 17:12:28.533,1598.2,12.510,0.220,2.690,80.8,659.6,1.3233,106.22,329.0,0.95,265.8,61.7,0
2026-08-23 17:12:29.569,1599.3,12.510,0.150,1.930,80.8,659.6,1.3238,106.26,328.6,0.95,264.9,61.7,0
2026-08-23 17:12:30.609,1600.3,12.520,0.380,4.070,81.7,666.4,1.3250,106.37,328.5,0.95,264.8,62.2,0
2026-08-23 17:12:31.609,1601.3,12.520,0.230,3.070,81.7,666.4,1.3258,106.44,329.9,0.95,267.2,62.2,0
2026-08-23 17:12:32.675,1602.4,12.520,0.270,3.070,81.7,666.4,1.3268,106.52,329.3,0.95,266.4,61.7,0
2026-08-23 17:12:33.729,1603.4,12.510,0.150,2.540,80.8,659.6,1.3275,106.56,330.8,0.95,268.4,61.7,0
2026-08-23 17:12:34.813,1604.5,12.520,0.310,3.490,81.7,666.4,1.3285,106.65,330.0,0.95,267.8,61.7,0
2026-08-23 17:12:35.903,1605.6,12.520,0.220,2.490,81.7,666.4,1.3293,106.72,329.8,0.95,266.7,61.7,0
2026-08-23 17:12:36.943,1606.7,12.520,0.360,3.880,81.7,666.4,1.3304,106.82,329.0,0.95,265.2,61.7,0
2026-08-23 17:12:37.978,1607.7,12.520,0.330,3.870,81.7,666.4,1.3315,106.92,328.7,0.95,264.9,61.7,0
2026-08-23 17:12:39.070,1608.8,12.510,0.180,2.870,80.8,659.6,1.3324,106.97,328.8,0.95,265.7,61.7,0
2026-08-23 17:12:40.135,1609.8,12.520,0.270,2.730,81.7,666.4,1.3332,107.05,329.4,0.95,266.2,62.8,0
2026-08-23 17:12:41.172,1610.9,12.510,0.190,1.740,80.8,659.6,1.3337,107.11,329.2,0.95,265.4,61.7,0
2026-08-23 17:12:42.212,1611.9,12.520,0.220,3.210,81.7,666.4,1.3346,107.17,329.5,0.95,266.5,61.7,0
2026-08-23 17:12:43.234,1612.9,12.520,0.300,3.830,81.7,666.4,1.3357,107.26,329.1,0.95,265.4,61.7,0
2026-08-23 17:12:44.270,1614.0,12.520,0.230,3.470,81.7,666.4,1.3367,107.32,329.7,0.95,266.2,61.7,0
2026-08-23 17:12:45.345,1615.1,12.520,0.220,2.720,81.7,666.4,1.3375,107.39,329.6,0.95,266.3,61.7,0
2026-08-23 17:12:46.370,1616.1,12.510,0.170,2.130,80.8,659.6,1.3381,107.44,331.0,0.96,269.3,62.2,0
2026-08-23 17:12:47.431,1617.1,12.510,0.140,1.750,80.8,659.6,1.3387,107.48,329.9,0.96,267.9,62.2,0
2026-08-23 17:12:48.519,1618.2,12.510,0.170,2.080,80.8,659.6,1.3393,107.53,330.1,0.95,266.9,61.7,0
2026-08-23 17:12:49.526,1619.2,12.520,0.190,3.120,81.7,666.4,1.3402,107.58,329.9,0.95,266.9,62.2,0
2026-08-23 17:12:50.561,1620.3,12.520,0.240,2.980,81.7,666.4,1.3410,107.65,328.8,0.95,265.2,61.7,0
2026-08-23 17:12:51.602,1621.3,12.510,0.210,3.260,80.8,659.6,1.3420,107.71,328.8,0.95,264.5,61.7,0
2026-08-23 17:12:52.602,1622.3,12.510,0.260,2.600,80.8,659.6,1.3427,107.78,328.8,0.95,264.3,61.7,0
2026-08-23 17:12:53.668,1623.4,12.510,0.180,1.530,80.8,659.6,1.3431,107.84,329.3,0.95,266.0,61.7,0
2026-08-23 17:12:54.738,1624.5,12.510,0.150,1.930,80.8,659.6,1.3437,107.88,330.5,0.95,267.2,61.7,0
2026-08-23 17:12:55.833,1625.5,12.510,0.240,2.590,80.8,659.6,1.3445,107.95,329.2,0.95,265.2,62.2,0
2026-08-23 17:12:56.899,1626.6,12.520,0.410,4.650,81.7,666.4,1.3459,108.08,329.0,0.95,265.3,61.7,0
2026-08-23 17:12:57.936,1627.6,12.520,0.290,3.690,81.7,666.4,1.3469,108.16,329.0,0.95,265.6,61.7,0
2026-08-23 17:12:59.027,1628.7,12.510,0.170,2.510,80.8,659.6,1.3477,108.21,330.6,0.96,268.9,61.7,0
2026-08-23 17:13:00.066,1629.8,12.520,0.220,2.720,81.7,666.4,1.3485,108.27,328.9,0.95,265.2,61.7,0
2026-08-23 17:13:01.159,1630.9,12.510,0.150,1.820,80.8,659.6,1.3490,108.32,328.7,0.95,265.2,61.7,0
2026-08-23 17:13:02.180,1631.9,12.510,0.200,2.850,80.8,659.6,1.3498,108.38,329.1,0.95,265.7,61.7,0
2026-08-23 17:13:03.275,1633.0,12.520,0.230,2.250,81.7,666.4,1.3505,108.45,329.4,0.95,265.5,61.7,0
2026-08-23 17:13:04.314,1634.0,12.520,0.250,3.110,81.7,666.4,1.3514,108.52,329.1,0.95,265.5,61.7,0
2026-08-23 17:13:05.380,1635.1,12.510,0.170,2.870,80.8,659.6,1.3523,108.57,329.2,0.95,265.6,61.7,0
2026-08-23 17:13:06.472,1636.2,12.520,0.270,3.320,81.7,666.4,1.3533,108.65,329.3,0.95,266.1,61.7,0
2026-08-23 17:13:07.509,1637.2,12.510,0.180,1.560,80.8,659.6,1.3537,108.70,328.6,0.95,264.7,61.7,0
2026-08-23 17:13:08.515,1638.2,12.510,0.210,2.600,80.8,659.6,1.3545,108.76,328.2,0.95,264.4,61.1,0
2026-08-23 17:13:09.591,1639.3,12.520,0.210,3.350,81.7,666.4,1.3555,108.82,329.5,0.95,266.4,61.7,0
2026-08-23 17:13:10.613,1640.3,12.520,0.290,3.670,81.7,666.4,1.3565,108.91,330.6,0.96,268.7,61.7,0
2026-08-23 17:13:11.704,1641.4,12.510,0.160,2.730,80.8,659.6,1.3573,108.96,330.5,0.96,269.0,62.2,0
2026-08-23 17:13:12.792,1642.5,12.510,0.230,3.220,80.8,659.6,1.3583,109.02,329.5,0.95,265.8,61.7,0
2026-08-23 17:13:13.799,1643.5,12.510,0.170,1.680,80.8,659.6,1.3588,109.07,329.3,0.95,266.1,61.7,0
2026-08-23 17:13:14.834,1644.5,12.520,0.210,2.630,81.7,666.4,1.3595,109.13,329.0,0.95,265.4,61.7,0
2026-08-23 17:13:15.837,1645.6,12.520,0.260,3.300,81.7,666.4,1.3604,109.21,329.4,0.95,265.9,62.2,0
2026-08-23 17:13:16.873,1646.6,12.520,0.300,3.870,81.7,666.4,1.3616,109.29,329.4,0.95,265.6,61.7,0
2026-08-23 17:13:17.873,1647.6,12.520,0.280,3.140,81.7,666.4,1.3624,109.37,330.3,0.95,266.0,61.7,0
2026-08-23 17:13:18.942,1648.7,12.520,0.270,3.380,81.7,666.4,1.3634,109.45,328.3,0.95,264.5,61.7,0
2026-08-23 17:13:20.007,1649.7,12.510,0.160,1.990,80.8,659.6,1.3640,109.50,329.2,0.95,265.6,61.7,0
2026-08-23 17:13:21.102,1650.8,12.520,0.210,2.630,81.7,666.4,1.3648,109.56,329.7,0.95,265.6,61.7,0
2026-08-23 17:13:22.176,1651.9,12.520,0.240,2.980,81.7,666.4,1.3657,109.63,329.6,0.95,266.9,62.2,0
2026-08-23 17:13:23.214,1652.9,12.520,0.370,3.870,81.7,666.4,1.3668,109.74,329.4,0.95,265.9,61.7,0
2026-08-23 17:13:24.269,1654.0,12.520,0.250,2.970,81.7,666.4,1.3677,109.81,329.3,0.95,266.1,61.7,0
2026-08-23 17:13:25.271,1655.0,12.520,0.230,2.940,81.7,666.4,1.3685,109.88,329.4,0.95,265.7,61.7,0
2026-08-23 17:13:26.336,1656.1,12.510,0.130,2.240,80.8,659.6,1.3692,109.91,328.8,0.95,265.6,61.7,0
2026-08-23 17:13:27.371,1657.1,12.510,0.320,3.190,80.8,659.6,1.3701,110.01,329.4,0.95,265.3,61.7,0
2026-08-23 17:13:28.411,1658.1,12.520,0.230,2.890,81.7,666.4,1.3709,110.07,329.9,0.95,267.3,61.7,0
2026-08-23 17:13:29.447,1659.2,12.520,0.330,4.810,81.7,666.4,1.3723,110.17,329.6,0.95,266.8,61.7,0
2026-08-23 17:13:30.447,1660.2,12.520,0.260,3.150,81.7,666.4,1.3732,110.24,328.0,0.95,263.8,61.7,0
2026-08-23 17:13:31.486,1661.2,12.520,0.270,3.810,81.7,666.4,1.3743,110.32,329.1,0.95,266.2,62.2,0
2026-08-23 17:13:32.486,1662.2,12.510,0.200,2.360,80.8,659.6,1.3749,110.37,328.6,0.95,264.4,62.2,0
2026-08-23 17:13:33.552,1663.3,12.520,0.290,4.430,81.7,666.4,1.3763,110.46,329.8,0.95,266.6,61.7,0
2026-08-23 17:13:34.644,1664.4,12.510,0.170,2.150,80.8,659.6,1.3769,110.51,329.3,0.95,266.3,61.7,0
2026-08-23 17:13:35.727,1665.4,12.520,0.200,3.030,81.7,666.4,1.3778,110.57,330.8,0.96,268.6,61.7,0
2026-08-23 17:13:36.781,1666.5,12.520,0.340,4.230,81.7,666.4,1.3791,110.67,329.5,0.95,266.2,61.7,0
2026-08-23 17:13:37.850,1667.6,12.520,0.200,3.260,81.7,666.4,1.3800,110.73,329.8,0.95,265.9,61.7,0
2026-08-23 17:13:38.915,1668.6,12.520,0.290,2.970,81.7,666.4,1.3809,110.82,329.0,0.95,265.3,61.7,0
2026-08-23 17:13:40.006,1669.7,12.520,0.200,1.910,81.7,666.4,1.3815,110.88,328.9,0.95,265.3,61.7,0
2026-08-23 17:13:41.042,1670.8,12.510,0.190,2.630,80.8,659.6,1.3822,110.93,329.1,0.95,265.3,61.7,0
2026-08-23 17:13:42.109,1671.8,12.520,0.190,2.250,81.7,666.4,1.3829,110.99,329.3,0.95,266.0,61.7,0
2026-08-23 17:13:43.179,1672.9,12.520,0.260,3.250,81.7,666.4,1.3839,111.07,329.2,0.95,265.6,61.7,0
2026-08-23 17:13:44.245,1674.0,12.520,0.290,3.670,81.7,666.4,1.3850,111.15,329.3,0.95,266.5,61.7,0
2026-08-23 17:13:45.282,1675.0,12.520,0.230,2.880,81.7,666.4,1.3858,111.22,329.0,0.95,265.7,61.7,0
2026-08-23 17:13:46.357,1676.1,12.510,0.190,2.950,80.8,659.6,1.3867,111.27,329.8,0.95,266.1,61.7,0
2026-08-23 17:13:47.441,1677.2,12.510,0.170,2.490,80.8,659.6,1.3874,111.33,329.6,0.95,267.0,61.7,0
2026-08-23 17:13:48.532,1678.2,12.520,0.240,2.670,81.7,666.4,1.3882,111.40,329.8,0.95,267.3,61.7,0
2026-08-23 17:13:49.580,1679.3,12.510,0.190,2.370,80.8,659.6,1.3889,111.45,329.7,0.95,267.0,61.7,0
2026-08-23 17:13:50.645,1680.4,12.520,0.200,3.190,81.7,666.4,1.3899,111.51,328.8,0.95,265.2,61.7,0
2026-08-23 17:13:51.680,1681.4,12.520,0.300,3.780,81.7,666.4,1.3910,111.60,329.4,0.95,265.7,61.7,0
2026-08-23 17:13:52.683,1682.4,12.520,0.250,3.690,81.7,666.4,1.3920,111.67,329.5,0.95,266.6,61.7,0
2026-08-23 17:13:53.718,1683.4,12.510,0.180,1.690,80.8,659.6,1.3925,111.72,328.6,0.95,264.8,61.7,0
2026-08-23 17:13:54.784,1684.5,12.510,0.170,2.150,80.8,659.6,1.3931,111.77,329.0,0.95,265.2,61.7,0
2026-08-23 17:13:55.876,1685.6,12.520,0.180,2.920,81.7,666.4,1.3940,111.82,328.0,0.95,264.3,61.7,0
2026-08-23 17:13:56.912,1686.6,12.520,0.250,2.460,81.7,666.4,1.3947,111.90,330.0,0.95,266.4,61.1,0
2026-08-23 17:13:57.949,1687.7,12.520,0.310,3.330,81.7,666.4,1.3957,111.99,329.8,0.95,266.3,62.2,0
2026-08-23 17:13:59.033,1688.7,12.510,0.210,2.680,80.8,659.6,1.3965,112.05,328.9,0.95,265.8,62.2,0
2026-08-23 17:14:00.124,1689.8,12.520,0.270,3.340,81.7,666.4,1.3975,112.13,330.2,0.95,267.9,61.1,0
2026-08-23 17:14:01.185,1690.9,12.510,0.210,2.510,80.8,659.6,1.3982,112.19,329.6,0.96,267.6,61.7,0
2026-08-23 17:14:02.197,1691.9,12.520,0.310,4.170,81.7,666.4,1.3994,112.28,328.9,0.95,265.6,61.7,0
2026-08-23 17:14:03.232,1692.9,12.520,0.220,2.740,81.7,666.4,1.4002,112.34,329.0,0.95,265.3,61.7,0
2026-08-23 17:14:04.269,1694.0,12.520,0.320,4.170,81.7,666.4,1.4014,112.44,328.7,0.95,264.7,62.2,0
2026-08-23 17:14:05.308,1695.0,12.520,0.250,3.520,81.7,666.4,1.4024,112.51,329.3,0.95,265.5,62.2,0
2026-08-23 17:14:06.307,1696.0,12.510,0.200,2.140,80.8,659.6,1.4030,112.56,329.8,0.95,265.8,61.7,0
2026-08-23 17:14:07.315,1697.0,12.510,0.180,2.330,80.8,659.6,1.4036,112.61,328.6,0.95,265.6,61.7,0
2026-08-23 17:14:08.384,1698.1,12.520,0.270,2.830,81.7,666.4,1.4045,112.69,329.0,0.95,265.1,62.2,0
2026-08-23 17:14:09.479,1699.2,12.520,0.180,2.570,81.7,666.4,1.4053,112.75,328.7,0.95,264.8,61.7,0
2026-08-23 17:14:10.577,1700.3,12.520,0.290,3.590,81.7,666.4,1.4064,112.84,329.9,0.95,267.1,61.7,0
2026-08-23 17:14:11.631,1701.3,12.520,0.310,4.010,81.7,666.4,1.4075,112.93,330.7,0.95,268.4,61.7,0
2026-08-23 17:14:12.691,1702.4,12.520,0.260,3.250,81.7,666.4,1.4085,113.00,329.8,0.95,267.4,61.7,0
2026-08-23 17:14:13.779,1703.5,12.520,0.240,3.010,81.7,666.4,1.4094,113.08,329.8,0.95,266.6,61.7,0
2026-08-23 17:14:14.786,1704.5,12.510,0.140,2.480,80.8,659.6,1.4101,113.12,328.8,0.95,265.9,61.7,0
2026-08-23 17:14:15.822,1705.5,12.520,0.220,2.350,81.7,666.4,1.4108,113.18,329.2,0.95,265.9,61.7,0
2026-08-23 17:14:16.862,1706.6,12.520,0.220,2.230,81.7,666.4,1.4114,113.24,329.8,0.95,266.7,61.7,0
2026-08-23 17:14:17.897,1707.6,12.520,0.330,4.080,81.7,666.4,1.4126,113.34,329.4,0.95,265.7,61.7,0
2026-08-23 17:14:18.933,1708.6,12.520,0.230,2.920,81.7,666.4,1.4134,113.40,328.9,0.95,265.2,61.7,0
2026-08-23 17:14:19.974,1709.7,12.520,0.270,2.610,81.7,666.4,1.4142,113.48,328.8,0.95,265.0,61.7,0
2026-08-23 17:14:20.996,1710.7,12.510,0.190,1.860,80.8,659.6,1.4147,113.54,329.2,0.95,265.8,61.7,0
2026-08-23 17:14:22.032,1711.7,12.520,0.220,2.760,81.7,666.4,1.4155,113.60,329.1,0.95,265.7,61.7,0
2026-08-23 17:14:23.081,1712.8,12.510,0.200,2.390,80.8,659.6,1.4162,113.66,329.6,0.95,266.9,61.7,0
2026-08-23 17:14:24.098,1713.8,12.520,0.260,3.990,81.7,666.4,1.4173,113.73,330.7,0.96,268.9,61.7,0
2026-08-23 17:14:25.119,1714.8,12.520,0.280,3.550,81.7,666.4,1.4183,113.81,330.5,0.96,268.4,61.7,0
2026-08-23 17:14:26.167,1715.9,12.510,0.190,2.950,80.8,659.6,1.4192,113.87,329.2,0.95,265.9,61.7,0
2026-08-23 17:14:27.202,1716.9,12.510,0.200,2.500,80.8,659.6,1.4199,113.92,328.9,0.95,265.2,61.7,0
2026-08-23 17:14:28.297,1718.0,12.510,0.240,3.020,80.8,659.6,1.4208,114.00,328.7,0.95,264.8,61.7,0
2026-08-23 17:14:29.352,1719.1,12.520,0.180,2.190,81.7,666.4,1.4215,114.05,329.0,0.95,265.6,62.2,0
2026-08-23 17:14:30.418,1720.1,12.520,0.310,3.850,81.7,666.4,1.4226,114.14,329.7,0.95,266.3,61.7,0
2026-08-23 17:14:31.455,1721.2,12.520,0.230,2.250,81.7,666.4,1.4233,114.21,329.0,0.95,265.7,62.2,0
2026-08-23 17:14:32.525,1722.2,12.510,0.200,2.540,80.8,659.6,1.4240,114.27,328.3,0.95,264.3,61.7,0
2026-08-23 17:14:33.591,1723.3,12.440,0.140,2.430,75.4,615.1,1.4247,114.31,328.8,0.95,265.9,61.7,0
2026-08-23 17:14:34.643,1724.4,12.520,0.280,4.220,81.7,666.4,1.4260,114.39,327.5,0.95,263.2,61.7,1053
2026-08-23 17:14:35.671,1725.4,12.510,0.230,3.360,80.8,659.6,1.4269,114.46,328.1,0.95,265.2,61.7,691
2026-08-23 17:14:36.727,1726.4,12.520,0.340,4.760,81.7,666.4,1.4283,114.56,327.0,0.95,264.9,61.7,935
2026-08-23 17:14:37.817,1727.5,12.470,0.190,2.810,77.7,634.0,1.4292,114.61,327.2,0.95,263.7,61.7,759
2026-08-23 17:14:38.886,1728.6,12.520,0.290,2.980,81.7,666.4,1.4301,114.70,328.6,0.95,265.0,61.7,1601
2026-08-23 17:14:39.951,1729.7,12.520,0.230,2.840,81.7,666.4,1.4309,114.77,327.2,0.95,264.1,61.7,2564
2026-08-23 17:14:41.042,1730.8,12.510,0.180,2.160,80.8,659.6,1.4316,114.82,328.1,0.95,264.6,62.2,273
2026-08-23 17:14:42.079,1731.8,12.520,0.260,3.260,81.7,666.4,1.4325,114.90,328.9,0.95,265.2,61.7,60
2026-08-23 17:14:43.101,1732.8,12.520,0.370,4.650,81.7,666.4,1.4338,115.00,328.1,0.95,264.5,61.7,90
2026-08-23 17:14:44.171,1733.9,12.510,0.310,3.200,80.8,659.6,1.4348,115.09,327.4,0.94,262.6,61.7,279
2026-08-23 17:14:45.237,1735.0,12.520,0.210,3.150,81.7,666.4,1.4357,115.16,329.4,0.95,266.2,61.7,0
2026-08-23 17:14:46.273,1736.0,12.520,0.230,2.940,81.7,666.4,1.4365,115.22,328.9,0.95,265.4,61.1,0
2026-08-23 17:14:47.348,1737.1,12.510,0.160,2.520,80.8,659.6,1.4373,115.27,328.2,0.95,264.1,61.1,0
2026-08-23 17:14:48.432,1738.1,12.520,0.270,3.390,81.7,666.4,1.4383,115.35,329.6,0.95,267.0,61.7,0
2026-08-23 17:14:49.522,1739.2,12.520,0.200,1.950,81.7,666.4,1.4389,115.41,329.5,0.95,266.6,61.7,0
2026-08-23 17:14:50.570,1740.3,12.520,0.390,4.970,81.7,666.4,1.4404,115.53,330.4,0.95,267.4,61.7,0
2026-08-23 17:14:51.636,1741.3,12.520,0.270,3.490,81.7,666.4,1.4414,115.60,328.7,0.95,264.9,61.1,0
2026-08-23 17:14:52.671,1742.4,12.520,0.220,2.740,81.7,666.4,1.4422,115.67,328.6,0.95,265.0,61.7,0
2026-08-23 17:14:53.673,1743.4,12.520,0.190,2.640,81.7,666.4,1.4429,115.72,328.8,0.95,265.6,61.7,0
2026-08-23 17:14:54.709,1744.4,12.520,0.290,3.920,81.7,666.4,1.4440,115.80,329.3,0.95,265.6,62.2,0
2026-08-23 17:14:55.804,1745.5,12.510,0.150,1.880,80.8,659.6,1.4446,115.85,330.0,0.95,266.2,61.7,0
2026-08-23 17:14:56.895,1746.6,12.520,0.330,4.050,81.7,666.4,1.4458,115.95,328.6,0.95,265.2,61.7,0
2026-08-23 17:14:57.962,1747.7,12.520,0.300,3.740,81.7,666.4,1.4469,116.04,328.9,0.95,265.8,61.7,0
2026-08-23 17:14:58.998,1748.7,12.520,0.230,3.210,81.7,666.4,1.4479,116.11,329.6,0.95,266.0,61.7,0
2026-08-23 17:15:00.089,1749.8,12.520,0.260,3.170,81.7,666.4,1.4488,116.18,329.2,0.95,266.2,61.7,0
2026-08-23 17:15:01.173,1750.9,12.510,0.180,2.830,80.8,659.6,1.4497,116.24,330.8,0.96,268.8,61.7,0
2026-08-23 17:15:02.197,1751.9,12.510,0.200,1.810,80.8,659.6,1.4502,116.30,329.9,0.95,267.1,61.7,113
2026-08-23 17:15:03.235,1752.9,12.520,0.240,2.300,81.7,666.4,1.4509,116.36,328.9,0.95,265.1,61.7,0
2026-08-23 17:15:04.301,1754.0,12.520,0.330,4.080,81.7,666.4,1.4521,116.46,329.0,0.95,265.2,61.7,0
2026-08-23 17:15:05.392,1755.1,12.520,0.260,3.170,81.7,666.4,1.4530,116.54,328.5,0.95,265.0,61.7,3163
2026-08-23 17:15:06.428,1756.1,12.520,0.260,3.970,81.7,666.4,1.4542,116.62,329.7,0.95,265.8,61.7,83
2026-08-23 17:15:07.465,1757.2,12.510,0.140,2.430,80.8,659.6,1.4549,116.66,329.6,0.95,266.0,61.7,0
2026-08-23 17:15:08.505,1758.2,12.520,0.330,4.290,81.7,666.4,1.4561,116.75,329.1,0.95,265.8,61.7,0
2026-08-23 17:15:09.540,1759.3,12.520,0.220,2.740,81.7,666.4,1.4569,116.81,329.8,0.95,266.1,61.7,0
2026-08-23 17:15:10.540,1760.3,12.520,0.350,4.390,81.7,666.4,1.4581,116.91,330.3,0.95,267.4,61.7,0
2026-08-23 17:15:11.615,1761.3,12.510,0.220,3.060,80.8,659.6,1.4590,116.98,328.8,0.95,265.7,61.7,0
2026-08-23 17:15:12.700,1762.4,12.520,0.250,3.130,81.7,666.4,1.4600,117.05,330.2,0.96,268.5,61.7,0
2026-08-23 17:15:13.790,1763.5,12.520,0.210,2.930,81.7,666.4,1.4609,117.12,329.3,0.95,266.4,61.7,0
2026-08-23 17:15:14.838,1764.6,12.510,0.160,2.380,80.8,659.6,1.4616,117.16,330.1,0.95,267.4,61.7,0
2026-08-23 17:15:15.904,1765.6,12.520,0.220,2.730,81.7,666.4,1.4624,117.23,328.9,0.95,265.0,61.7,5
2026-08-23 17:15:16.939,1766.7,12.510,0.190,2.830,80.8,659.6,1.4632,117.28,328.7,0.95,264.9,61.7,0
2026-08-23 17:15:17.941,1767.7,12.520,0.290,3.600,81.7,666.4,1.4642,117.36,328.8,0.95,265.3,61.7,0
2026-08-23 17:15:18.977,1768.7,12.520,0.240,3.140,81.7,666.4,1.4651,117.43,329.3,0.95,265.6,61.7,25
2026-08-23 17:15:20.072,1769.8,12.520,0.190,2.990,81.7,666.4,1.4660,117.49,329.5,0.95,265.7,61.7,46
2026-08-23 17:15:21.163,1770.9,12.520,0.210,2.240,81.7,666.4,1.4667,117.55,328.1,0.95,264.5,61.7,42
2026-08-23 17:15:22.230,1771.9,12.520,0.290,3.780,81.7,666.4,1.4678,117.64,328.2,0.95,265.5,61.7,244
2026-08-23 17:15:23.266,1773.0,12.520,0.240,2.860,81.7,666.4,1.4686,117.71,329.8,0.95,266.5,61.7,217
2026-08-23 17:15:24.357,1774.1,12.520,0.370,3.960,81.7,666.4,1.4698,117.82,329.3,0.95,266.0,61.7,95
2026-08-23 17:15:25.441,1775.2,12.520,0.280,3.500,81.7,666.4,1.4709,117.91,330.6,0.96,268.4,61.7,979
2026-08-23 17:15:26.465,1776.2,12.520,0.300,3.760,81.7,666.4,1.4719,117.99,328.8,0.95,265.3,61.7,273
2026-08-23 17:15:27.503,1777.2,12.510,0.160,1.990,80.8,659.6,1.4725,118.04,328.9,0.95,265.5,61.7,278
2026-08-23 17:15:28.569,1778.3,12.520,0.200,2.730,81.7,666.4,1.4733,118.10,329.4,0.95,265.8,61.7,0
2026-08-23 17:15:29.661,1779.4,12.520,0.280,3.310,81.7,666.4,1.4743,118.18,329.5,0.95,266.4,61.7,0
2026-08-23 17:15:30.696,1780.4,12.520,0.220,2.770,81.7,666.4,1.4751,118.24,329.9,0.95,266.2,61.7,0
2026-08-23 17:15:31.732,1781.4,12.520,0.270,2.830,81.7,666.4,1.4759,118.32,329.5,0.95,266.0,61.7,0
2026-08-23 17:15:32.773,1782.5,12.520,0.280,3.630,81.7,666.4,1.4770,118.40,329.1,0.95,265.9,61.7,0
2026-08-23 17:15:33.808,1783.5,12.510,0.190,2.500,80.8,659.6,1.4777,118.46,329.6,0.95,265.3,61.7,494
2026-08-23 17:15:34.845,1784.6,12.520,0.180,2.890,81.7,666.4,1.4785,118.51,329.5,0.95,266.5,61.7,609
2026-08-23 17:15:35.920,1785.6,12.520,0.180,2.740,81.7,666.4,1.4794,118.56,329.7,0.95,266.5,61.7,102
2026-08-23 17:15:37.003,1786.7,12.510,0.200,2.480,80.8,659.6,1.4801,118.62,330.6,0.95,268.0,61.7,0
2026-08-23 17:15:38.057,1787.8,12.520,0.300,3.280,81.7,666.4,1.4811,118.71,330.2,0.95,267.4,61.7,0
2026-08-23 17:15:39.105,1788.8,12.520,0.270,3.000,81.7,666.4,1.4819,118.79,331.1,0.95,268.6,61.7,16
2026-08-23 17:15:40.170,1789.9,12.520,0.190,2.910,81.7,666.4,1.4828,118.85,329.2,0.95,265.5,61.1,0
2026-08-23 17:15:41.205,1790.9,12.510,0.180,2.200,80.8,659.6,1.4834,118.90,329.3,0.95,265.8,61.7,0
2026-08-23 17:15:42.208,1791.9,12.520,0.210,2.930,81.7,666.4,1.4842,118.96,329.9,0.95,266.6,61.7,0
2026-08-23 17:15:43.244,1793.0,12.520,0.200,3.270,81.7,666.4,1.4852,119.01,328.5,0.95,265.2,61.7,0
2026-08-23 17:15:44.280,1794.0,12.520,0.320,3.590,81.7,666.4,1.4862,119.11,330.9,0.95,268.3,62.2,0
2026-08-23 17:15:45.282,1795.0,12.520,0.300,3.810,81.7,666.4,1.4873,119.19,331.3,0.95,268.9,61.7,0
2026-08-23 17:15:46.319,1796.0,12.510,0.190,2.410,80.8,659.6,1.4880,119.24,330.5,0.95,268.2,61.7,0
2026-08-23 17:15:47.354,1797.1,12.520,0.240,3.530,81.7,666.4,1.4890,119.31,331.2,0.95,268.6,61.7,0
2026-08-23 17:15:48.405,1798.1,12.520,0.170,2.120,81.7,666.4,1.4896,119.36,330.2,0.95,267.7,61.7,0
2026-08-23 17:15:49.459,1799.2,12.520,0.310,3.870,81.7,666.4,1.4907,119.45,332.1,0.96,270.9,61.7,6
2026-08-23 17:15:50.484,1800.2,12.520,0.250,3.150,81.7,666.4,1.4916,119.52,332.5,0.96,271.6,61.7,0
2026-08-23 17:15:51.581,1801.3,12.520,0.210,2.620,81.7,666.4,1.4924,119.59,331.9,0.96,269.4,61.7,0
2026-08-23 17:15:52.587,1802.3,12.510,0.150,2.410,80.8,659.6,1.4931,119.63,330.1,0.95,267.3,61.7,0
2026-08-23 17:15:53.623,1803.3,12.520,0.280,3.220,81.7,666.4,1.4940,119.71,331.8,0.96,269.8,61.1,0
2026-08-23 17:15:54.634,1804.3,12.520,0.250,3.150,81.7,666.4,1.4949,119.78,332.2,0.96,270.5,61.7,0
2026-08-23 17:15:55.634,1805.3,12.520,0.400,4.970,81.7,666.4,1.4963,119.89,331.5,0.96,269.6,61.1,0
2026-08-23 17:15:56.700,1806.4,12.520,0.270,3.350,81.7,666.4,1.4973,119.97,331.0,0.95,268.5,61.7,0
2026-08-23 17:15:57.710,1807.4,12.510,0.220,2.870,80.8,659.6,1.4981,120.03,332.1,0.96,271.1,61.7,0
2026-08-23 17:15:58.747,1808.5,12.510,0.210,3.000,80.8,659.6,1.4990,120.09,330.5,0.95,267.2,61.7,0
2026-08-23 17:15:59.842,1809.6,12.520,0.300,3.090,81.7,666.4,1.4999,120.19,330.8,0.95,268.1,61.7,0
2026-08-23 17:16:00.927,1810.6,12.520,0.160,2.610,81.7,666.4,1.5007,120.23,332.0,0.96,270.9,61.7,0
2026-08-23 17:16:02.017,1811.7,12.520,0.250,3.070,81.7,666.4,1.5016,120.31,329.7,0.95,267.1,61.7,4
2026-08-23 17:16:03.101,1812.8,12.520,0.290,3.580,81.7,666.4,1.5027,120.40,330.6,0.96,268.4,61.7,0
2026-08-23 17:16:04.170,1813.9,12.520,0.230,2.240,81.7,666.4,1.5034,120.47,329.3,0.95,265.3,61.7,0
2026-08-23 17:16:05.205,1814.9,12.520,0.160,2.050,81.7,666.4,1.5039,120.51,329.3,0.95,265.3,61.7,0
2026-08-23 17:16:06.356,1816.1,12.520,0.210,2.690,81.7,666.4,1.5048,120.58,329.8,0.95,266.2,61.1,0
2026-08-23 17:16:07.363,1817.1,12.520,0.260,3.230,81.7,666.4,1.5057,120.65,327.8,0.95,263.6,61.7,0
2026-08-23 17:16:08.400,1818.1,12.520,0.180,2.850,81.7,666.4,1.5065,120.70,329.3,0.95,266.1,61.7,0
2026-08-23 17:16:09.470,1819.2,12.520,0.340,4.220,81.7,666.4,1.5078,120.80,329.3,0.95,266.3,62.2,0
2026-08-23 17:16:10.506,1820.2,12.520,0.240,3.030,81.7,666.4,1.5087,120.87,331.3,0.96,269.5,61.7,7
2026-08-23 17:16:11.572,1821.3,12.520,0.280,3.900,81.7,666.4,1.5098,120.96,329.4,0.95,266.5,61.1,0
2026-08-23 17:16:12.647,1822.4,12.520,0.210,2.610,81.7,666.4,1.5106,121.02,332.1,0.96,269.9,61.7,0
2026-08-23 17:16:13.738,1823.5,12.510,0.130,2.230,80.8,659.6,1.5113,121.06,331.9,0.96,270.4,61.7,0
2026-08-23 17:16:14.822,1824.5,12.510,0.180,2.210,80.8,659.6,1.5119,121.11,332.7,0.96,271.5,61.7,0
2026-08-23 17:16:15.870,1825.6,12.510,0.200,2.520,80.8,659.6,1.5127,121.17,330.5,0.95,267.5,61.7,0
2026-08-23 17:16:16.904,1826.6,12.520,0.280,3.570,81.7,666.4,1.5137,121.25,331.1,0.95,268.3,61.7,0
2026-08-23 17:16:17.970,1827.7,12.510,0.180,2.750,80.8,659.6,1.5145,121.30,330.2,0.95,267.3,61.7,0
2026-08-23 17:16:19.062,1828.8,12.520,0.330,3.570,81.7,666.4,1.5156,121.40,331.0,0.95,267.9,61.7,0
2026-08-23 17:16:20.099,1829.8,12.520,0.180,2.260,81.7,666.4,1.5162,121.46,331.2,0.95,268.8,61.7,0
2026-08-23 17:16:21.135,1830.8,12.520,0.300,3.040,81.7,666.4,1.5171,121.54,330.9,0.95,267.5,61.7,5
2026-08-23 17:16:22.175,1831.9,12.520,0.250,3.110,81.7,666.4,1.5180,121.62,329.2,0.95,265.8,61.1,0
2026-08-23 17:16:23.211,1832.9,12.520,0.380,4.400,81.7,666.4,1.5193,121.72,329.4,0.95,266.1,61.1,0
2026-08-23 17:16:24.248,1834.0,12.520,0.230,2.340,81.7,666.4,1.5200,121.79,329.0,0.95,265.7,61.7,0
2026-08-23 17:16:25.339,1835.1,12.520,0.260,3.990,81.7,666.4,1.5212,121.87,328.3,0.95,264.7,61.1,0
2026-08-23 17:16:26.423,1836.1,12.510,0.160,1.960,80.8,659.6,1.5218,121.92,329.8,0.95,267.1,61.7,0
2026-08-23 17:16:27.447,1837.2,12.520,0.230,2.870,81.7,666.4,1.5226,121.98,325.9,0.95,262.3,61.1,1020
2026-08-23 17:16:28.485,1838.2,12.520,0.210,2.650,81.7,666.4,1.5233,122.04,326.4,0.95,262.8,61.1,1008
2026-08-23 17:16:29.551,1839.3,12.520,0.320,4.320,81.7,666.4,1.5246,122.14,327.0,0.95,263.2,61.7,1678
2026-08-23 17:16:30.642,1840.4,12.520,0.270,3.460,81.7,666.4,1.5257,122.22,328.9,0.95,265.3,61.7,951
2026-08-23 17:16:31.680,1841.4,12.520,0.280,3.450,81.7,666.4,1.5267,122.30,328.8,0.95,265.5,61.7,65
2026-08-23 17:16:32.715,1842.4,12.520,0.240,3.180,81.7,666.4,1.5276,122.37,329.3,0.95,265.6,61.1,60
2026-08-23 17:16:33.726,1843.4,12.520,0.190,2.500,81.7,666.4,1.5283,122.42,328.1,0.95,263.9,61.7,0
2026-08-23 17:16:34.793,1844.5,12.510,0.210,2.940,80.8,659.6,1.5291,122.49,329.4,0.95,266.2,61.1,0
2026-08-23 17:16:35.829,1845.5,12.520,0.340,3.590,81.7,666.4,1.5302,122.58,329.0,0.95,265.6,61.7,0
2026-08-23 17:16:36.904,1846.6,12.520,0.290,2.870,81.7,666.4,1.5310,122.67,329.6,0.95,265.7,61.1,0
2026-08-23 17:16:37.958,1847.7,12.520,0.240,2.660,81.7,666.4,1.5318,122.74,329.0,0.95,265.7,61.1,0
2026-08-23 17:16:39.042,1848.8,12.520,0.240,3.200,81.7,666.4,1.5328,122.81,330.6,0.95,268.2,61.7,9
2026-08-23 17:16:40.090,1849.8,12.520,0.160,2.530,81.7,666.4,1.5335,122.86,330.9,0.95,268.1,61.7,0
2026-08-23 17:16:41.125,1850.8,12.520,0.200,2.440,81.7,666.4,1.5342,122.92,331.8,0.95,269.4,61.7,523
2026-08-23 17:16:42.190,1851.9,12.520,0.240,2.750,81.7,666.4,1.5350,122.99,331.2,0.95,268.8,62.2,310
2026-08-23 17:16:43.282,1853.0,12.520,0.370,3.890,81.7,666.4,1.5362,123.10,330.3,0.95,267.4,61.7,102
2026-08-23 17:16:44.319,1854.0,12.520,0.260,3.240,81.7,666.4,1.5371,123.17,328.6,0.95,266.1,61.7,201
2026-08-23 17:16:45.355,1855.1,12.520,0.330,4.130,81.7,666.4,1.5383,123.27,331.2,0.95,268.2,61.1,725
2026-08-23 17:16:46.395,1856.1,12.510,0.130,1.660,80.8,659.6,1.5388,123.31,331.7,0.96,269.4,61.7,81
2026-08-23 17:16:47.431,1857.1,12.520,0.270,3.330,81.7,666.4,1.5398,123.38,332.4,0.96,270.4,61.7,186
2026-08-23 17:16:48.468,1858.2,12.520,0.240,2.370,81.7,666.4,1.5405,123.45,332.0,0.96,270.1,61.7,194
2026-08-23 17:16:49.559,1859.3,12.520,0.200,2.470,81.7,666.4,1.5412,123.51,331.5,0.96,269.3,61.7,0
2026-08-23 17:16:50.643,1860.4,12.520,0.310,4.350,81.7,666.4,1.5425,123.61,333.1,0.96,272.2,61.7,37
2026-08-23 17:16:51.667,1861.4,12.520,0.250,2.790,81.7,666.4,1.5433,123.68,332.6,0.96,271.1,61.7,61
2026-08-23 17:16:52.705,1862.4,12.520,0.240,2.340,81.7,666.4,1.5440,123.75,331.4,0.96,269.1,61.7,80
2026-08-23 17:16:53.770,1863.5,12.520,0.170,2.150,81.7,666.4,1.5446,123.80,331.9,0.96,269.8,61.1,0
2026-08-23 17:16:54.862,1864.6,12.520,0.290,3.610,81.7,666.4,1.5457,123.89,331.9,0.96,269.8,61.1,0
2026-08-23 17:16:55.897,1865.6,12.520,0.220,2.750,81.7,666.4,1.5465,123.95,332.7,0.96,270.6,61.1,0
2026-08-23 17:16:56.934,1866.6,12.520,0.370,4.680,81.7,666.4,1.5478,124.06,331.8,0.96,269.7,61.7,0
2026-08-23 17:16:57.974,1867.7,12.520,0.260,3.220,81.7,666.4,1.5488,124.13,332.0,0.96,270.0,61.7,0
2026-08-23 17:16:59.010,1868.7,12.520,0.240,2.560,81.7,666.4,1.5495,124.20,332.0,0.96,269.9,61.7,0
2026-08-23 17:17:00.045,1869.8,12.520,0.150,2.500,81.7,666.4,1.5502,124.24,329.8,0.95,266.9,61.7,0
2026-08-23 17:17:01.121,1870.8,12.520,0.340,4.290,81.7,666.4,1.5515,124.35,331.0,0.95,268.7,61.7,0
2026-08-23 17:17:02.205,1871.9,12.520,0.230,2.840,81.7,666.4,1.5524,124.41,331.1,0.96,269.1,61.7,6
2026-08-23 17:17:03.228,1872.9,12.510,0.310,3.910,80.8,659.6,1.5535,124.50,331.3,0.95,268.9,61.7,0
2026-08-23 17:17:04.277,1874.0,12.520,0.300,3.100,81.7,666.4,1.5544,124.59,332.3,0.96,271.1,61.7,0
2026-08-23 17:17:05.313,1875.0,12.520,0.270,2.920,81.7,666.4,1.5552,124.67,332.0,0.96,269.7,61.7,16
2026-08-23 17:17:06.348,1876.1,12.520,0.270,2.830,81.7,666.4,1.5560,124.75,330.3,0.95,267.1,61.7,0
2026-08-23 17:17:07.359,1877.1,12.520,0.210,2.070,81.7,666.4,1.5566,124.80,329.6,0.95,266.8,61.7,0
2026-08-23 17:17:08.425,1878.1,12.520,0.240,2.950,81.7,666.4,1.5575,124.88,329.3,0.95,266.3,61.1,136
2026-08-23 17:17:09.460,1879.2,12.520,0.280,4.150,81.7,666.4,1.5587,124.96,330.9,0.95,268.1,61.7,111
2026-08-23 17:17:10.463,1880.2,12.520,0.280,3.490,81.7,666.4,1.5597,125.03,331.7,0.95,269.2,61.7,1509
2026-08-23 17:17:11.499,1881.2,12.520,0.300,3.720,81.7,666.4,1.5607,125.12,329.8,0.95,267.0,61.7,111
2026-08-23 17:17:12.534,1882.2,12.520,0.200,2.480,81.7,666.4,1.5614,125.18,329.7,0.95,266.8,61.7,0
2026-08-23 17:17:13.586,1883.3,12.520,0.250,3.110,81.7,666.4,1.5624,125.25,330.6,0.95,268.3,61.7,30
2026-08-23 17:17:14.603,1884.3,12.520,0.190,2.420,81.7,666.4,1.5630,125.30,330.4,0.95,268.2,61.1,46
2026-08-23 17:17:15.624,1885.3,12.520,0.330,4.000,81.7,666.4,1.5642,125.40,330.6,0.96,268.5,61.7,64
2026-08-23 17:17:16.665,1886.4,12.520,0.240,2.980,81.7,666.4,1.5650,125.47,331.2,0.96,269.5,61.7,0
2026-08-23 17:17:17.700,1887.4,12.520,0.260,3.420,81.7,666.4,1.5660,125.54,331.2,0.96,269.1,61.7,0
2026-08-23 17:17:18.722,1888.4,12.520,0.170,2.450,81.7,666.4,1.5667,125.59,331.6,0.95,269.2,61.1,0
2026-08-23 17:17:19.762,1889.5,12.520,0.270,4.080,81.7,666.4,1.5679,125.67,331.2,0.95,268.4,61.7,0
2026-08-23 17:17:20.797,1890.5,12.520,0.250,2.630,81.7,666.4,1.5686,125.74,332.4,0.96,270.3,61.7,0
2026-08-23 17:17:21.834,1891.5,12.520,0.390,4.660,81.7,666.4,1.5700,125.85,331.5,0.96,269.1,61.7,0
2026-08-23 17:17:22.874,1892.6,12.520,0.220,3.010,81.7,666.4,1.5709,125.92,330.5,0.95,266.9,61.7,7
2026-08-23 17:17:23.911,1893.6,12.520,0.220,3.140,81.7,666.4,1.5718,125.98,329.2,0.95,265.4,61.7,94
2026-08-23 17:17:24.947,1894.7,12.520,0.180,2.680,81.7,666.4,1.5725,126.03,328.7,0.95,265.6,61.7,117
2026-08-23 17:17:26.001,1895.7,12.520,0.340,4.150,81.7,666.4,1.5737,126.13,328.5,0.95,265.5,61.1,61
2026-08-23 17:17:27.085,1896.8,12.510,0.170,2.130,80.8,659.6,1.5744,126.18,330.1,0.96,268.2,61.7,46
2026-08-23 17:17:28.176,1897.9,12.520,0.270,2.730,81.7,666.4,1.5752,126.26,329.6,0.95,267.0,61.7,42
2026-08-23 17:17:29.245,1899.0,12.520,0.310,3.910,81.7,666.4,1.5764,126.36,328.6,0.95,264.9,61.7,370
2026-08-23 17:17:30.310,1900.0,12.520,0.230,3.530,81.7,666.4,1.5774,126.42,327.3,0.95,263.2,61.7,149
2026-08-23 17:17:31.402,1901.1,12.520,0.300,4.210,81.7,666.4,1.5787,126.52,328.5,0.95,265.0,61.7,231
2026-08-23 17:17:32.439,1902.2,12.520,0.160,1.970,81.7,666.4,1.5793,126.56,327.8,0.95,265.4,61.1,795
2026-08-23 17:17:33.475,1903.2,12.520,0.180,2.200,81.7,666.4,1.5799,126.61,328.4,0.95,264.1,61.7,84
2026-08-23 17:17:34.515,1904.2,12.520,0.170,2.630,81.7,666.4,1.5807,126.66,329.3,0.95,265.5,61.7,393
2026-08-23 17:17:35.551,1905.3,12.520,0.320,4.030,81.7,666.4,1.5818,126.75,328.8,0.95,265.3,61.1,837
2026-08-23 17:17:36.587,1906.3,12.520,0.250,3.140,81.7,666.4,1.5827,126.83,329.6,0.95,266.0,61.7,111
2026-08-23 17:17:37.663,1907.4,12.520,0.240,2.980,81.7,666.4,1.5836,126.90,329.2,0.95,266.4,61.7,0
2026-08-23 17:17:38.747,1908.5,12.520,0.240,3.110,81.7,666.4,1.5845,126.97,330.6,0.96,268.8,61.1,0
2026-08-23 17:17:39.838,1909.6,12.520,0.170,1.890,81.7,666.4,1.5851,127.02,329.7,0.95,266.6,61.7,0
2026-08-23 17:17:40.885,1910.6,12.520,0.230,2.870,81.7,666.4,1.5860,127.09,329.8,0.95,266.9,61.7,0
2026-08-23 17:17:41.951,1911.7,12.520,0.280,3.230,81.7,666.4,1.5869,127.17,328.6,0.95,264.8,61.7,0
2026-08-23 17:17:42.986,1912.7,12.520,0.240,3.020,81.7,666.4,1.5878,127.24,328.7,0.95,265.0,61.7,0
2026-08-23 17:17:43.988,1913.7,12.520,0.290,3.640,81.7,666.4,1.5888,127.32,329.1,0.95,266.0,61.7,0
2026-08-23 17:17:45.024,1914.7,12.520,0.200,2.500,81.7,666.4,1.5895,127.38,329.3,0.95,265.6,61.7,0
2026-08-23 17:17:46.023,1915.7,12.510,0.180,2.200,80.8,659.6,1.5901,127.43,329.7,0.95,265.7,62.2,0
2026-08-23 17:17:47.064,1916.8,12.520,0.210,1.980,81.7,666.4,1.5907,127.49,328.6,0.95,265.1,61.7,0
2026-08-23 17:17:48.099,1917.8,12.520,0.270,3.420,81.7,666.4,1.5917,127.57,329.1,0.95,265.3,61.7,0
2026-08-23 17:17:49.195,1918.9,12.520,0.240,2.960,81.7,666.4,1.5926,127.64,329.5,0.95,265.4,61.7,0
2026-08-23 17:17:50.268,1920.0,12.520,0.230,2.860,81.7,666.4,1.5934,127.71,329.5,0.95,266.9,61.7,0
2026-08-23 17:17:51.307,1921.0,12.520,0.120,2.230,81.7,666.4,1.5941,127.74,329.9,0.95,267.3,61.7,0
2026-08-23 17:17:52.362,1922.1,12.520,0.150,1.890,81.7,666.4,1.5946,127.79,329.8,0.95,267.4,61.7,0
2026-08-23 17:17:53.399,1923.1,12.520,0.190,2.930,81.7,666.4,1.5955,127.84,329.2,0.95,265.4,61.7,0
2026-08-23 17:17:54.465,1924.2,12.520,0.400,5.020,81.7,666.4,1.5970,127.96,329.1,0.95,266.0,61.7,0
2026-08-23 17:17:55.500,1925.2,12.520,0.210,2.630,81.7,666.4,1.5977,128.02,329.4,0.95,265.6,61.7,0
2026-08-23 17:17:56.556,1926.3,12.520,0.250,2.690,81.7,666.4,1.5985,128.09,329.3,0.95,266.1,61.7,0
2026-08-23 17:17:57.592,1927.3,12.520,0.190,2.110,81.7,666.4,1.5991,128.15,328.8,0.95,265.6,61.7,0
2026-08-23 17:17:58.629,1928.3,12.520,0.290,4.070,81.7,666.4,1.6003,128.23,329.1,0.95,265.4,61.7,114
2026-08-23 17:17:59.669,1929.4,12.520,0.190,2.970,81.7,666.4,1.6011,128.29,329.3,0.95,265.8,61.7,0
2026-08-23 17:18:00.705,1930.4,12.520,0.380,4.730,81.7,666.4,1.6025,128.40,328.5,0.95,264.6,61.7,0
2026-08-23 17:18:01.740,1931.5,12.520,0.270,3.380,81.7,666.4,1.6035,128.47,329.0,0.95,265.1,61.7,0
2026-08-23 17:18:02.827,1932.5,12.520,0.220,2.730,81.7,666.4,1.6043,128.54,329.3,0.95,266.3,62.2,0
2026-08-23 17:18:03.851,1933.6,12.510,0.120,1.450,80.8,659.6,1.6047,128.57,330.2,0.95,267.8,61.1,0
2026-08-23 17:18:04.898,1934.6,12.520,0.190,2.540,81.7,666.4,1.6055,128.63,329.8,0.95,267.4,61.7,0
2026-08-23 17:18:05.935,1935.6,12.520,0.220,2.040,81.7,666.4,1.6060,128.69,329.8,0.95,266.6,62.2,0
2026-08-23 17:18:06.971,1936.7,12.520,0.320,4.000,81.7,666.4,1.6072,128.79,329.1,0.95,266.1,61.7,0
2026-08-23 17:18:08.010,1937.7,12.520,0.260,3.160,81.7,666.4,1.6081,128.86,328.5,0.95,264.8,61.7,0
2026-08-23 17:18:09.046,1938.8,12.520,0.260,3.950,81.7,666.4,1.6092,128.94,328.7,0.95,264.8,61.7,0
2026-08-23 17:18:10.083,1939.8,12.520,0.220,3.340,81.7,666.4,1.6102,129.00,329.6,0.95,265.6,61.7,5
2026-08-23 17:18:11.086,1940.8,12.520,0.230,2.980,81.7,666.4,1.6110,129.06,329.7,0.95,266.9,61.7,0
2026-08-23 17:18:12.122,1941.8,12.520,0.200,2.820,81.7,666.4,1.6118,129.12,329.1,0.95,265.4,61.7,0
2026-08-23 17:18:13.158,1942.9,12.520,0.340,4.810,81.7,666.4,1.6132,129.22,329.4,0.95,265.4,61.7,0
2026-08-23 17:18:14.164,1943.9,12.520,0.180,2.980,81.7,666.4,1.6141,129.27,329.9,0.95,267.0,61.7,0
2026-08-23 17:18:15.256,1945.0,12.520,0.210,2.630,81.7,666.4,1.6149,129.33,331.0,0.96,269.5,61.7,0
2026-08-23 17:18:16.294,1946.0,12.520,0.210,2.610,81.7,666.4,1.6156,129.39,329.8,0.95,267.4,61.7,0
2026-08-23 17:18:17.332,1947.0,12.520,0.230,2.670,81.7,666.4,1.6164,129.46,330.3,0.95,267.9,61.7,0
2026-08-23 17:18:18.367,1948.1,12.520,0.170,2.120,81.7,666.4,1.6170,129.51,329.0,0.95,265.7,61.7,0
2026-08-23 17:18:19.462,1949.2,12.520,0.220,2.810,81.7,666.4,1.6178,129.57,330.1,0.95,266.4,61.7,0
2026-08-23 17:18:20.465,1950.2,12.520,0.260,3.310,81.7,666.4,1.6188,129.65,328.8,0.95,265.0,61.7,0
2026-08-23 17:18:21.502,1951.2,12.520,0.310,3.850,81.7,666.4,1.6199,129.74,329.2,0.95,265.9,61.7,0
2026-08-23 17:18:22.538,1952.3,12.520,0.150,1.920,81.7,666.4,1.6204,129.78,329.1,0.95,265.3,62.2,0
2026-08-23 17:18:23.592,1953.3,12.520,0.200,2.450,81.7,666.4,1.6211,129.84,328.3,0.95,264.5,61.7,0
2026-08-23 17:18:24.592,1954.3,12.520,0.190,2.390,81.7,666.4,1.6218,129.89,328.6,0.95,264.6,61.7,0
2026-08-23 17:18:25.600,1955.3,12.520,0.300,4.130,81.7,666.4,1.6230,129.98,329.2,0.95,266.0,61.7,0
2026-08-23 17:18:26.678,1956.4,12.520,0.290,3.580,81.7,666.4,1.6240,130.06,329.4,0.95,266.5,61.7,0
2026-08-23 17:18:27.681,1957.4,12.520,0.240,3.610,81.7,666.4,1.6250,130.13,329.9,0.95,267.1,61.7,0
2026-08-23 17:18:28.702,1958.4,12.520,0.210,2.630,81.7,666.4,1.6258,130.19,330.4,0.96,268.3,62.2,0
2026-08-23 17:18:29.750,1959.5,12.520,0.250,3.100,81.7,666.4,1.6267,130.26,328.8,0.95,265.4,61.7,0
2026-08-23 17:18:30.784,1960.5,12.520,0.160,2.670,81.7,666.4,1.6275,130.31,328.7,0.95,265.0,61.7,0
2026-08-23 17:18:31.879,1961.6,12.520,0.330,4.130,81.7,666.4,1.6287,130.41,328.7,0.95,264.8,61.7,0
2026-08-23 17:18:32.934,1962.6,12.520,0.190,3.020,81.7,666.4,1.6296,130.46,328.9,0.95,265.6,61.7,0
2026-08-23 17:18:34.000,1963.7,12.520,0.300,3.740,81.7,666.4,1.6307,130.55,330.1,0.95,267.0,61.7,0
2026-08-23 17:18:35.037,1964.8,12.520,0.210,2.690,81.7,666.4,1.6315,130.61,329.3,0.95,266.3,61.7,0
2026-08-23 17:18:36.107,1965.8,12.520,0.230,2.820,81.7,666.4,1.6323,130.68,327.5,0.95,263.3,61.7,0
2026-08-23 17:18:37.174,1966.9,12.520,0.230,2.820,81.7,666.4,1.6332,130.75,327.3,0.95,263.5,61.7,320
2026-08-23 17:18:38.210,1967.9,12.520,0.300,3.760,81.7,666.4,1.6342,130.84,328.2,0.95,264.2,61.7,1825
2026-08-23 17:18:39.301,1969.0,12.520,0.270,3.440,81.7,666.4,1.6353,130.92,327.2,0.95,264.0,61.7,171
2026-08-23 17:18:40.385,1970.1,12.520,0.160,2.490,81.7,666.4,1.6360,130.97,330.5,0.95,268.2,61.7,1006
2026-08-23 17:18:41.409,1971.1,12.520,0.170,2.780,81.7,666.4,1.6368,131.01,329.6,0.95,266.1,61.7,128
2026-08-23 17:18:42.447,1972.2,12.520,0.210,2.840,81.7,666.4,1.6376,131.07,329.2,0.95,265.9,61.7,0
2026-08-23 17:18:43.513,1973.2,12.520,0.310,3.820,81.7,666.4,1.6388,131.17,329.4,0.95,265.6,61.7,0
2026-08-23 17:18:44.603,1974.3,12.520,0.220,2.080,81.7,666.4,1.6394,131.23,328.9,0.95,265.2,61.7,0
2026-08-23 17:18:45.640,1975.4,12.520,0.320,4.640,81.7,666.4,1.6407,131.32,329.2,0.95,265.3,61.7,0
2026-08-23 17:18:46.647,1976.4,12.520,0.240,2.280,81.7,666.4,1.6414,131.39,327.9,0.95,264.1,61.7,0
2026-08-23 17:18:47.717,1977.4,12.520,0.310,3.930,81.7,666.4,1.6425,131.48,330.0,0.95,266.4,61.7,0
2026-08-23 17:18:48.752,1978.5,12.520,0.180,2.300,81.7,666.4,1.6432,131.54,327.4,0.95,264.4,61.1,760
2026-08-23 17:18:49.819,1979.5,12.520,0.140,2.250,81.7,666.4,1.6439,131.58,328.2,0.95,264.8,61.7,894
2026-08-23 17:18:50.894,1980.6,12.520,0.210,2.650,81.7,666.4,1.6447,131.64,328.7,0.95,265.0,61.7,169
2026-08-23 17:18:51.918,1981.6,12.520,0.200,2.560,81.7,666.4,1.6454,131.70,329.5,0.96,267.8,61.7,1488
2026-08-23 17:18:53.010,1982.7,12.520,0.380,4.820,81.7,666.4,1.6469,131.81,327.3,0.95,264.9,61.7,828
2026-08-23 17:18:54.098,1983.8,12.520,0.240,3.020,81.7,666.4,1.6478,131.88,329.0,0.95,266.4,61.7,1267
2026-08-23 17:18:55.133,1984.8,12.520,0.330,4.150,81.7,666.4,1.6490,131.98,328.6,0.95,265.3,61.7,100
2026-08-23 17:18:56.198,1985.9,12.520,0.180,2.720,81.7,666.4,1.6498,132.03,329.4,0.95,265.1,61.7,64
2026-08-23 17:18:57.290,1987.0,12.520,0.190,2.360,81.7,666.4,1.6505,132.09,326.7,0.95,263.3,61.7,85
2026-08-23 17:18:58.326,1988.0,12.520,0.200,2.510,81.7,666.4,1.6512,132.15,329.0,0.95,265.3,61.7,985
2026-08-23 17:18:59.362,1989.1,12.520,0.220,2.720,81.7,666.4,1.6520,132.21,329.3,0.95,264.7,61.7,170
2026-08-23 17:19:00.403,1990.1,12.520,0.290,3.600,81.7,666.4,1.6530,132.30,328.0,0.95,264.9,61.7,104
2026-08-23 17:19:01.439,1991.2,12.520,0.250,2.530,81.7,666.4,1.6538,132.37,328.2,0.95,264.2,61.7,592
2026-08-23 17:19:02.439,1992.2,12.520,0.210,2.580,81.7,666.4,1.6545,132.43,329.2,0.95,266.4,62.2,241
2026-08-23 17:19:03.523,1993.2,12.520,0.170,2.120,81.7,666.4,1.6551,132.48,330.9,0.96,269.2,61.7,102
2026-08-23 17:19:04.614,1994.3,12.520,0.230,2.910,81.7,666.4,1.6560,132.55,330.3,0.96,268.2,61.7,0
2026-08-23 17:19:05.639,1995.4,12.520,0.250,2.800,81.7,666.4,1.6568,132.62,329.6,0.95,266.4,61.7,0
2026-08-23 17:19:06.652,1996.4,12.520,0.330,4.120,81.7,666.4,1.6579,132.71,330.4,0.95,267.6,61.7,0
2026-08-23 17:19:07.687,1997.4,12.520,0.210,3.210,81.7,666.4,1.6589,132.77,330.0,0.95,266.7,61.7,0
2026-08-23 17:19:08.753,1998.5,12.520,0.260,3.220,81.7,666.4,1.6598,132.85,329.5,0.95,267.2,61.1,0
2026-08-23 17:19:09.762,1999.5,12.520,0.220,2.540,81.7,666.4,1.6605,132.91,328.9,0.95,265.1,61.7,0
2026-08-23 17:19:10.762,2000.5,12.520,0.260,3.240,81.7,666.4,1.6614,132.98,329.7,0.95,265.5,61.7,0
2026-08-23 17:19:11.828,2001.5,12.520,0.220,2.470,81.7,666.4,1.6622,133.05,329.8,0.95,266.7,61.7,0
2026-08-23 17:19:12.898,2002.6,12.520,0.340,4.320,81.7,666.4,1.6634,133.15,328.6,0.95,264.9,61.7,0
2026-08-23 17:19:13.932,2003.6,12.520,0.230,3.360,81.7,666.4,1.6644,133.21,329.4,0.95,265.7,61.7,0
2026-08-23 17:19:15.027,2004.7,12.520,0.220,2.710,81.7,666.4,1.6652,133.28,329.0,0.95,266.0,61.7,0
2026-08-23 17:19:16.111,2005.8,12.520,0.200,2.090,81.7,666.4,1.6659,133.34,328.9,0.95,266.0,61.7,4
2026-08-23 17:19:17.231,2006.9,12.520,0.170,1.730,81.7,666.4,1.6664,133.39,330.5,0.95,268.2,61.7,192
2026-08-23 17:19:18.283,2008.0,12.520,0.200,1.790,81.7,666.4,1.6669,133.45,329.3,0.95,267.3,61.7,804
2026-08-23 17:19:19.318,2009.0,12.520,0.200,2.550,81.7,666.4,1.6677,133.51,328.9,0.95,265.5,61.7,240
2026-08-23 17:19:20.413,2010.1,12.520,0.360,4.680,81.7,666.4,1.6691,133.62,328.9,0.95,264.9,61.7,119
2026-08-23 17:19:21.416,2011.1,12.520,0.240,2.270,81.7,666.4,1.6697,133.69,327.8,0.95,263.4,61.7,149
2026-08-23 17:19:22.452,2012.2,12.520,0.200,2.960,81.7,666.4,1.6706,133.74,328.6,0.95,265.4,61.7,769
2026-08-23 17:19:23.488,2013.2,12.520,0.230,2.270,81.7,666.4,1.6712,133.81,328.6,0.95,265.2,61.7,119
2026-08-23 17:19:24.529,2014.2,12.520,0.250,3.090,81.7,666.4,1.6721,133.88,329.1,0.95,265.9,61.7,142
2026-08-23 17:19:25.564,2015.3,12.520,0.220,2.290,81.7,666.4,1.6728,133.95,329.6,0.95,266.2,61.7,0
2026-08-23 17:19:26.659,2016.4,12.520,0.330,4.130,81.7,666.4,1.6740,134.05,329.5,0.95,265.4,61.7,0
2026-08-23 17:19:27.733,2017.4,12.520,0.290,3.660,81.7,666.4,1.6751,134.13,329.3,0.95,266.8,61.7,0
2026-08-23 17:19:28.771,2018.5,12.520,0.230,3.560,81.7,666.4,1.6762,134.20,329.4,0.95,265.9,61.7,0
2026-08-23 17:19:29.825,2019.5,12.520,0.210,2.740,81.7,666.4,1.6770,134.26,329.5,0.95,266.1,61.7,0
2026-08-23 17:19:30.827,2020.5,12.520,0.250,3.470,81.7,666.4,1.6779,134.33,329.6,0.95,265.9,62.2,0
2026-08-23 17:19:31.892,2021.6,12.520,0.190,2.390,81.7,666.4,1.6786,134.39,329.3,0.95,266.0,61.1,0
2026-08-23 17:19:32.927,2022.6,12.520,0.330,4.520,81.7,666.4,1.6799,134.48,329.6,0.95,265.4,61.7,0
2026-08-23 17:19:33.967,2023.7,12.520,0.310,3.910,81.7,666.4,1.6811,134.57,330.2,0.95,267.5,61.7,0
2026-08-23 17:19:35.003,2024.7,12.520,0.290,3.590,81.7,666.4,1.6821,134.65,329.4,0.95,266.3,61.7,0
2026-08-23 17:19:36.002,2025.7,12.520,0.180,2.270,81.7,666.4,1.6827,134.70,327.8,0.95,263.7,61.7,0
2026-08-23 17:19:37.042,2026.8,12.520,0.310,3.470,81.7,666.4,1.6837,134.79,329.2,0.95,266.3,61.7,0
2026-08-23 17:19:38.041,2027.8,12.520,0.220,2.790,81.7,666.4,1.6845,134.85,328.5,0.95,264.3,61.7,0
2026-08-23 17:19:39.108,2028.8,12.520,0.360,4.910,81.7,666.4,1.6859,134.96,329.7,0.95,266.8,61.7,0
2026-08-23 17:19:40.199,2029.9,12.520,0.280,3.150,81.7,666.4,1.6869,135.05,329.1,0.95,266.0,61.7,0
2026-08-23 17:19:41.282,2031.0,12.520,0.240,2.970,81.7,666.4,1.6878,135.12,330.2,0.95,267.4,61.1,0
2026-08-23 17:19:42.366,2032.1,12.520,0.210,2.580,81.7,666.4,1.6886,135.18,328.1,0.95,265.5,61.7,0
2026-08-23 17:19:43.420,2033.1,12.520,0.190,2.160,81.7,666.4,1.6892,135.24,326.8,0.95,263.0,61.7,3070
2026-08-23 17:19:44.486,2034.2,12.520,0.320,4.270,81.7,666.4,1.6905,135.33,327.2,0.95,263.0,61.1,2035
2026-08-23 17:19:45.607,2035.3,12.520,0.180,2.280,81.7,666.4,1.6912,135.39,329.8,0.95,266.4,61.7,637
2026-08-23 17:19:46.644,2036.4,12.520,0.300,3.810,81.7,666.4,1.6923,135.47,329.8,0.95,266.8,61.1,0
2026-08-23 17:19:47.680,2037.4,12.510,0.260,3.850,80.8,659.6,1.6934,135.55,329.0,0.95,265.4,61.7,0
2026-08-23 17:19:48.719,2038.4,12.520,0.260,3.800,81.7,666.4,1.6945,135.62,329.1,0.95,265.9,61.7,0
2026-08-23 17:19:49.755,2039.5,12.510,0.150,2.400,80.8,659.6,1.6952,135.67,328.9,0.95,264.7,61.7,0
2026-08-23 17:19:50.821,2040.5,12.520,0.170,2.120,81.7,666.4,1.6958,135.72,329.2,0.95,266.0,61.1,0
2026-08-23 17:19:51.897,2041.6,12.520,0.160,2.030,81.7,666.4,1.6964,135.77,329.4,0.95,266.3,61.7,0
2026-08-23 17:19:52.920,2042.6,12.520,0.350,4.360,81.7,666.4,1.6976,135.86,330.0,0.95,267.4,61.7,0
2026-08-23 17:19:54.012,2043.7,12.520,0.290,3.580,81.7,666.4,1.6987,135.95,330.0,0.95,267.7,61.7,0
2026-08-23 17:19:55.099,2044.8,12.520,0.270,3.320,81.7,666.4,1.6997,136.03,329.6,0.95,266.7,61.7,0
2026-08-23 17:19:56.164,2045.9,12.520,0.200,2.950,81.7,666.4,1.7006,136.09,326.9,0.95,263.7,61.1,0
2026-08-23 17:19:57.199,2046.9,12.520,0.180,2.140,81.7,666.4,1.7012,136.15,327.7,0.95,263.4,61.7,1459
2026-08-23 17:19:58.201,2047.9,12.520,0.200,2.770,81.7,666.4,1.7020,136.20,326.0,0.95,263.1,61.7,2864
2026-08-23 17:19:59.237,2049.0,12.520,0.340,4.310,81.7,666.4,1.7032,136.30,328.7,0.95,264.8,61.7,1499
2026-08-23 17:20:00.303,2050.0,12.520,0.280,3.390,81.7,666.4,1.7042,136.38,327.0,0.95,263.8,61.7,276
2026-08-23 17:20:01.395,2051.1,12.520,0.280,3.570,81.7,666.4,1.7053,136.47,326.2,0.95,262.1,61.7,2800
2026-08-23 17:20:02.430,2052.1,12.520,0.230,2.900,81.7,666.4,1.7062,136.53,327.0,0.95,263.2,61.7,1672
2026-08-23 17:20:03.438,2053.2,12.520,0.160,2.330,81.7,666.4,1.7068,136.58,327.4,0.95,263.4,61.7,641
2026-08-23 17:20:04.526,2054.2,12.520,0.180,2.590,81.7,666.4,1.7076,136.63,326.5,0.95,263.3,61.7,502
2026-08-23 17:20:05.565,2055.3,12.520,0.280,4.300,81.7,666.4,1.7088,136.71,326.5,0.94,262.2,61.1,3158
2026-08-23 17:20:06.604,2056.3,12.520,0.300,3.000,81.7,666.4,1.7097,136.80,328.8,0.95,266.2,61.7,481
2026-08-23 17:20:07.605,2057.3,12.520,0.250,3.110,81.7,666.4,1.7106,136.87,330.4,0.95,267.5,61.7,113
2026-08-23 17:20:08.671,2058.4,12.510,0.160,2.620,80.8,659.6,1.7113,136.92,329.5,0.95,267.0,61.7,0
2026-08-23 17:20:09.705,2059.4,12.520,0.310,3.880,81.7,666.4,1.7125,137.01,328.8,0.95,265.8,61.7,0
2026-08-23 17:20:10.746,2060.5,12.520,0.250,3.150,81.7,666.4,1.7134,137.08,329.3,0.95,266.6,61.7,0
2026-08-23 17:20:11.782,2061.5,12.520,0.330,4.110,81.7,666.4,1.7145,137.17,328.3,0.95,264.7,61.7,0
2026-08-23 17:20:12.818,2062.5,12.520,0.260,3.260,81.7,666.4,1.7155,137.25,329.8,0.95,266.6,61.7,0
2026-08-23 17:20:13.858,2063.6,12.520,0.250,3.080,81.7,666.4,1.7164,137.32,329.4,0.95,266.0,61.7,0
2026-08-23 17:20:14.894,2064.6,12.520,0.210,2.380,81.7,666.4,1.7171,137.38,329.4,0.95,265.9,61.7,0
2026-08-23 17:20:15.931,2065.6,12.520,0.290,3.670,81.7,666.4,1.7181,137.46,328.7,0.95,264.3,61.1,0
2026-08-23 17:20:17.018,2066.7,12.520,0.210,2.580,81.7,666.4,1.7189,137.53,329.9,0.95,266.6,61.7,0
2026-08-23 17:20:18.042,2067.8,12.530,0.370,4.570,82.5,673.2,1.7202,137.63,329.6,0.95,266.3,61.7,5
2026-08-23 17:20:19.122,2068.8,12.520,0.280,3.520,81.7,666.4,1.7213,137.72,329.2,0.95,266.0,61.7,890
2026-08-23 17:20:20.187,2069.9,12.520,0.260,3.210,81.7,666.4,1.7222,137.79,329.7,0.95,266.7,61.1,96
2026-08-23 17:20:21.222,2070.9,12.520,0.270,2.870,81.7,666.4,1.7230,137.87,328.6,0.95,264.1,61.7,0
2026-08-23 17:20:22.225,2071.9,12.520,0.160,1.990,81.7,666.4,1.7236,137.92,326.5,0.95,262.3,61.7,199
2026-08-23 17:20:23.232,2072.9,12.520,0.200,2.530,81.7,666.4,1.7243,137.97,328.5,0.95,264.6,61.7,396
2026-08-23 17:20:24.269,2074.0,12.520,0.360,4.910,81.7,666.4,1.7257,138.07,326.8,0.95,263.6,61.7,758
2026-08-23 17:20:25.338,2075.1,12.520,0.260,3.940,81.7,666.4,1.7269,138.15,328.9,0.94,263.7,61.1,975
2026-08-23 17:20:26.405,2076.1,12.520,0.250,3.160,81.7,666.4,1.7278,138.23,327.6,0.95,264.3,61.7,174
2026-08-23 17:20:27.440,2077.2,12.520,0.160,1.990,81.7,666.4,1.7284,138.27,327.1,0.94,262.7,61.7,1737
2026-08-23 17:20:28.489,2078.2,12.520,0.180,1.860,81.7,666.4,1.7289,138.32,328.4,0.95,265.0,61.7,474
2026-08-23 17:20:29.544,2079.3,12.520,0.190,2.350,81.7,666.4,1.7296,138.38,330.6,0.96,268.7,61.7,100
2026-08-23 17:20:30.568,2080.3,12.520,0.310,4.080,81.7,666.4,1.7308,138.47,329.7,0.95,266.2,61.7,0
2026-08-23 17:20:31.616,2081.3,12.520,0.310,3.220,81.7,666.4,1.7317,138.56,330.2,0.95,267.2,61.7,0
2026-08-23 17:20:32.651,2082.4,12.520,0.230,2.940,81.7,666.4,1.7326,138.62,328.8,0.95,265.2,61.7,0
2026-08-23 17:20:33.658,2083.4,12.520,0.220,2.120,81.7,666.4,1.7331,138.69,329.8,0.95,266.6,61.7,0
2026-08-23 17:20:34.712,2084.4,12.520,0.300,4.290,81.7,666.4,1.7344,138.77,329.7,0.95,265.9,61.7,0
2026-08-23 17:20:35.807,2085.5,12.520,0.210,2.600,81.7,666.4,1.7352,138.84,328.4,0.95,264.5,61.7,0
2026-08-23 17:20:36.872,2086.6,12.520,0.250,3.260,81.7,666.4,1.7362,138.91,329.3,0.95,265.5,61.7,0
2026-08-23 17:20:37.963,2087.7,12.520,0.340,4.220,81.7,666.4,1.7374,139.02,330.3,0.95,267.7,61.7,0
2026-08-23 17:20:39.029,2088.7,12.520,0.230,2.900,81.7,666.4,1.7383,139.08,329.4,0.95,266.7,61.7,0
2026-08-23 17:20:40.065,2089.8,12.520,0.200,2.930,81.7,666.4,1.7391,139.14,328.9,0.95,265.5,61.7,5
2026-08-23 17:20:41.090,2090.8,12.520,0.240,2.520,81.7,666.4,1.7399,139.21,329.5,0.95,266.5,61.7,0
2026-08-23 17:20:42.111,2091.8,12.520,0.160,1.980,81.7,666.4,1.7404,139.25,330.6,0.96,268.4,61.7,0
2026-08-23 17:20:43.231,2092.9,12.520,0.210,2.720,81.7,666.4,1.7413,139.32,329.3,0.96,267.4,61.7,136
2026-08-23 17:20:44.270,2094.0,12.530,0.380,4.410,82.5,673.2,1.7425,139.43,328.4,0.95,264.1,61.1,1418
2026-08-23 17:20:45.335,2095.0,12.520,0.240,2.700,81.7,666.4,1.7433,139.50,328.8,0.95,264.9,62.2,1115
2026-08-23 17:20:46.425,2096.1,12.520,0.280,3.600,81.7,666.4,1.7444,139.59,327.7,0.95,264.4,61.7,79
2026-08-23 17:20:47.492,2097.2,12.520,0.200,2.560,81.7,666.4,1.7452,139.64,328.8,0.95,265.3,61.7,74
2026-08-23 17:20:48.527,2098.2,12.520,0.230,2.210,81.7,666.4,1.7458,139.71,328.7,0.95,265.2,61.7,0
2026-08-23 17:20:49.567,2099.3,12.520,0.180,2.260,81.7,666.4,1.7465,139.76,328.4,0.95,265.4,61.1,20
2026-08-23 17:20:50.663,2100.4,12.520,0.280,3.570,81.7,666.4,1.7476,139.85,329.1,0.95,265.7,61.7,84
2026-08-23 17:20:51.728,2101.4,12.520,0.280,2.820,81.7,666.4,1.7484,139.93,329.0,0.95,265.7,61.7,0
2026-08-23 17:20:52.806,2102.5,12.520,0.260,3.280,81.7,666.4,1.7494,140.01,330.7,0.96,268.8,61.1,0
2026-08-23 17:20:53.890,2103.6,12.520,0.200,2.470,81.7,666.4,1.7501,140.07,330.5,0.96,268.7,61.7,0
2026-08-23 17:20:54.910,2104.6,12.520,0.160,2.520,81.7,666.4,1.7508,140.11,330.4,0.95,267.5,61.7,0
2026-08-23 17:20:55.958,2105.7,12.520,0.180,2.710,81.7,666.4,1.7516,140.17,329.4,0.95,265.0,61.7,0
2026-08-23 17:20:57.023,2106.7,12.520,0.250,2.550,81.7,666.4,1.7524,140.24,328.6,0.94,263.9,61.7,0
2026-08-23 17:20:58.058,2107.8,12.520,0.340,4.270,81.7,666.4,1.7536,140.34,328.2,0.95,264.3,61.1,3302
2026-08-23 17:20:59.150,2108.9,12.520,0.260,3.250,81.7,666.4,1.7546,140.42,328.0,0.95,264.3,61.7,221
2026-08-23 17:21:00.231,2109.9,12.500,0.320,3.970,80.0,652.8,1.7558,140.51,328.2,0.94,263.4,61.1,52
2026-08-23 17:21:01.297,2111.0,12.520,0.140,2.450,81.7,666.4,1.7565,140.55,329.3,0.95,266.1,61.7,296
2026-08-23 17:21:02.351,2112.1,12.520,0.180,2.300,81.7,666.4,1.7572,140.61,327.8,0.95,263.9,61.7,72
2026-08-23 17:21:03.351,2113.1,12.520,0.170,2.080,81.7,666.4,1.7578,140.65,326.9,0.95,262.9,61.1,44
2026-08-23 17:21:04.417,2114.1,12.530,0.390,4.530,82.5,673.2,1.7591,140.77,328.9,0.95,265.8,61.1,87
2026-08-23 17:21:05.475,2115.2,12.520,0.270,3.420,81.7,666.4,1.7601,140.85,329.6,0.95,266.6,61.7,0
2026-08-23 17:21:06.478,2116.2,12.520,0.300,3.700,81.7,666.4,1.7611,140.93,329.8,0.95,266.5,61.7,0
2026-08-23 17:21:07.561,2117.3,12.520,0.250,3.110,81.7,666.4,1.7621,141.01,329.3,0.95,266.7,61.1,28
2026-08-23 17:21:08.629,2118.3,12.520,0.180,2.210,81.7,666.4,1.7627,141.06,329.3,0.95,265.0,61.1,47
2026-08-23 17:21:09.664,2119.4,12.520,0.230,2.880,81.7,666.4,1.7636,141.13,328.8,0.95,264.8,61.1,506
2026-08-23 17:21:10.784,2120.5,12.520,0.220,2.580,81.7,666.4,1.7644,141.20,327.6,0.95,263.8,61.7,83
2026-08-23 17:21:11.792,2121.5,12.520,0.250,3.190,81.7,666.4,1.7653,141.27,328.9,0.95,264.8,61.7,67
2026-08-23 17:21:12.828,2122.5,12.520,0.190,3.140,81.7,666.4,1.7662,141.32,329.0,0.95,265.8,61.7,0
2026-08-23 17:21:13.867,2123.6,12.520,0.240,2.970,81.7,666.4,1.7670,141.39,328.5,0.95,264.6,61.7,0
2026-08-23 17:21:14.889,2124.6,12.520,0.170,2.190,81.7,666.4,1.7676,141.44,328.8,0.95,264.8,61.7,0
2026-08-23 17:21:15.925,2125.6,12.520,0.240,3.050,81.7,666.4,1.7685,141.51,328.8,0.95,264.7,61.7,0
2026-08-23 17:21:16.931,2126.6,12.520,0.300,3.420,81.7,666.4,1.7695,141.59,328.8,0.95,265.6,61.7,0
2026-08-23 17:21:18.052,2127.8,12.520,0.320,4.790,81.7,666.4,1.7710,141.69,329.4,0.95,265.5,61.7,0
2026-08-23 17:21:19.172,2128.9,12.520,0.330,4.090,81.7,666.4,1.7722,141.79,329.3,0.95,265.4,61.7,0
2026-08-23 17:21:20.224,2129.9,12.520,0.280,2.960,81.7,666.4,1.7731,141.88,329.5,0.95,266.5,61.1,0
2026-08-23 17:21:21.259,2131.0,12.520,0.190,2.390,81.7,666.4,1.7738,141.93,328.4,0.95,264.9,61.7,0
2026-08-23 17:21:22.281,2132.0,12.520,0.240,3.040,81.7,666.4,1.7746,142.00,328.2,0.95,263.9,61.7,0
2026-08-23 17:21:23.284,2133.0,12.520,0.240,2.630,81.7,666.4,1.7754,142.06,329.2,0.95,265.8,61.7,81
2026-08-23 17:21:24.319,2134.0,12.520,0.350,4.650,81.7,666.4,1.7767,142.17,329.5,0.95,265.9,61.7,96
2026-08-23 17:21:25.327,2135.0,12.520,0.240,2.930,81.7,666.4,1.7775,142.23,328.5,0.95,265.1,61.7,0
2026-08-23 17:21:26.396,2136.1,12.520,0.270,2.710,81.7,666.4,1.7783,142.31,328.9,0.95,265.7,61.7,0
2026-08-23 17:21:27.462,2137.2,12.520,0.160,1.980,81.7,666.4,1.7789,142.36,329.5,0.95,265.7,61.7,0
2026-08-23 17:21:28.497,2138.2,12.520,0.330,3.240,81.7,666.4,1.7799,142.46,328.0,0.94,263.4,61.1,14
2026-08-23 17:21:29.534,2139.2,12.520,0.170,2.190,81.7,666.4,1.7805,142.50,329.2,0.95,266.8,61.7,796
2026-08-23 17:21:30.551,2140.3,12.520,0.350,4.400,81.7,666.4,1.7817,142.60,330.0,0.95,266.4,61.7,89
2026-08-23 17:21:31.635,2141.3,12.520,0.290,3.040,81.7,666.4,1.7826,142.69,330.3,0.96,268.1,61.7,61
2026-08-23 17:21:32.672,2142.4,12.520,0.260,3.910,81.7,666.4,1.7838,142.77,329.6,0.95,266.4,61.1,52
2026-08-23 17:21:33.737,2143.5,12.520,0.200,2.470,81.7,666.4,1.7845,142.82,329.6,0.95,266.4,62.2,88
2026-08-23 17:21:34.772,2144.5,12.520,0.260,2.590,81.7,666.4,1.7853,142.90,327.5,0.94,262.9,61.7,0
2026-08-23 17:21:35.812,2145.5,12.510,0.160,2.050,80.8,659.6,1.7858,142.95,329.3,0.95,266.2,61.7,0
2026-08-23 17:21:36.878,2146.6,12.530,0.360,4.520,82.5,673.2,1.7872,143.05,329.5,0.95,266.8,61.1,0
2026-08-23 17:21:37.913,2147.6,12.520,0.300,3.300,81.7,666.4,1.7881,143.14,329.4,0.95,266.3,61.7,0
2026-08-23 17:21:38.954,2148.7,12.520,0.320,3.570,81.7,666.4,1.7892,143.23,329.4,0.95,266.1,61.1,0
2026-08-23 17:21:39.990,2149.7,12.520,0.230,2.560,81.7,666.4,1.7899,143.30,328.9,0.95,265.3,61.7,0
2026-08-23 17:21:41.027,2150.7,12.520,0.170,2.120,81.7,666.4,1.7905,143.35,328.0,0.95,263.7,61.7,0
2026-08-23 17:21:42.113,2151.8,12.520,0.220,2.770,81.7,666.4,1.7913,143.41,329.8,0.95,265.6,61.7,0
2026-08-23 17:21:43.197,2152.9,12.520,0.200,2.560,81.7,666.4,1.7921,143.47,329.3,0.95,266.5,61.1,0
2026-08-23 17:21:44.244,2154.0,12.520,0.340,4.460,81.7,666.4,1.7934,143.57,329.8,0.95,267.0,61.7,0
2026-08-23 17:21:45.250,2155.0,12.520,0.240,2.990,81.7,666.4,1.7942,143.64,329.2,0.95,265.8,61.7,0
2026-08-23 17:21:46.286,2156.0,12.520,0.260,3.200,81.7,666.4,1.7952,143.71,329.9,0.95,266.9,61.7,0
2026-08-23 17:21:47.325,2157.0,12.520,0.120,1.560,81.7,666.4,1.7956,143.75,329.9,0.95,266.5,61.7,0
2026-08-23 17:21:48.331,2158.0,12.520,0.210,2.020,81.7,666.4,1.7962,143.81,328.9,0.95,265.2,61.7,0
2026-08-23 17:21:49.367,2159.1,12.520,0.350,4.360,81.7,666.4,1.7974,143.91,328.8,0.95,265.1,61.7,0
2026-08-23 17:21:50.406,2160.1,12.520,0.300,3.270,81.7,666.4,1.7984,143.99,328.4,0.95,264.7,61.7,0
2026-08-23 17:21:51.472,2161.2,12.520,0.230,2.250,81.7,666.4,1.7990,144.06,329.1,0.95,265.9,61.7,3
2026-08-23 17:21:52.508,2162.2,12.520,0.200,2.470,81.7,666.4,1.7998,144.12,328.8,0.95,264.8,62.2,0
2026-08-23 17:21:53.583,2163.3,12.520,0.200,2.470,81.7,666.4,1.8005,144.18,328.9,0.95,265.0,61.1,0
2026-08-23 17:21:54.607,2164.3,12.520,0.170,2.110,81.7,666.4,1.8011,144.23,330.3,0.95,268.0,61.7,0
2026-08-23 17:21:55.697,2165.4,12.520,0.240,3.290,81.7,666.4,1.8021,144.30,329.5,0.95,266.5,61.7,135
2026-08-23 17:21:56.718,2166.4,12.530,0.410,4.240,82.5,673.2,1.8033,144.42,330.0,0.95,266.9,61.1,0
2026-08-23 17:21:57.725,2167.4,12.520,0.220,2.710,81.7,666.4,1.8041,144.48,329.3,0.95,266.0,61.7,0
2026-08-23 17:21:58.759,2168.5,12.520,0.210,3.230,81.7,666.4,1.8050,144.54,328.9,0.95,265.2,61.1,0
2026-08-23 17:21:59.800,2169.5,12.520,0.130,1.580,81.7,666.4,1.8054,144.58,328.8,0.95,264.9,61.7,0
2026-08-23 17:22:00.807,2170.5,12.520,0.290,3.670,81.7,666.4,1.8065,144.66,329.2,0.95,265.8,61.1,0
2026-08-23 17:22:01.842,2171.6,12.520,0.290,3.410,81.7,666.4,1.8074,144.74,329.4,0.95,266.0,61.7,0
2026-08-23 17:22:02.883,2172.6,12.520,0.330,4.150,81.7,666.4,1.8086,144.84,329.5,0.95,266.0,61.7,0
2026-08-23 17:22:03.891,2173.6,12.520,0.260,3.310,81.7,666.4,1.8096,144.91,328.9,0.95,265.6,61.7,0
2026-08-23 17:22:04.926,2174.6,12.520,0.250,3.080,81.7,666.4,1.8105,144.98,328.6,0.95,264.8,61.1,0
2026-08-23 17:22:05.990,2175.7,12.520,0.130,2.260,81.7,666.4,1.8111,145.02,329.3,0.95,266.1,61.1,0
2026-08-23 17:22:07.074,2176.8,12.520,0.190,1.860,81.7,666.4,1.8117,145.08,330.0,0.95,267.8,61.7,0
2026-08-23 17:22:08.097,2177.8,12.520,0.200,3.040,81.7,666.4,1.8126,145.13,329.2,0.95,266.4,61.7,0
2026-08-23 17:22:09.097,2178.8,12.520,0.300,3.810,81.7,666.4,1.8136,145.22,329.6,0.95,266.9,61.7,0
2026-08-23 17:22:10.103,2179.8,12.520,0.230,2.870,81.7,666.4,1.8144,145.28,328.8,0.95,265.2,61.7,0
2026-08-23 17:22:11.138,2180.9,12.520,0.170,2.800,81.7,666.4,1.8152,145.33,328.6,0.95,264.9,61.7,0
2026-08-23 17:22:12.178,2181.9,12.520,0.210,2.080,81.7,666.4,1.8158,145.39,328.9,0.95,265.0,61.7,0
2026-08-23 17:22:13.244,2183.0,12.520,0.220,2.700,81.7,666.4,1.8166,145.46,329.2,0.95,265.9,61.7,0
2026-08-23 17:22:14.280,2184.0,12.520,0.350,4.390,81.7,666.4,1.8179,145.56,330.2,0.95,266.4,61.7,0
2026-08-23 17:22:15.320,2185.0,12.520,0.320,4.060,81.7,666.4,1.8191,145.65,328.7,0.95,264.9,61.7,186
2026-08-23 17:22:16.356,2186.1,12.520,0.270,3.120,81.7,666.4,1.8200,145.73,328.6,0.95,264.3,62.2,67
2026-08-23 17:22:17.422,2187.1,12.520,0.270,2.970,81.7,666.4,1.8208,145.81,330.3,0.95,267.3,61.7,0
2026-08-23 17:22:18.513,2188.2,12.520,0.160,2.150,81.7,666.4,1.8215,145.85,329.5,0.95,266.5,61.7,0
2026-08-23 17:22:19.537,2189.3,12.520,0.170,2.610,81.7,666.4,1.8222,145.90,330.9,0.96,269.4,61.7,0
2026-08-23 17:22:20.599,2190.3,12.520,0.230,2.850,81.7,666.4,1.8231,145.97,330.2,0.96,268.4,61.7,0
2026-08-23 17:22:21.667,2191.4,12.530,0.350,4.330,82.5,673.2,1.8243,146.07,328.9,0.95,265.4,61.7,0
2026-08-23 17:22:22.703,2192.4,12.520,0.220,2.170,81.7,666.4,1.8250,146.14,329.3,0.95,265.7,61.7,0
2026-08-23 17:22:23.824,2193.5,12.520,0.280,3.550,81.7,666.4,1.8261,146.23,329.1,0.95,265.2,61.7,0
2026-08-23 17:22:24.846,2194.6,12.520,0.120,1.480,81.7,666.4,1.8265,146.26,329.1,0.95,265.3,61.1,81
2026-08-23 17:22:25.882,2195.6,12.520,0.360,4.280,81.7,666.4,1.8277,146.36,329.6,0.95,266.5,61.1,81
2026-08-23 17:22:26.922,2196.6,12.520,0.170,2.080,81.7,666.4,1.8283,146.41,329.6,0.95,266.5,61.7,0
2026-08-23 17:22:27.958,2197.7,12.520,0.310,3.910,81.7,666.4,1.8295,146.50,329.0,0.95,266.3,61.7,0
2026-08-23 17:22:29.039,2198.8,12.520,0.330,4.110,81.7,666.4,1.8307,146.60,330.0,0.95,267.2,61.7,16
2026-08-23 17:22:30.114,2199.8,12.520,0.210,3.140,81.7,666.4,1.8316,146.66,328.9,0.95,266.0,61.7,117
2026-08-23 17:22:31.198,2200.9,12.520,0.260,3.570,81.7,666.4,1.8327,146.74,330.9,0.95,268.5,61.7,0
2026-08-23 17:22:32.251,2202.0,12.520,0.140,1.710,81.7,666.4,1.8332,146.78,329.2,0.95,265.9,61.7,0
2026-08-23 17:22:33.329,2203.0,12.520,0.230,2.890,81.7,666.4,1.8341,146.85,329.4,0.95,266.2,61.7,0
2026-08-23 17:22:34.364,2204.1,12.520,0.210,2.610,81.7,666.4,1.8348,146.91,328.8,0.95,265.6,61.7,0
2026-08-23 17:22:35.429,2205.1,12.520,0.350,4.010,81.7,666.4,1.8360,147.02,329.2,0.95,265.6,61.7,0
2026-08-23 17:22:36.520,2206.2,12.520,0.240,3.520,81.7,666.4,1.8371,147.09,328.6,0.95,265.1,61.7,62
2026-08-23 17:22:37.557,2207.3,12.520,0.230,3.480,81.7,666.4,1.8381,147.15,329.6,0.95,265.8,61.7,0
2026-08-23 17:22:38.624,2208.3,12.520,0.160,2.020,81.7,666.4,1.8387,147.20,329.6,0.95,266.3,61.7,28
2026-08-23 17:22:39.633,2209.3,12.520,0.290,3.680,81.7,666.4,1.8397,147.28,329.0,0.95,265.8,61.1,0
2026-08-23 17:22:40.699,2210.4,12.520,0.220,2.770,81.7,666.4,1.8405,147.35,329.9,0.95,266.9,61.7,0
2026-08-23 17:22:41.735,2211.4,12.530,0.360,3.750,82.5,673.2,1.8416,147.45,329.3,0.95,266.2,61.7,0
2026-08-23 17:22:42.738,2212.5,12.520,0.270,3.510,81.7,666.4,1.8426,147.53,330.5,0.96,268.4,61.7,0
2026-08-23 17:22:43.759,2213.5,12.520,0.250,2.290,81.7,666.4,1.8432,147.60,330.6,0.95,268.0,61.7,0
2026-08-23 17:22:44.880,2214.6,12.520,0.190,2.800,81.7,666.4,1.8441,147.66,330.6,0.95,268.3,61.7,0
2026-08-23 17:22:45.922,2215.6,12.520,0.230,3.210,81.7,666.4,1.8450,147.72,329.1,0.95,265.1,61.7,0
2026-08-23 17:22:46.929,2216.6,12.520,0.190,2.910,81.7,666.4,1.8458,147.78,328.7,0.95,265.3,61.7,0
2026-08-23 17:22:47.964,2217.7,12.520,0.280,3.510,81.7,666.4,1.8469,147.86,329.2,0.95,265.7,61.7,0
2026-08-23 17:22:49.034,2218.7,12.520,0.240,2.850,81.7,666.4,1.8477,147.93,328.6,0.95,265.3,61.7,0
2026-08-23 17:22:50.099,2219.8,12.520,0.270,3.330,81.7,666.4,1.8487,148.01,328.7,0.95,265.1,61.1,0
2026-08-23 17:22:51.190,2220.9,12.520,0.200,1.860,81.7,666.4,1.8493,148.07,329.1,0.95,265.6,61.7,0
2026-08-23 17:22:52.198,2221.9,12.520,0.320,3.970,81.7,666.4,1.8504,148.16,328.2,0.95,264.6,61.7,0
2026-08-23 17:22:53.235,2222.9,12.520,0.230,2.860,81.7,666.4,1.8512,148.22,328.3,0.95,265.2,61.7,25
2026-08-23 17:22:54.310,2224.0,12.530,0.310,3.820,82.5,673.2,1.8523,148.32,329.4,0.95,266.0,61.7,218
2026-08-23 17:22:55.393,2225.1,12.520,0.260,3.800,81.7,666.4,1.8535,148.40,330.4,0.95,268.1,61.7,142
2026-08-23 17:22:56.484,2226.2,12.520,0.250,2.460,81.7,666.4,1.8542,148.47,329.7,0.96,267.7,62.2,0
2026-08-23 17:22:57.571,2227.3,12.520,0.280,3.370,81.7,666.4,1.8552,148.56,329.4,0.95,266.2,61.7,120
2026-08-23 17:22:58.637,2228.4,12.520,0.150,2.520,81.7,666.4,1.8560,148.60,329.3,0.95,265.6,61.1,57
2026-08-23 17:22:59.672,2229.4,12.520,0.310,3.910,81.7,666.4,1.8571,148.69,328.6,0.95,265.1,61.7,0
2026-08-23 17:23:00.674,2230.4,12.520,0.220,2.900,81.7,666.4,1.8579,148.75,329.1,0.95,265.8,61.7,0
2026-08-23 17:23:01.709,2231.4,12.530,0.390,4.930,82.5,673.2,1.8593,148.86,329.2,0.95,265.5,61.7,0
2026-08-23 17:23:02.775,2232.5,12.520,0.240,3.120,81.7,666.4,1.8603,148.93,329.4,0.95,265.9,61.7,0
2026-08-23 17:23:03.866,2233.6,12.530,0.250,3.180,82.5,673.2,1.8612,149.01,329.1,0.95,265.5,61.1,0
2026-08-23 17:23:04.903,2234.6,12.520,0.180,2.210,81.7,666.4,1.8619,149.06,329.3,0.95,265.5,61.7,0
2026-08-23 17:23:05.970,2235.7,12.520,0.190,2.430,81.7,666.4,1.8626,149.12,329.9,0.95,266.6,61.7,0
2026-08-23 17:23:07.061,2236.8,12.520,0.300,3.710,81.7,666.4,1.8637,149.21,330.2,0.95,267.9,61.7,0
2026-08-23 17:23:08.122,2237.8,12.520,0.240,2.520,81.7,666.4,1.8644,149.28,329.9,0.95,267.5,61.1,0
2026-08-23 17:23:09.160,2238.9,12.520,0.300,3.000,81.7,666.4,1.8653,149.37,330.0,0.95,267.1,61.1,0
2026-08-23 17:23:10.255,2240.0,12.520,0.220,2.810,81.7,666.4,1.8662,149.43,329.6,0.95,266.3,61.7,0
2026-08-23 17:23:11.289,2241.0,12.520,0.240,3.110,81.7,666.4,1.8671,149.50,329.4,0.95,265.9,61.7,4
2026-08-23 17:23:12.297,2242.0,12.520,0.130,1.640,81.7,666.4,1.8675,149.54,329.4,0.95,266.5,61.7,0
2026-08-23 17:23:13.337,2243.1,12.520,0.160,2.640,81.7,666.4,1.8683,149.58,329.1,0.95,265.9,61.7,0
2026-08-23 17:23:14.373,2244.1,12.530,0.370,4.580,82.5,673.2,1.8696,149.69,329.2,0.95,265.6,61.7,0
2026-08-23 17:23:15.468,2245.2,12.520,0.230,2.890,81.7,666.4,1.8705,149.76,328.8,0.95,265.1,61.7,0
2026-08-23 17:23:16.507,2246.2,12.520,0.240,2.320,81.7,666.4,1.8711,149.83,329.4,0.95,266.0,61.1,0
2026-08-23 17:23:17.573,2247.3,12.520,0.270,3.360,81.7,666.4,1.8721,149.91,329.3,0.95,265.7,62.2,0
2026-08-23 17:23:18.667,2248.4,12.520,0.230,2.910,81.7,666.4,1.8730,149.98,328.9,0.95,265.4,61.7,0
2026-08-23 17:23:19.787,2249.5,12.520,0.240,2.520,81.7,666.4,1.8738,150.05,330.6,0.95,267.9,61.7,0
2026-08-23 17:23:20.907,2250.6,12.520,0.170,2.140,81.7,666.4,1.8745,150.11,329.6,0.95,267.5,61.7,253
2026-08-23 17:23:21.929,2251.6,12.520,0.240,2.820,81.7,666.4,1.8753,150.18,330.4,0.95,267.7,61.7,71
2026-08-23 17:23:22.936,2252.6,12.520,0.280,3.250,81.7,666.4,1.8762,150.25,328.9,0.95,265.6,61.1,0
2026-08-23 17:23:23.971,2253.7,12.520,0.310,3.880,81.7,666.4,1.8773,150.34,328.8,0.95,265.2,61.7,0
2026-08-23 17:23:25.012,2254.7,12.520,0.160,2.030,81.7,666.4,1.8779,150.39,328.4,0.95,264.1,61.7,0
2026-08-23 17:23:26.033,2255.7,12.520,0.280,3.510,81.7,666.4,1.8789,150.47,329.2,0.95,265.8,61.7,0
2026-08-23 17:23:27.069,2256.8,12.520,0.160,1.990,81.7,666.4,1.8795,150.51,329.3,0.95,265.9,61.7,0
2026-08-23 17:23:28.110,2257.8,12.530,0.370,4.700,82.5,673.2,1.8808,150.62,329.2,0.95,265.6,61.7,0
2026-08-23 17:23:29.145,2258.9,12.520,0.190,3.070,81.7,666.4,1.8817,150.68,329.1,0.95,264.9,61.7,2942
2026-08-23 17:23:30.211,2259.9,12.520,0.250,3.560,81.7,666.4,1.8827,150.75,328.5,0.95,264.6,61.7,344
2026-08-23 17:23:31.344,2261.1,12.520,0.260,3.290,81.7,666.4,1.8838,150.83,330.0,0.95,266.1,61.7,271
2026-08-23 17:23:32.428,2262.1,12.520,0.200,2.930,81.7,666.4,1.8847,150.89,329.7,0.95,267.0,61.7,145
2026-08-23 17:23:33.519,2263.2,12.520,0.160,2.390,81.7,666.4,1.8854,150.94,329.7,0.95,267.6,61.1,0
2026-08-23 17:23:34.577,2264.3,12.520,0.220,3.040,81.7,666.4,1.8863,151.01,327.6,0.94,263.1,61.7,1189
2026-08-23 17:23:35.671,2265.4,12.520,0.180,3.020,81.7,666.4,1.8872,151.06,328.3,0.95,264.4,61.1,582
2026-08-23 17:23:36.692,2266.4,12.520,0.270,3.360,81.7,666.4,1.8882,151.14,329.0,0.95,265.3,61.7,332
2026-08-23 17:23:37.733,2267.4,12.520,0.280,3.450,81.7,666.4,1.8892,151.22,328.9,0.95,265.0,61.7,428
2026-08-23 17:23:38.768,2268.5,12.520,0.230,2.890,81.7,666.4,1.8900,151.28,328.9,0.95,265.1,62.2,0
2026-08-23 17:23:39.890,2269.6,12.520,0.170,2.130,81.7,666.4,1.8906,151.34,326.8,0.94,262.1,61.7,0
2026-08-23 17:23:40.927,2270.6,12.520,0.280,4.140,81.7,666.4,1.8918,151.42,329.1,0.95,265.4,61.7,76
2026-08-23 17:23:41.964,2271.7,12.520,0.260,3.230,81.7,666.4,1.8928,151.49,329.5,0.95,266.1,61.7,201
2026-08-23 17:23:43.007,2272.7,12.530,0.360,4.470,82.5,673.2,1.8941,151.60,329.1,0.95,265.0,61.7,65
2026-08-23 17:23:44.127,2273.8,12.520,0.240,2.990,81.7,666.4,1.8950,151.67,330.0,0.95,267.2,61.7,97
2026-08-23 17:23:45.247,2275.0,12.520,0.250,2.500,81.7,666.4,1.8958,151.75,330.2,0.95,267.6,61.1,0
2026-08-23 17:23:46.269,2276.0,12.520,0.220,2.350,81.7,666.4,1.8964,151.81,330.2,0.95,267.4,61.7,0
2026-08-23 17:23:47.276,2277.0,12.520,0.200,1.930,81.7,666.4,1.8970,151.87,328.5,0.95,265.2,61.1,0
2026-08-23 17:23:48.311,2278.0,12.520,0.210,2.620,81.7,666.4,1.8977,151.93,328.4,0.95,264.8,61.1,0
2026-08-23 17:23:49.352,2279.1,12.520,0.290,3.600,81.7,666.4,1.8988,152.01,328.0,0.94,263.4,61.7,0
2026-08-23 17:23:50.374,2280.1,12.520,0.320,4.050,81.7,666.4,1.8999,152.10,328.6,0.95,265.4,61.1,0
2026-08-23 17:23:51.410,2281.1,12.520,0.280,3.560,81.7,666.4,1.9009,152.18,328.7,0.95,264.7,61.1,0
2026-08-23 17:23:52.450,2282.2,12.520,0.140,1.780,81.7,666.4,1.9015,152.22,329.4,0.95,266.1,61.7,0
2026-08-23 17:23:53.485,2283.2,12.520,0.200,3.010,81.7,666.4,1.9023,152.28,328.2,0.95,264.5,61.1,0
2026-08-23 17:23:54.551,2284.3,12.520,0.180,2.270,81.7,666.4,1.9030,152.33,328.9,0.95,265.0,61.1,5
2026-08-23 17:23:55.625,2285.3,12.520,0.230,2.880,81.7,666.4,1.9039,152.40,329.8,0.95,266.5,61.7,93
2026-08-23 17:23:56.709,2286.4,12.530,0.380,4.020,82.5,673.2,1.9051,152.52,328.0,0.95,265.0,61.1,101
2026-08-23 17:23:57.800,2287.5,12.520,0.240,2.930,81.7,666.4,1.9060,152.59,329.9,0.96,267.9,61.1,606
2026-08-23 17:23:58.842,2288.6,12.520,0.330,4.140,81.7,666.4,1.9072,152.69,328.0,0.95,264.4,61.7,78
2026-08-23 17:23:59.878,2289.6,12.520,0.130,2.200,81.7,666.4,1.9078,152.72,328.7,0.95,265.2,61.1,33
2026-08-23 17:24:00.943,2290.7,12.520,0.220,2.710,81.7,666.4,1.9086,152.79,329.2,0.95,266.2,61.1,210
2026-08-23 17:24:01.952,2291.7,12.520,0.170,2.130,81.7,666.4,1.9092,152.84,329.4,0.95,265.3,61.1,101
2026-08-23 17:24:02.960,2292.7,12.530,0.370,4.340,82.5,673.2,1.9104,152.94,326.3,0.95,263.1,61.7,333
2026-08-23 17:24:03.996,2293.7,12.520,0.230,2.830,81.7,666.4,1.9112,153.01,328.5,0.95,265.0,61.7,743
2026-08-23 17:24:05.035,2294.7,12.520,0.250,3.340,81.7,666.4,1.9122,153.08,328.6,0.95,264.8,61.1,83
2026-08-23 17:24:06.072,2295.8,12.520,0.210,2.580,81.7,666.4,1.9129,153.14,327.8,0.95,263.3,61.7,0
2026-08-23 17:24:07.079,2296.8,12.520,0.170,2.720,81.7,666.4,1.9137,153.19,329.5,0.95,266.3,61.1,0
2026-08-23 17:24:08.167,2297.9,12.520,0.230,2.830,81.7,666.4,1.9145,153.26,330.3,0.96,268.3,61.1,0
2026-08-23 17:24:09.187,2298.9,12.520,0.370,4.470,81.7,666.4,1.9158,153.36,330.1,0.95,267.8,61.7,0
2026-08-23 17:24:10.211,2299.9,12.520,0.190,3.060,81.7,666.4,1.9167,153.41,329.1,0.95,265.2,61.1,0
2026-08-23 17:24:11.280,2301.0,12.520,0.200,2.960,81.7,666.4,1.9176,153.47,328.8,0.95,264.9,61.1,0
2026-08-23 17:24:12.314,2302.0,12.520,0.230,2.110,81.7,666.4,1.9182,153.54,328.7,0.95,265.0,61.7,0
2026-08-23 17:24:13.436,2303.1,12.520,0.240,3.060,81.7,666.4,1.9191,153.61,329.3,0.95,266.2,61.7,0
2026-08-23 17:24:14.472,2304.2,12.520,0.200,2.560,81.7,666.4,1.9199,153.67,329.8,0.95,266.6,61.1,0
2026-08-23 17:24:15.479,2305.2,12.520,0.280,3.500,81.7,666.4,1.9208,153.75,328.3,0.95,264.0,61.7,0
2026-08-23 17:24:16.549,2306.3,12.520,0.210,2.660,81.7,666.4,1.9216,153.81,328.4,0.95,264.9,61.7,94
2026-08-23 17:24:17.615,2307.3,12.530,0.270,3.420,82.5,673.2,1.9226,153.89,329.7,0.95,267.1,61.7,147
2026-08-23 17:24:18.651,2308.4,12.520,0.170,1.490,81.7,666.4,1.9231,153.94,328.7,0.95,265.4,61.1,74
2026-08-23 17:24:19.729,2309.4,12.520,0.160,2.630,81.7,666.4,1.9239,153.99,330.4,0.95,267.8,61.7,176
2026-08-23 17:24:20.813,2310.5,12.520,0.270,2.630,81.7,666.4,1.9246,154.07,330.7,0.96,269.1,61.7,0
2026-08-23 17:24:21.833,2311.5,12.530,0.340,4.010,82.5,673.2,1.9258,154.17,329.8,0.95,267.2,61.7,0
2026-08-23 17:24:22.881,2312.6,12.520,0.250,3.930,81.7,666.4,1.9269,154.24,329.0,0.94,264.2,61.1,2874
2026-08-23 17:24:23.961,2313.7,12.520,0.180,2.290,81.7,666.4,1.9276,154.29,328.9,0.95,265.1,61.7,251
2026-08-23 17:24:25.026,2314.7,12.520,0.250,3.150,81.7,666.4,1.9285,154.37,327.2,0.95,263.5,61.7,174
2026-08-23 17:24:26.118,2315.8,12.520,0.200,2.530,81.7,666.4,1.9293,154.43,329.4,0.95,266.2,61.7,76
2026-08-23 17:24:27.153,2316.9,12.520,0.310,3.940,81.7,666.4,1.9304,154.52,329.5,0.95,266.1,61.7,0
2026-08-23 17:24:28.219,2317.9,12.520,0.200,2.510,81.7,666.4,1.9312,154.58,329.9,0.95,267.1,61.1,0
2026-08-23 17:24:29.229,2318.9,12.530,0.330,4.750,82.5,673.2,1.9325,154.67,330.0,0.95,266.3,61.7,0
2026-08-23 17:24:30.295,2320.0,12.520,0.300,3.320,81.7,666.4,1.9335,154.76,330.0,0.95,267.3,61.7,0
2026-08-23 17:24:31.331,2321.0,12.520,0.310,3.230,81.7,666.4,1.9344,154.85,329.7,0.95,267.0,61.7,0
2026-08-23 17:24:32.358,2322.1,12.520,0.190,2.710,81.7,666.4,1.9352,154.90,330.2,0.95,267.2,61.7,0
2026-08-23 17:24:33.382,2323.1,12.530,0.310,3.880,82.5,673.2,1.9363,154.99,330.2,0.95,267.9,61.7,0
2026-08-23 17:24:34.403,2324.1,12.520,0.190,2.920,81.7,666.4,1.9371,155.04,330.3,0.95,268.0,61.1,0
2026-08-23 17:24:35.445,2325.2,12.530,0.330,4.940,82.5,673.2,1.9386,155.14,329.3,0.95,265.3,61.1,0
2026-08-23 17:24:36.453,2326.2,12.520,0.310,3.340,81.7,666.4,1.9395,155.23,329.4,0.95,266.5,61.1,0
2026-08-23 17:24:37.488,2327.2,12.520,0.210,2.680,81.7,666.4,1.9403,155.29,329.7,0.95,266.2,61.1,0
2026-08-23 17:24:38.526,2328.2,12.520,0.160,2.560,81.7,666.4,1.9410,155.33,328.2,0.95,264.7,61.7,4
2026-08-23 17:24:39.592,2329.3,12.520,0.280,3.470,81.7,666.4,1.9420,155.42,328.7,0.95,264.9,61.1,178
2026-08-23 17:24:40.683,2330.4,12.520,0.210,2.650,81.7,666.4,1.9428,155.48,329.0,0.95,264.6,61.7,0
2026-08-23 17:24:41.720,2331.4,12.530,0.400,5.050,82.5,673.2,1.9443,155.59,329.0,0.95,265.2,61.7,126
2026-08-23 17:24:42.785,2332.5,12.520,0.250,3.500,81.7,666.4,1.9453,155.67,328.9,0.95,265.7,61.7,0
2026-08-23 17:24:43.801,2333.5,12.520,0.230,3.490,81.7,666.4,1.9463,155.73,328.6,0.95,265.1,61.7,0
2026-08-23 17:24:44.825,2334.5,12.520,0.180,1.580,81.7,666.4,1.9468,155.78,330.2,0.95,267.4,61.1,0
2026-08-23 17:24:45.911,2335.6,12.520,0.210,2.300,81.7,666.4,1.9475,155.85,329.6,0.95,267.4,61.7,0
2026-08-23 17:24:46.961,2336.7,12.520,0.230,2.480,81.7,666.4,1.9482,155.91,329.6,0.95,267.1,61.7,0
2026-08-23 17:24:47.996,2337.7,12.520,0.350,4.360,81.7,666.4,1.9494,156.02,329.7,0.95,266.1,61.7,0
2026-08-23 17:24:49.061,2338.8,12.520,0.270,4.190,81.7,666.4,1.9507,156.10,329.8,0.95,266.6,61.7,0
2026-08-23 17:24:50.101,2339.8,12.520,0.250,3.090,81.7,666.4,1.9516,156.17,329.1,0.95,265.5,61.1,0
2026-08-23 17:24:51.137,2340.9,12.520,0.250,2.520,81.7,666.4,1.9523,156.24,329.2,0.95,265.7,61.1,0
2026-08-23 17:24:52.172,2341.9,12.520,0.150,1.930,81.7,666.4,1.9528,156.28,329.4,0.95,265.6,61.7,0
2026-08-23 17:24:53.213,2342.9,12.520,0.160,1.950,81.7,666.4,1.9534,156.33,329.9,0.95,266.5,61.7,0
2026-08-23 17:24:54.221,2343.9,12.530,0.320,4.780,82.5,673.2,1.9547,156.42,329.2,0.95,266.1,61.7,0
2026-08-23 17:24:55.256,2345.0,12.520,0.180,2.280,81.7,666.4,1.9554,156.47,328.1,0.95,264.4,61.7,0
2026-08-23 17:24:56.306,2346.0,12.510,0.230,2.960,80.8,659.6,1.9563,156.54,329.5,0.95,266.9,61.7,1566
2026-08-23 17:24:57.326,2347.0,12.520,0.160,1.990,81.7,666.4,1.9568,156.58,329.7,0.95,266.2,61.1,95
2026-08-23 17:24:58.410,2348.1,12.520,0.280,3.540,81.7,666.4,1.9579,156.67,329.7,0.95,267.2,61.7,0
2026-08-23 17:24:59.457,2349.2,12.520,0.170,2.570,81.7,666.4,1.9586,156.72,328.8,0.95,265.8,62.2,23
2026-08-23 17:25:00.492,2350.2,12.530,0.290,3.680,82.5,673.2,1.9597,156.80,327.0,0.95,263.2,61.7,188
2026-08-23 17:25:01.556,2351.3,12.520,0.190,2.400,81.7,666.4,1.9604,156.86,327.5,0.95,263.6,61.7,642
2026-08-23 17:25:02.648,2352.4,12.520,0.260,3.240,81.7,666.4,1.9614,156.93,330.0,0.95,267.3,61.7,1098
2026-08-23 17:25:03.714,2353.4,12.520,0.180,2.210,81.7,666.4,1.9620,156.99,329.9,0.95,266.7,61.7,404
2026-08-23 17:25:04.749,2354.5,12.520,0.240,2.500,81.7,666.4,1.9628,157.06,329.8,0.95,266.2,61.7,179
2026-08-23 17:25:05.789,2355.5,12.520,0.200,1.940,81.7,666.4,1.9633,157.12,328.7,0.95,265.7,61.7,0
2026-08-23 17:25:06.825,2356.5,12.530,0.400,4.960,82.5,673.2,1.9648,157.23,328.2,0.95,265.0,61.7,1055
2026-08-23 17:25:07.891,2357.6,12.520,0.280,3.490,81.7,666.4,1.9658,157.31,328.7,0.95,264.6,61.1,3522
2026-08-23 17:25:08.920,2358.6,12.520,0.240,2.990,81.7,666.4,1.9666,157.38,329.4,0.95,265.9,61.7,1428
2026-08-23 17:25:09.975,2359.7,12.520,0.280,2.930,81.7,666.4,1.9675,157.46,330.3,0.96,268.6,61.7,333
2026-08-23 17:25:10.998,2360.7,12.520,0.200,1.850,81.7,666.4,1.9680,157.52,330.2,0.95,267.3,61.7,0
2026-08-23 17:25:12.082,2361.8,12.520,0.200,3.120,81.7,666.4,1.9690,157.58,329.1,0.95,265.2,61.7,0
2026-08-23 17:25:13.147,2362.9,12.520,0.240,3.000,81.7,666.4,1.9699,157.65,328.9,0.95,265.1,61.7,0
2026-08-23 17:25:14.237,2364.0,12.530,0.370,3.890,82.5,673.2,1.9710,157.76,328.4,0.95,264.9,61.7,0
2026-08-23 17:25:15.244,2365.0,12.520,0.210,2.680,81.7,666.4,1.9718,157.82,328.9,0.95,265.0,61.1,0
2026-08-23 17:25:16.281,2366.0,12.520,0.210,3.350,81.7,666.4,1.9727,157.88,328.0,0.95,264.6,61.7,0
2026-08-23 17:25:17.321,2367.0,12.520,0.150,2.620,81.7,666.4,1.9735,157.93,327.5,0.95,263.2,61.7,167
2026-08-23 17:25:18.358,2368.1,12.520,0.150,2.530,81.7,666.4,1.9742,157.97,328.7,0.95,265.4,61.7,628
2026-08-23 17:25:19.393,2369.1,12.520,0.250,2.490,81.7,666.4,1.9749,158.04,328.3,0.95,264.0,61.7,181
2026-08-23 17:25:20.402,2370.1,12.520,0.260,3.150,81.7,666.4,1.9758,158.11,329.3,0.95,266.0,61.7,0
2026-08-23 17:25:21.494,2371.2,12.520,0.210,2.380,81.7,666.4,1.9766,158.18,328.7,0.95,266.6,61.7,228
2026-08-23 17:25:22.515,2372.2,12.520,0.190,2.990,81.7,666.4,1.9774,158.23,330.5,0.95,267.8,61.7,414
2026-08-23 17:25:23.603,2373.3,12.520,0.200,1.990,81.7,666.4,1.9780,158.29,327.7,0.95,264.1,61.7,153
2026-08-23 17:25:24.610,2374.3,12.520,0.230,2.820,81.7,666.4,1.9788,158.36,328.2,0.95,264.4,61.7,738
2026-08-23 17:25:25.645,2375.4,12.520,0.200,2.280,81.7,666.4,1.9794,158.41,328.4,0.95,264.9,61.7,247
2026-08-23 17:25:26.685,2376.4,12.520,0.330,3.800,81.7,666.4,1.9805,158.51,329.0,0.95,265.4,61.1,435
2026-08-23 17:25:27.693,2377.4,12.520,0.260,3.250,81.7,666.4,1.9815,158.58,328.7,0.95,265.3,61.7,125
2026-08-23 17:25:28.730,2378.4,12.520,0.200,2.520,81.7,666.4,1.9822,158.64,327.8,0.95,264.4,61.1,0
2026-08-23 17:25:29.799,2379.5,12.520,0.180,1.670,81.7,666.4,1.9827,158.69,328.3,0.95,264.3,61.7,712
2026-08-23 17:25:30.865,2380.6,12.520,0.280,3.550,81.7,666.4,1.9837,158.78,328.7,0.95,265.2,61.7,152
2026-08-23 17:25:31.900,2381.6,12.520,0.250,2.750,81.7,666.4,1.9845,158.85,329.1,0.95,265.4,61.1,76
2026-08-23 17:25:32.974,2382.7,12.530,0.360,4.330,82.5,673.2,1.9858,158.96,329.8,0.95,267.4,61.7,0
2026-08-23 17:25:34.012,2383.7,12.520,0.280,3.520,81.7,666.4,1.9868,159.04,328.9,0.95,264.9,61.7,0
2026-08-23 17:25:35.037,2384.8,12.520,0.210,3.360,81.7,666.4,1.9878,159.10,329.6,0.95,266.9,61.7,0
2026-08-23 17:25:36.038,2385.8,12.520,0.190,2.180,81.7,666.4,1.9884,159.15,330.1,0.95,267.9,61.7,0
2026-08-23 17:25:37.073,2386.8,12.520,0.200,2.540,81.7,666.4,1.9891,159.21,329.3,0.95,266.1,61.7,0
2026-08-23 17:25:38.139,2387.9,12.520,0.160,2.690,81.7,666.4,1.9899,159.25,329.6,0.95,266.8,61.7,0
2026-08-23 17:25:39.148,2388.9,12.520,0.280,3.430,81.7,666.4,1.9909,159.33,330.2,0.95,266.7,61.7,0
2026-08-23 17:25:40.215,2389.9,12.520,0.280,2.830,81.7,666.4,1.9917,159.42,329.3,0.95,266.4,61.7,0
2026-08-23 17:25:41.251,2391.0,12.520,0.240,3.020,81.7,666.4,1.9926,159.48,328.4,0.95,264.9,61.7,0
2026-08-23 17:25:42.321,2392.0,12.520,0.170,2.110,81.7,666.4,1.9932,159.53,328.4,0.95,264.1,61.7,0
2026-08-23 17:25:43.329,2393.0,12.520,0.210,2.680,81.7,666.4,1.9940,159.59,328.3,0.95,264.7,61.7,252
2026-08-23 17:25:44.365,2394.1,12.520,0.230,2.840,81.7,666.4,1.9948,159.66,328.3,0.95,264.7,61.7,1417
2026-08-23 17:25:45.392,2395.1,12.520,0.330,4.160,81.7,666.4,1.9960,159.75,330.3,0.95,267.8,61.7,1383
2026-08-23 17:25:46.413,2396.1,12.520,0.290,3.560,81.7,666.4,1.9970,159.84,329.8,0.95,267.2,61.7,158
2026-08-23 17:25:47.474,2397.2,12.520,0.180,2.240,81.7,666.4,1.9976,159.89,330.0,0.95,267.1,61.7,653
2026-08-23 17:25:48.543,2398.3,12.520,0.160,1.990,81.7,666.4,1.9982,159.94,329.3,0.95,264.9,61.7,389
2026-08-23 17:25:49.578,2399.3,12.520,0.260,3.400,81.7,666.4,1.9992,160.01,327.9,0.95,264.6,61.7,3249
2026-08-23 17:25:50.670,2400.4,12.520,0.240,2.520,81.7,666.4,2.0000,160.08,328.0,0.95,264.1,61.7,215
2026-08-23 17:25:51.736,2401.4,12.520,0.380,4.640,81.7,666.4,2.0013,160.20,328.6,0.95,265.7,61.7,182
2026-08-23 17:25:52.772,2402.5,12.520,0.210,2.650,81.7,666.4,2.0021,160.26,328.9,0.95,265.7,61.1,116
2026-08-23 17:25:53.812,2403.5,12.520,0.210,2.600,81.7,666.4,2.0029,160.32,329.4,0.95,266.5,61.7,0
2026-08-23 17:25:54.848,2404.6,12.520,0.210,2.620,81.7,666.4,2.0036,160.38,328.8,0.95,264.5,61.7,0
2026-08-23 17:25:55.914,2405.6,12.520,0.240,2.990,81.7,666.4,2.0045,160.45,329.5,0.95,266.6,61.7,0
2026-08-23 17:25:56.990,2406.7,12.520,0.240,2.970,81.7,666.4,2.0054,160.52,329.1,0.95,265.9,61.7,0
2026-08-23 17:25:58.043,2407.8,12.530,0.310,4.230,82.5,673.2,2.0066,160.61,329.4,0.95,265.9,61.7,0
2026-08-23 17:25:59.070,2408.8,12.520,0.230,2.880,81.7,666.4,2.0074,160.68,330.6,0.96,268.9,61.7,0
2026-08-23 17:26:00.156,2409.9,12.520,0.290,3.350,81.7,666.4,2.0085,160.77,329.1,0.95,265.9,61.7,0
2026-08-23 17:26:01.221,2410.9,12.520,0.180,2.620,81.7,666.4,2.0092,160.82,329.0,0.95,265.7,61.7,0
2026-08-23 17:26:02.256,2412.0,12.520,0.290,3.660,81.7,666.4,2.0103,160.90,328.9,0.95,265.1,61.7,0
2026-08-23 17:26:03.258,2413.0,12.520,0.210,2.880,81.7,666.4,2.0111,160.96,328.3,0.95,265.2,61.7,0
2026-08-23 17:26:04.294,2414.0,12.520,0.270,2.780,81.7,666.4,2.0119,161.04,329.2,0.95,265.6,61.7,5
2026-08-23 17:26:05.360,2415.1,12.520,0.260,3.270,81.7,666.4,2.0129,161.11,328.6,0.95,264.8,61.1,0
2026-08-23 17:26:06.451,2416.2,12.520,0.230,3.210,81.7,666.4,2.0138,161.18,328.8,0.95,265.2,61.7,176
2026-08-23 17:26:07.488,2417.2,12.520,0.210,2.570,81.7,666.4,2.0146,161.24,329.1,0.95,265.5,61.7,0
2026-08-23 17:26:08.495,2418.2,12.520,0.210,2.630,81.7,666.4,2.0153,161.30,328.6,0.94,263.7,61.7,547
2026-08-23 17:26:09.613,2419.3,12.520,0.260,3.190,81.7,666.4,2.0163,161.38,328.3,0.95,265.4,61.7,2566
2026-08-23 17:26:10.733,2420.4,12.530,0.330,4.420,82.5,673.2,2.0177,161.49,328.6,0.95,266.0,61.7,430
2026-08-23 17:26:11.824,2421.5,12.530,0.340,3.760,82.5,673.2,2.0188,161.59,329.5,0.96,267.7,61.7,1712
2026-08-23 17:26:12.836,2422.5,12.520,0.290,3.490,81.7,666.4,2.0198,161.67,329.0,0.95,265.5,61.7,289
2026-08-23 17:26:13.858,2423.6,12.520,0.160,2.590,81.7,666.4,2.0205,161.72,329.2,0.95,265.0,61.7,0
2026-08-23 17:26:14.952,2424.7,12.520,0.140,1.710,81.7,666.4,2.0210,161.76,328.9,0.95,264.9,61.7,0
2026-08-23 17:26:15.991,2425.7,12.520,0.260,3.650,81.7,666.4,2.0221,161.83,329.4,0.95,265.8,61.7,0
2026-08-23 17:26:17.057,2426.8,12.520,0.230,2.910,81.7,666.4,2.0230,161.90,329.0,0.95,265.1,61.7,0
2026-08-23 17:26:18.148,2427.9,12.530,0.380,4.740,82.5,673.2,2.0244,162.02,328.5,0.95,264.8,61.7,0
2026-08-23 17:26:19.185,2428.9,12.520,0.230,2.820,81.7,666.4,2.0252,162.08,329.1,0.95,265.4,61.7,0
2026-08-23 17:26:20.251,2430.0,12.520,0.190,2.390,81.7,666.4,2.0259,162.14,328.9,0.95,265.7,61.7,0
2026-08-23 17:26:21.326,2431.0,12.520,0.170,2.100,81.7,666.4,2.0265,162.19,329.1,0.95,265.3,61.7,0
2026-08-23 17:26:22.409,2432.1,12.530,0.310,3.850,82.5,673.2,2.0277,162.28,329.6,0.95,266.6,61.7,0
2026-08-23 17:26:23.431,2433.1,12.520,0.200,2.450,81.7,666.4,2.0284,162.34,330.2,0.95,267.4,61.1,0
2026-08-23 17:26:24.482,2434.2,12.530,0.360,3.820,82.5,673.2,2.0295,162.45,330.0,0.95,266.7,61.1,5
2026-08-23 17:26:25.517,2435.2,12.520,0.220,2.700,81.7,666.4,2.0303,162.51,328.5,0.95,265.3,61.1,109
2026-08-23 17:26:26.582,2436.3,12.520,0.320,4.290,81.7,666.4,2.0316,162.60,328.4,0.95,264.8,61.1,420
2026-08-23 17:26:27.651,2437.4,12.520,0.210,2.330,81.7,666.4,2.0322,162.67,329.8,0.95,266.0,61.7,1235
2026-08-23 17:26:28.658,2438.4,12.530,0.340,3.360,82.5,673.2,2.0332,162.76,330.1,0.95,266.9,62.8,94
2026-08-23 17:26:29.694,2439.4,12.520,0.220,2.800,81.7,666.4,2.0340,162.83,327.9,0.95,265.1,61.1,331
2026-08-23 17:26:30.735,2440.4,12.530,0.380,4.890,82.5,673.2,2.0354,162.93,327.5,0.95,263.2,61.1,487
2026-08-23 17:26:31.830,2441.5,12.530,0.230,3.560,82.5,673.2,2.0365,163.00,328.7,0.94,263.7,61.7,336
2026-08-23 17:26:32.838,2442.6,12.520,0.240,3.810,81.7,666.4,2.0376,163.07,328.6,0.95,264.9,61.7,331
2026-08-23 17:26:33.902,2443.6,12.520,0.170,2.110,81.7,666.4,2.0382,163.12,328.7,0.95,266.3,61.7,713
2026-08-23 17:26:34.927,2444.6,12.530,0.300,3.720,82.5,673.2,2.0392,163.21,329.8,0.96,268.1,61.1,1233
2026-08-23 17:26:35.944,2445.7,12.520,0.200,3.140,81.7,666.4,2.0401,163.26,330.6,0.96,268.9,61.7,89
2026-08-23 17:26:37.050,2446.8,12.530,0.380,4.770,82.5,673.2,2.0416,163.38,330.1,0.95,266.8,62.2,0
2026-08-23 17:26:38.086,2447.8,12.520,0.210,2.750,81.7,666.4,2.0424,163.44,329.5,0.95,265.8,61.1,0
2026-08-23 17:26:39.092,2448.8,12.520,0.260,3.290,81.7,666.4,2.0433,163.51,328.9,0.95,265.4,61.7,0
2026-08-23 17:26:40.133,2449.8,12.520,0.180,2.280,81.7,666.4,2.0440,163.57,330.0,0.95,266.9,61.7,0
2026-08-23 17:26:41.169,2450.9,12.530,0.250,3.910,82.5,673.2,2.0451,163.64,329.5,0.95,266.5,61.1,0
2026-08-23 17:26:42.206,2451.9,12.520,0.300,3.140,81.7,666.4,2.0460,163.72,329.1,0.95,265.4,61.1,0
2026-08-23 17:26:43.245,2453.0,12.530,0.340,4.230,82.5,673.2,2.0472,163.82,331.0,0.95,268.0,61.7,0
2026-08-23 17:26:44.311,2454.0,12.520,0.260,3.230,81.7,666.4,2.0482,163.90,330.0,0.95,267.3,61.7,7
2026-08-23 17:26:45.347,2455.1,12.520,0.280,3.300,81.7,666.4,2.0491,163.98,329.7,0.95,266.4,61.7,0
2026-08-23 17:26:46.431,2456.1,12.520,0.200,2.020,81.7,666.4,2.0497,164.04,330.6,0.96,268.8,61.7,22
2026-08-23 17:26:47.455,2457.2,12.520,0.300,3.300,81.7,666.4,2.0507,164.13,329.6,0.96,268.0,61.1,0
2026-08-23 17:26:48.477,2458.2,12.520,0.190,2.430,81.7,666.4,2.0514,164.18,330.6,0.96,268.7,61.1,446
2026-08-23 17:26:49.519,2459.2,12.530,0.400,5.040,82.5,673.2,2.0528,164.30,329.5,0.95,265.6,61.1,96
2026-08-23 17:26:50.526,2460.2,12.520,0.200,2.520,81.7,666.4,2.0535,164.35,329.8,0.95,267.0,61.7,274
2026-08-23 17:26:51.561,2461.3,12.520,0.250,2.440,81.7,666.4,2.0542,164.42,329.9,0.95,265.7,61.7,72
2026-08-23 17:26:52.599,2462.3,12.520,0.240,2.300,81.7,666.4,2.0549,164.49,328.0,0.95,264.0,61.1,232
2026-08-23 17:26:53.665,2463.4,12.530,0.290,3.570,82.5,673.2,2.0559,164.58,328.6,0.95,264.8,61.7,309
2026-08-23 17:26:54.756,2464.5,12.520,0.180,2.180,81.7,666.4,2.0566,164.63,327.4,0.95,264.2,61.7,148
2026-08-23 17:26:55.763,2465.5,12.530,0.350,4.410,82.5,673.2,2.0578,164.73,328.8,0.95,264.3,61.7,431
2026-08-23 17:26:56.801,2466.5,12.520,0.210,3.300,81.7,666.4,2.0588,164.79,328.2,0.95,265.2,61.1,433
2026-08-23 17:26:57.876,2467.6,12.520,0.230,2.830,81.7,666.4,2.0596,164.86,328.7,0.95,264.9,61.7,152
2026-08-23 17:26:58.901,2468.6,12.520,0.200,2.020,81.7,666.4,2.0602,164.92,329.8,0.95,267.5,61.1,0
2026-08-23 17:26:59.922,2469.6,12.520,0.190,2.380,81.7,666.4,2.0609,164.97,330.0,0.95,267.2,61.1,0
2026-08-23 17:27:00.974,2470.7,12.520,0.220,3.020,81.7,666.4,2.0618,165.04,329.5,0.95,266.1,61.7,0
2026-08-23 17:27:02.039,2471.8,12.530,0.330,4.090,82.5,673.2,2.0630,165.13,329.2,0.95,266.6,61.1,0
2026-08-23 17:27:03.074,2472.8,12.520,0.230,2.420,81.7,666.4,2.0637,165.20,328.4,0.95,264.6,61.1,0
2026-08-23 17:27:04.143,2473.9,12.520,0.230,3.570,81.7,666.4,2.0647,165.27,329.7,0.95,266.6,61.7,0
2026-08-23 17:27:05.208,2474.9,12.520,0.200,1.880,81.7,666.4,2.0653,165.33,328.8,0.95,265.3,61.7,0
2026-08-23 17:27:06.274,2476.0,12.520,0.280,3.460,81.7,666.4,2.0663,165.41,328.0,0.95,264.4,61.7,0
2026-08-23 17:27:07.365,2477.1,12.520,0.250,2.850,81.7,666.4,2.0672,165.49,328.5,0.95,264.9,61.7,1498
2026-08-23 17:27:08.372,2478.1,12.530,0.350,4.390,82.5,673.2,2.0684,165.58,329.0,0.95,265.0,61.7,818
2026-08-23 17:27:09.408,2479.1,12.520,0.300,3.720,81.7,666.4,2.0695,165.67,329.0,0.95,265.8,61.7,0
2026-08-23 17:27:10.489,2480.2,12.530,0.290,3.660,82.5,673.2,2.0706,165.76,329.4,0.95,266.2,61.1,0
2026-08-23 17:27:11.573,2481.3,12.520,0.230,2.280,81.7,666.4,2.0713,165.83,329.8,0.95,267.3,61.7,18
2026-08-23 17:27:12.694,2482.4,12.520,0.180,2.260,81.7,666.4,2.0720,165.88,330.2,0.95,267.9,61.7,796
2026-08-23 17:27:13.736,2483.4,12.530,0.330,4.110,82.5,673.2,2.0732,165.98,328.9,0.95,265.0,61.7,484
2026-08-23 17:27:14.743,2484.5,12.520,0.250,3.540,81.7,666.4,2.0741,166.05,329.2,0.95,266.0,61.7,301
2026-08-23 17:27:15.778,2485.5,12.530,0.360,4.090,82.5,673.2,2.0753,166.15,329.4,0.95,266.0,61.1,0
2026-08-23 17:27:16.817,2486.5,12.520,0.240,2.640,81.7,666.4,2.0761,166.22,327.9,0.95,264.3,61.1,0
2026-08-23 17:27:17.883,2487.6,12.520,0.220,3.220,81.7,666.4,2.0770,166.29,329.0,0.95,265.6,61.7,177
2026-08-23 17:27:18.974,2488.7,12.520,0.150,2.420,81.7,666.4,2.0778,166.33,328.7,0.95,264.2,61.7,275
2026-08-23 17:27:19.982,2489.7,12.520,0.260,3.200,81.7,666.4,2.0787,166.40,328.4,0.95,264.6,61.7,170
2026-08-23 17:27:21.019,2490.7,12.520,0.240,2.400,81.7,666.4,2.0794,166.47,328.6,0.95,265.3,61.7,0
2026-08-23 17:27:22.094,2491.8,12.520,0.330,4.190,81.7,666.4,2.0806,166.57,328.2,0.95,264.3,61.7,0
2026-08-23 17:27:23.119,2492.8,12.520,0.250,3.240,81.7,666.4,2.0815,166.64,329.8,0.95,267.2,61.1,0
2026-08-23 17:27:24.140,2493.9,12.520,0.220,2.730,81.7,666.4,2.0823,166.70,329.6,0.95,266.3,61.7,0
2026-08-23 17:27:25.192,2494.9,12.520,0.180,2.310,81.7,666.4,2.0830,166.76,329.7,0.95,267.2,61.1,0
2026-08-23 17:27:26.259,2496.0,12.530,0.340,3.800,82.5,673.2,2.0841,166.86,328.7,0.95,266.2,61.7,0
2026-08-23 17:27:27.292,2497.0,12.520,0.250,3.170,81.7,666.4,2.0850,166.93,329.4,0.95,266.1,61.1,153
2026-08-23 17:27:28.295,2498.0,12.530,0.290,3.340,82.5,673.2,2.0859,167.01,328.9,0.95,265.1,61.1,0
2026-08-23 17:27:29.295,2499.0,12.520,0.190,2.950,81.7,666.4,2.0868,167.06,327.8,0.95,263.5,61.1,31
2026-08-23 17:27:30.361,2500.1,12.520,0.250,3.170,81.7,666.4,2.0877,167.14,328.8,0.95,265.6,61.1,711
2026-08-23 17:27:31.430,2501.1,12.520,0.230,2.460,81.7,666.4,2.0884,167.21,327.7,0.95,264.8,61.7,222
2026-08-23 17:27:32.438,2502.2,12.520,0.180,2.840,81.7,666.4,2.0892,167.26,329.2,0.95,266.0,61.7,796
2026-08-23 17:27:33.473,2503.2,12.520,0.200,2.990,81.7,666.4,2.0901,167.31,328.0,0.95,264.2,61.1,1470
2026-08-23 17:27:34.523,2504.2,12.520,0.280,3.560,81.7,666.4,2.0911,167.40,327.1,0.95,263.8,61.1,158
2026-08-23 17:27:35.606,2505.3,12.520,0.240,3.010,81.7,666.4,2.0920,167.47,328.1,0.96,266.5,61.7,298
2026-08-23 17:27:36.627,2506.3,12.520,0.190,2.930,81.7,666.4,2.0929,167.52,328.6,0.95,265.1,62.2,601
2026-08-23 17:27:37.728,2507.4,12.520,0.170,2.160,81.7,666.4,2.0935,167.57,328.2,0.95,263.7,61.7,286
2026-08-23 17:27:38.792,2508.5,12.530,0.320,3.860,82.5,673.2,2.0947,167.67,329.2,0.95,265.7,61.7,249
2026-08-23 17:27:39.799,2509.5,12.520,0.260,2.550,81.7,666.4,2.0954,167.74,329.0,0.95,265.3,61.7,103
2026-08-23 17:27:40.809,2510.5,12.530,0.330,4.110,82.5,673.2,2.0965,167.83,330.1,0.95,266.6,61.7,0
2026-08-23 17:27:41.875,2511.6,12.520,0.270,3.210,81.7,666.4,2.0975,167.91,329.8,0.95,266.4,61.1,0
2026-08-23 17:27:42.911,2512.6,12.520,0.210,3.230,81.7,666.4,2.0984,167.97,328.9,0.95,264.5,61.1,0
2026-08-23 17:27:43.950,2513.7,12.520,0.170,2.080,81.7,666.4,2.0990,168.02,328.5,0.95,265.4,61.7,0
2026-08-23 17:27:45.016,2514.7,12.530,0.310,3.880,82.5,673.2,2.1002,168.11,329.0,0.95,266.0,61.1,0
2026-08-23 17:27:46.052,2515.8,12.520,0.270,3.150,81.7,666.4,2.1011,168.19,327.9,0.95,263.8,61.1,0
2026-08-23 17:27:47.080,2516.8,12.530,0.320,4.000,82.5,673.2,2.1022,168.28,329.7,0.95,267.1,61.1,0
2026-08-23 17:27:48.103,2517.8,12.520,0.250,2.560,81.7,666.4,2.1029,168.35,330.0,0.95,267.7,61.1,0
2026-08-23 17:27:49.125,2518.8,12.520,0.250,3.150,81.7,666.4,2.1038,168.43,329.9,0.95,267.1,61.7,0
2026-08-23 17:27:50.153,2519.9,12.520,0.200,2.060,81.7,666.4,2.1044,168.48,329.6,0.95,266.0,61.7,0
2026-08-23 17:27:51.188,2520.9,12.520,0.160,2.350,81.7,666.4,2.1051,168.53,327.3,0.95,263.6,61.1,0
2026-08-23 17:27:52.194,2521.9,12.520,0.220,2.680,81.7,666.4,2.1058,168.59,327.8,0.95,263.6,61.1,329
2026-08-23 17:27:53.233,2522.9,12.520,0.230,3.550,81.7,666.4,2.1069,168.66,328.8,0.95,265.4,61.1,88
2026-08-23 17:27:54.240,2524.0,12.520,0.190,3.070,81.7,666.4,2.1077,168.71,328.0,0.95,264.2,61.1,0
2026-08-23 17:27:55.276,2525.0,12.520,0.270,3.410,81.7,666.4,2.1087,168.79,327.6,0.95,263.6,61.7,0
2026-08-23 17:27:56.302,2526.0,12.520,0.190,2.370,81.7,666.4,2.1094,168.84,327.1,0.95,263.3,61.1,212
2026-08-23 17:27:57.337,2527.1,12.520,0.160,2.060,81.7,666.4,2.1100,168.89,328.1,0.95,264.4,61.1,567
2026-08-23 17:27:58.374,2528.1,12.530,0.350,4.000,82.5,673.2,2.1111,168.99,328.2,0.94,263.5,61.1,93
2026-08-23 17:27:59.461,2529.2,12.520,0.270,3.340,81.7,666.4,2.1121,169.07,329.5,0.95,264.9,61.1,0
2026-08-23 17:28:00.545,2530.3,12.520,0.250,2.980,81.7,666.4,2.1130,169.15,329.0,0.95,266.5,61.1,0
2026-08-23 17:28:01.594,2531.3,12.520,0.240,3.300,81.7,666.4,2.1140,169.22,329.9,0.95,267.1,61.1,0
2026-08-23 17:28:02.616,2532.3,12.520,0.190,2.390,81.7,666.4,2.1147,169.27,328.4,0.95,264.6,61.7,0
2026-08-23 17:28:03.651,2533.4,12.520,0.200,2.590,81.7,666.4,2.1154,169.33,328.2,0.95,264.0,61.1,0
2026-08-23 17:28:04.654,2534.4,12.530,0.280,2.700,82.5,673.2,2.1162,169.40,329.1,0.95,265.6,61.1,0
2026-08-23 17:28:05.661,2535.4,12.520,0.300,3.800,81.7,666.4,2.1172,169.49,328.6,0.95,265.3,61.1,0
2026-08-23 17:28:06.697,2536.4,12.520,0.300,2.920,81.7,666.4,2.1181,169.57,329.5,0.95,266.4,61.7,0
2026-08-23 17:28:07.737,2537.5,12.520,0.170,2.090,81.7,666.4,2.1187,169.62,329.2,0.95,265.5,61.1,0
2026-08-23 17:28:08.744,2538.5,12.530,0.340,3.620,82.5,673.2,2.1197,169.72,328.7,0.95,264.9,61.1,0
2026-08-23 17:28:09.781,2539.5,12.530,0.270,3.410,82.5,673.2,2.1207,169.80,329.0,0.95,265.9,61.1,0
2026-08-23 17:28:10.823,2540.5,12.530,0.330,4.130,82.5,673.2,2.1219,169.89,328.8,0.95,264.9,61.7,0
2026-08-23 17:28:11.943,2541.7,12.530,0.300,3.090,82.5,673.2,2.1228,169.99,329.7,0.95,266.4,61.7,0
2026-08-23 17:28:13.064,2542.8,12.520,0.220,3.420,81.7,666.4,2.1239,170.05,329.4,0.95,265.9,61.1,0
2026-08-23 17:28:14.116,2543.8,12.520,0.210,3.370,81.7,666.4,2.1249,170.12,329.4,0.95,266.8,61.7,0
2026-08-23 17:28:15.150,2544.9,12.520,0.170,2.150,81.7,666.4,2.1255,170.16,328.3,0.95,264.7,61.7,0
2026-08-23 17:28:16.173,2545.9,12.520,0.290,3.580,81.7,666.4,2.1265,170.25,328.5,0.95,264.1,61.7,0
2026-08-23 17:28:17.175,2546.9,12.530,0.370,3.810,82.5,673.2,2.1276,170.35,329.8,0.95,266.1,61.1,0
2026-08-23 17:28:18.211,2547.9,12.530,0.310,3.870,82.5,673.2,2.1287,170.44,329.2,0.95,265.5,61.7,0
2026-08-23 17:28:19.218,2548.9,12.530,0.340,3.520,82.5,673.2,2.1297,170.53,329.3,0.95,266.1,61.1,135
2026-08-23 17:28:20.287,2550.0,12.520,0.160,2.110,81.7,666.4,2.1303,170.58,329.5,0.95,265.7,61.7,324
2026-08-23 17:28:21.352,2551.1,12.520,0.250,2.550,81.7,666.4,2.1311,170.66,328.4,0.95,264.3,61.1,0
2026-08-23 17:28:22.418,2552.1,12.520,0.180,2.270,81.7,666.4,2.1317,170.71,328.7,0.95,265.0,61.1,1427
2026-08-23 17:28:23.455,2553.2,12.530,0.350,4.190,82.5,673.2,2.1329,170.81,329.2,0.95,265.7,61.1,55
2026-08-23 17:28:24.554,2554.3,12.520,0.320,4.000,81.7,666.4,2.1342,170.91,329.3,0.95,266.6,61.1,215
2026-08-23 17:28:25.674,2555.4,12.520,0.190,2.890,81.7,666.4,2.1350,170.97,329.4,0.95,265.6,61.1,0
2026-08-23 17:28:26.716,2556.4,12.520,0.270,3.360,81.7,666.4,2.1360,171.04,328.3,0.95,264.2,61.7,0
2026-08-23 17:28:27.721,2557.4,12.520,0.190,2.370,81.7,666.4,2.1367,171.10,328.2,0.95,264.4,61.7,0
2026-08-23 17:28:28.743,2558.5,12.520,0.190,2.370,81.7,666.4,2.1374,171.15,328.9,0.95,264.6,61.7,0
2026-08-23 17:28:29.783,2559.5,12.520,0.270,3.410,81.7,666.4,2.1383,171.23,329.0,0.95,265.1,61.7,0
2026-08-23 17:28:30.819,2560.5,12.530,0.280,3.780,82.5,673.2,2.1394,171.31,329.0,0.95,265.3,61.1,0
2026-08-23 17:28:31.940,2561.7,12.520,0.200,2.880,81.7,666.4,2.1403,171.37,327.8,0.95,263.6,61.7,191
2026-08-23 17:28:32.977,2562.7,12.520,0.250,3.000,81.7,666.4,2.1412,171.44,329.4,0.95,265.2,61.7,740
2026-08-23 17:28:33.984,2563.7,12.520,0.190,1.890,81.7,666.4,2.1417,171.50,328.4,0.95,264.7,61.7,162
2026-08-23 17:28:35.059,2564.8,12.520,0.210,2.590,81.7,666.4,2.1425,171.56,327.4,0.95,263.9,61.7,302
2026-08-23 17:28:36.143,2565.9,12.520,0.220,3.600,81.7,666.4,2.1436,171.63,328.1,0.95,265.9,61.1,1140
2026-08-23 17:28:37.164,2566.9,12.520,0.300,3.770,81.7,666.4,2.1446,171.71,327.5,0.95,265.0,61.1,368
2026-08-23 17:28:38.216,2567.9,12.520,0.260,2.880,81.7,666.4,2.1455,171.79,328.3,0.95,263.9,61.7,1644
2026-08-23 17:28:39.281,2569.0,12.520,0.200,2.500,81.7,666.4,2.1462,171.85,329.3,0.95,266.5,61.1,196
2026-08-23 17:28:40.316,2570.0,12.520,0.180,2.260,81.7,666.4,2.1469,171.90,328.9,0.95,265.7,61.1,0
2026-08-23 17:28:41.384,2571.1,12.530,0.280,3.210,82.5,673.2,2.1478,171.98,326.9,0.95,263.7,61.1,31
2026-08-23 17:28:42.450,2572.2,12.520,0.220,2.770,81.7,666.4,2.1486,172.05,328.3,0.95,264.1,61.7,1550
2026-08-23 17:28:43.515,2573.2,12.530,0.360,4.450,82.5,673.2,2.1500,172.15,327.6,0.95,263.5,61.1,3544
2026-08-23 17:28:44.607,2574.3,12.530,0.340,3.500,82.5,673.2,2.1510,172.26,329.4,0.95,265.1,61.7,365
2026-08-23 17:28:45.614,2575.3,12.530,0.320,3.580,82.5,673.2,2.1520,172.35,328.6,0.95,264.9,61.7,671
2026-08-23 17:28:46.650,2576.4,12.520,0.190,2.400,81.7,666.4,2.1527,172.40,329.5,0.95,266.3,61.1,104
2026-08-23 17:28:47.731,2577.4,12.520,0.130,1.630,81.7,666.4,2.1532,172.44,329.6,0.95,265.6,61.7,0
2026-08-23 17:28:48.814,2578.5,12.520,0.200,2.510,81.7,666.4,2.1540,172.50,329.5,0.95,266.8,61.7,0
2026-08-23 17:28:49.935,2579.6,12.520,0.210,2.570,81.7,666.4,2.1548,172.57,330.1,0.95,266.8,61.7,0
2026-08-23 17:28:50.978,2580.7,12.530,0.330,3.430,82.5,673.2,2.1558,172.66,329.8,0.95,265.9,61.7,0
2026-08-23 17:28:51.984,2581.7,12.520,0.170,2.820,81.7,666.4,2.1565,172.71,329.8,0.95,266.4,61.7,0
2026-08-23 17:28:53.019,2582.7,12.520,0.200,2.530,81.7,666.4,2.1573,172.77,328.5,0.95,265.3,61.7,0
2026-08-23 17:28:54.058,2583.8,12.520,0.200,2.490,81.7,666.4,2.1580,172.82,329.5,0.95,266.0,61.7,0
2026-08-23 17:28:55.124,2584.8,12.530,0.310,3.330,82.5,673.2,2.1590,172.92,328.7,0.95,265.3,61.7,6
2026-08-23 17:28:56.185,2585.9,12.520,0.210,2.600,81.7,666.4,2.1597,172.98,327.6,0.95,263.9,61.7,196
2026-08-23 17:28:57.223,2586.9,12.530,0.350,4.680,82.5,673.2,2.1611,173.08,326.5,0.95,263.7,61.7,274
2026-08-23 17:28:58.245,2588.0,12.520,0.220,2.780,81.7,666.4,2.1619,173.14,329.4,0.95,265.5,61.7,228
2026-08-23 17:28:59.320,2589.0,12.520,0.270,3.350,81.7,666.4,2.1629,173.22,329.5,0.95,265.7,61.7,104
2026-08-23 17:29:00.345,2590.1,12.520,0.220,1.990,81.7,666.4,2.1635,173.28,329.3,0.95,266.6,61.1,132
2026-08-23 17:29:01.407,2591.1,12.530,0.340,4.250,82.5,673.2,2.1647,173.38,330.5,0.95,267.8,61.1,345
2026-08-23 17:29:02.494,2592.2,12.520,0.200,2.890,81.7,666.4,2.1656,173.44,327.4,0.95,264.4,61.7,88
2026-08-23 17:29:03.516,2593.2,12.530,0.350,4.400,82.5,673.2,2.1668,173.54,327.3,0.94,262.6,61.7,496
2026-08-23 17:29:04.582,2594.3,12.520,0.280,3.510,81.7,666.4,2.1679,173.63,328.2,0.95,264.1,61.7,1484
2026-08-23 17:29:05.651,2595.4,12.520,0.260,3.230,81.7,666.4,2.1688,173.70,329.4,0.95,265.6,61.7,1298
2026-08-23 17:29:06.716,2596.4,12.530,0.270,3.330,82.5,673.2,2.1698,173.78,328.2,0.95,264.3,61.7,401
2026-08-23 17:29:07.781,2597.5,12.520,0.200,1.980,81.7,666.4,2.1704,173.84,328.6,0.95,265.0,61.7,212
2026-08-23 17:29:08.873,2598.6,12.520,0.320,4.020,81.7,666.4,2.1716,173.94,330.0,0.95,266.5,61.7,0
2026-08-23 17:29:09.909,2599.6,12.520,0.180,2.200,81.7,666.4,2.1722,173.99,327.5,0.94,262.9,61.7,0
2026-08-23 17:29:10.976,2600.7,12.530,0.380,4.700,82.5,673.2,2.1736,174.10,328.9,0.95,266.0,61.7,0
2026-08-23 17:29:12.000,2601.7,12.520,0.250,3.070,81.7,666.4,2.1745,174.18,329.4,0.95,266.2,61.7,0
2026-08-23 17:29:13.084,2602.8,12.520,0.190,2.900,81.7,666.4,2.1754,174.23,330.8,0.96,269.2,62.2,0
2026-08-23 17:29:14.105,2603.8,12.520,0.200,2.460,81.7,666.4,2.1761,174.29,330.1,0.95,267.8,61.7,0
2026-08-23 17:29:15.147,2604.9,12.520,0.230,2.940,81.7,666.4,2.1769,174.36,328.5,0.95,264.8,61.7,0
2026-08-23 17:29:16.153,2605.9,12.520,0.220,2.780,81.7,666.4,2.1777,174.42,328.2,0.95,264.5,61.7,0
2026-08-23 17:29:17.173,2606.9,12.530,0.270,3.820,82.5,673.2,2.1788,174.49,328.4,0.95,264.9,61.7,7
2026-08-23 17:29:18.213,2607.9,12.530,0.220,2.750,82.5,673.2,2.1796,174.56,329.6,0.94,264.4,61.7,373
2026-08-23 17:29:19.221,2608.9,12.520,0.180,2.340,81.7,666.4,2.1802,174.61,329.4,0.95,266.1,61.7,175
2026-08-23 17:29:20.257,2610.0,12.530,0.260,3.280,82.5,673.2,2.1812,174.68,329.7,0.95,266.2,62.2,82
2026-08-23 17:29:21.295,2611.0,12.520,0.200,2.050,81.7,666.4,2.1818,174.74,328.1,0.95,264.4,61.7,62
2026-08-23 17:29:22.361,2612.1,12.530,0.300,4.590,82.5,673.2,2.1831,174.83,326.6,0.95,262.9,61.1,2715
2026-08-23 17:29:23.455,2613.2,12.530,0.260,3.770,82.5,673.2,2.1843,174.91,326.8,0.95,263.6,61.7,1487
2026-08-23 17:29:24.539,2614.3,12.520,0.210,2.580,81.7,666.4,2.1851,174.97,328.2,0.95,265.4,61.1,1920
2026-08-23 17:29:25.623,2615.3,12.520,0.250,3.240,81.7,666.4,2.1860,175.05,327.9,0.95,265.7,61.7,329
2026-08-23 17:29:26.632,2616.3,12.520,0.200,2.560,81.7,666.4,2.1868,175.10,328.8,0.95,266.3,61.7,217
2026-08-23 17:29:27.697,2617.4,12.520,0.270,3.430,81.7,666.4,2.1878,175.18,328.6,0.95,265.9,61.7,723
2026-08-23 17:29:28.732,2618.4,12.520,0.220,3.350,81.7,666.4,2.1887,175.25,329.9,0.95,266.3,61.7,3136
2026-08-23 17:29:29.734,2619.4,12.520,0.250,3.780,81.7,666.4,2.1898,175.32,328.4,0.95,264.1,61.1,119
2026-08-23 17:29:30.800,2620.5,12.530,0.320,3.990,82.5,673.2,2.1910,175.41,330.1,0.95,266.6,61.1,0
2026-08-23 17:29:31.836,2621.5,12.520,0.190,2.460,81.7,666.4,2.1917,175.46,329.5,0.95,265.9,61.7,0
2026-08-23 17:29:32.839,2622.6,12.530,0.290,4.290,82.5,673.2,2.1929,175.55,329.0,0.95,265.0,61.7,0
2026-08-23 17:29:33.875,2623.6,12.520,0.250,2.360,81.7,666.4,2.1935,175.62,329.8,0.95,266.3,62.2,0
2026-08-23 17:29:34.883,2624.6,12.530,0.300,4.580,82.5,673.2,2.1948,175.70,329.6,0.95,266.5,61.7,0
2026-08-23 17:29:35.931,2625.6,12.520,0.200,3.020,81.7,666.4,2.1957,175.76,330.1,0.95,267.1,61.7,0
2026-08-23 17:29:36.948,2626.7,12.520,0.240,2.290,81.7,666.4,2.1964,175.83,330.6,0.95,267.9,61.7,0
2026-08-23 17:29:38.032,2627.7,12.520,0.210,1.910,81.7,666.4,2.1969,175.89,329.9,0.96,268.2,61.1,0
2026-08-23 17:29:39.099,2628.8,12.530,0.280,3.540,82.5,673.2,2.1980,175.97,330.0,0.95,266.8,61.1,213
2026-08-23 17:29:40.134,2629.8,12.520,0.250,2.390,81.7,666.4,2.1987,176.05,328.5,0.95,264.7,61.7,0
2026-08-23 17:29:41.199,2630.9,12.530,0.300,3.790,82.5,673.2,2.1998,176.13,329.4,0.95,266.3,61.1,0
2026-08-23 17:29:42.239,2632.0,12.520,0.250,2.750,81.7,666.4,2.2006,176.21,330.0,0.95,266.4,61.7,0
2026-08-23 17:29:43.274,2633.0,12.530,0.280,3.490,82.5,673.2,2.2016,176.29,326.9,0.95,262.6,61.7,258
2026-08-23 17:29:44.341,2634.1,12.520,0.150,1.900,81.7,666.4,2.2022,176.33,328.3,0.95,264.9,61.7,106
2026-08-23 17:29:45.381,2635.1,12.520,0.190,2.440,81.7,666.4,2.2029,176.39,328.7,0.95,265.8,61.7,314
2026-08-23 17:29:46.417,2636.1,12.520,0.220,2.210,81.7,666.4,2.2035,176.45,329.8,0.95,267.0,61.7,61
2026-08-23 17:29:47.483,2637.2,12.520,0.320,4.370,81.7,666.4,2.2048,176.54,330.0,0.95,267.5,61.7,0
2026-08-23 17:29:48.512,2638.2,12.530,0.290,3.630,82.5,673.2,2.2058,176.63,328.9,0.95,266.9,61.7,0
2026-08-23 17:29:49.566,2639.3,12.530,0.300,3.810,82.5,673.2,2.2069,176.72,330.1,0.95,267.7,61.7,296
2026-08-23 17:29:50.642,2640.4,12.520,0.200,2.510,81.7,666.4,2.2077,176.78,329.1,0.95,264.9,61.7,216
2026-08-23 17:29:51.710,2641.4,12.520,0.250,3.180,81.7,666.4,2.2086,176.85,328.5,0.95,264.6,61.1,82
2026-08-23 17:29:52.775,2642.5,12.530,0.300,3.820,82.5,673.2,2.2098,176.94,329.1,0.95,265.9,61.7,0
2026-08-23 17:29:53.896,2643.6,12.520,0.210,2.000,81.7,666.4,2.2104,177.00,330.1,0.95,267.3,61.1,0
2026-08-23 17:29:54.918,2644.6,12.530,0.340,4.360,82.5,673.2,2.2116,177.10,329.3,0.95,265.5,61.1,0
2026-08-23 17:29:55.954,2645.7,12.520,0.270,3.400,81.7,666.4,2.2126,177.18,328.8,0.95,265.2,61.7,0
2026-08-23 17:29:56.993,2646.7,12.530,0.330,4.150,82.5,673.2,2.2138,177.27,328.6,0.95,264.7,61.1,0
2026-08-23 17:29:58.059,2647.8,12.520,0.150,1.850,81.7,666.4,2.2143,177.32,328.5,0.95,265.9,61.1,0
2026-08-23 17:29:59.095,2648.8,12.530,0.310,3.030,82.5,673.2,2.2152,177.41,329.2,0.95,265.7,61.1,393
2026-08-23 17:30:00.144,2649.9,12.520,0.190,2.320,81.7,666.4,2.2159,177.46,328.3,0.95,265.5,61.1,166
2026-08-23 17:30:01.198,2650.9,12.530,0.320,4.000,82.5,673.2,2.2171,177.56,330.8,0.96,268.6,61.7,77
2026-08-23 17:30:02.282,2652.0,12.520,0.240,3.500,81.7,666.4,2.2181,177.63,329.4,0.95,267.3,61.1,34
2026-08-23 17:30:03.330,2653.0,12.520,0.270,3.370,81.7,666.4,2.2191,177.71,329.9,0.95,266.3,61.1,83
2026-08-23 17:30:04.409,2654.1,12.520,0.150,1.820,81.7,666.4,2.2196,177.75,327.2,0.95,264.5,61.7,594
2026-08-23 17:30:05.475,2655.2,12.520,0.190,2.570,81.7,666.4,2.2204,177.81,325.8,0.95,262.4,61.7,732
2026-08-23 17:30:06.566,2656.3,12.520,0.220,2.810,81.7,666.4,2.2213,177.87,327.3,0.95,263.0,61.7,482
2026-08-23 17:30:07.588,2657.3,12.520,0.180,2.800,81.7,666.4,2.2221,177.93,328.1,0.95,264.6,61.7,850
2026-08-23 17:30:08.624,2658.3,12.460,0.270,4.020,76.9,627.7,2.2232,178.00,326.9,0.94,261.3,61.1,188
2026-08-23 17:30:09.663,2659.4,12.520,0.260,3.320,81.7,666.4,2.2242,178.08,329.5,0.95,266.4,61.1,1455
2026-08-23 17:30:10.744,2660.5,12.520,0.190,2.330,81.7,666.4,2.2249,178.14,327.0,0.95,263.5,61.7,1002
2026-08-23 17:30:11.810,2661.5,12.520,0.200,3.040,81.7,666.4,2.2258,178.19,329.4,0.95,266.5,61.7,1473
2026-08-23 17:30:12.838,2662.6,12.520,0.170,2.100,81.7,666.4,2.2264,178.24,330.1,0.95,267.8,61.1,302
2026-08-23 17:30:13.893,2663.6,12.520,0.180,2.280,81.7,666.4,2.2270,178.30,330.2,0.96,268.5,61.7,0
2026-08-23 17:30:14.977,2664.7,12.530,0.330,4.740,82.5,673.2,2.2285,178.40,330.4,0.95,268.1,61.7,0
2026-08-23 17:30:16.045,2665.8,12.530,0.210,2.580,82.5,673.2,2.2292,178.46,329.1,0.95,265.5,61.7,0
2026-08-23 17:30:17.080,2666.8,12.520,0.240,2.990,81.7,666.4,2.2301,178.53,329.7,0.95,265.9,61.7,0
2026-08-23 17:30:18.200,2667.9,12.520,0.210,1.920,81.7,666.4,2.2307,178.59,329.0,0.95,265.3,61.7,0
2026-08-23 17:30:19.207,2668.9,12.530,0.300,3.150,82.5,673.2,2.2316,178.68,328.3,0.95,264.5,61.1,0
2026-08-23 17:30:20.244,2670.0,12.520,0.170,2.110,81.7,666.4,2.2322,178.72,327.8,0.95,264.9,61.7,0
2026-08-23 17:30:21.298,2671.0,12.530,0.360,4.470,82.5,673.2,2.2335,178.83,327.9,0.95,263.5,61.7,440
2026-08-23 17:30:22.365,2672.1,12.530,0.270,3.720,82.5,673.2,2.2346,178.91,329.5,0.95,266.9,61.1,177
2026-08-23 17:30:23.401,2673.1,12.530,0.320,4.020,82.5,673.2,2.2357,179.00,328.5,0.95,265.5,61.7,230
2026-08-23 17:30:24.449,2674.2,12.520,0.150,2.010,81.7,666.4,2.2363,179.05,331.1,0.95,268.5,61.7,106
2026-08-23 17:30:25.504,2675.2,12.520,0.220,2.810,81.7,666.4,2.2372,179.11,330.1,0.96,268.1,61.7,76
2026-08-23 17:30:26.528,2676.2,12.520,0.170,2.070,81.7,666.4,2.2377,179.16,329.4,0.95,265.6,61.7,89
2026-08-23 17:30:27.576,2677.3,12.530,0.390,4.940,82.5,673.2,2.2392,179.27,327.6,0.95,264.0,61.7,979
2026-08-23 17:30:28.611,2678.3,12.530,0.280,3.320,82.5,673.2,2.2401,179.35,327.8,0.95,264.3,61.7,762
2026-08-23 17:30:29.618,2679.3,12.520,0.230,3.610,81.7,666.4,2.2411,179.42,328.8,0.95,265.6,61.7,267
2026-08-23 17:30:30.658,2680.4,12.520,0.160,2.670,81.7,666.4,2.2419,179.46,329.0,0.95,265.6,61.7,490
2026-08-23 17:30:31.692,2681.4,12.530,0.310,3.860,82.5,673.2,2.2430,179.55,329.1,0.95,265.4,61.1,66
2026-08-23 17:30:32.773,2682.5,12.520,0.220,2.120,81.7,666.4,2.2437,179.62,328.9,0.95,265.1,61.7,217
2026-08-23 17:30:33.776,2683.5,12.530,0.360,4.400,82.5,673.2,2.2449,179.72,328.5,0.95,265.3,61.7,0
2026-08-23 17:30:34.811,2684.5,12.530,0.280,3.510,82.5,673.2,2.2459,179.80,329.5,0.95,265.8,61.7,97
2026-08-23 17:30:35.877,2685.6,12.530,0.290,3.920,82.5,673.2,2.2471,179.89,329.2,0.95,265.9,61.7,0
2026-08-23 17:30:37.009,2686.7,12.520,0.230,2.930,81.7,666.4,2.2480,179.96,329.6,0.95,265.9,61.7,0
2026-08-23 17:30:38.093,2687.8,12.520,0.120,2.170,81.7,666.4,2.2486,179.99,329.8,0.95,267.3,61.7,0
2026-08-23 17:30:39.184,2688.9,12.530,0.310,3.690,82.5,673.2,2.2497,180.09,330.6,0.96,268.9,61.7,0
2026-08-23 17:30:40.226,2689.9,12.520,0.180,2.770,81.7,666.4,2.2506,180.14,328.5,0.95,265.0,61.1,0
2026-08-23 17:30:41.261,2691.0,12.530,0.250,3.940,82.5,673.2,2.2517,180.21,327.8,0.95,263.9,61.7,0
2026-08-23 17:30:42.341,2692.1,12.520,0.180,2.980,81.7,666.4,2.2526,180.27,328.8,0.95,265.6,61.7,0
2026-08-23 17:30:43.382,2693.1,12.500,0.250,2.900,80.0,652.8,2.2534,180.34,327.4,0.95,264.8,61.7,0
2026-08-23 17:30:44.419,2694.1,12.520,0.140,2.330,81.7,666.4,2.2541,180.38,327.7,0.95,264.1,61.7,1496
2026-08-23 17:30:45.454,2695.2,12.520,0.220,2.630,81.7,666.4,2.2548,180.44,327.2,0.94,261.9,61.7,604
2026-08-23 17:30:46.494,2696.2,12.520,0.250,3.170,81.7,666.4,2.2558,180.51,326.8,0.95,262.9,61.7,1396
2026-08-23 17:30:47.529,2697.2,12.530,0.330,3.330,82.5,673.2,2.2567,180.61,328.3,0.95,264.4,61.7,1568
2026-08-23 17:30:48.669,2698.4,12.520,0.190,3.220,81.7,666.4,2.2577,180.67,327.2,0.95,263.8,61.1,345
2026-08-23 17:30:49.790,2699.5,12.520,0.270,3.360,81.7,666.4,2.2588,180.75,327.2,0.95,263.6,61.7,1038
2026-08-23 17:30:50.910,2700.6,12.520,0.170,2.110,81.7,666.4,2.2594,180.81,327.4,0.95,264.8,61.7,774
2026-08-23 17:30:51.931,2701.6,12.520,0.130,1.610,81.7,666.4,2.2599,180.84,327.9,0.95,265.0,61.7,719
2026-08-23 17:30:52.954,2702.7,12.520,0.200,1.910,81.7,666.4,2.2604,180.90,327.3,0.95,264.1,61.7,1519
2026-08-23 17:30:54.019,2703.7,12.470,0.290,3.600,77.7,634.0,2.2615,180.99,327.6,0.94,263.2,61.1,432
2026-08-23 17:30:55.088,2704.8,12.530,0.230,2.910,82.5,673.2,2.2624,181.05,329.0,0.95,265.3,61.1,367
2026-08-23 17:30:56.183,2705.9,12.530,0.280,2.780,82.5,673.2,2.2632,181.14,328.6,0.95,264.5,61.7,216
2026-08-23 17:30:57.249,2707.0,12.520,0.180,2.930,81.7,666.4,2.2641,181.19,328.5,0.95,265.2,61.7,0
2026-08-23 17:30:58.341,2708.1,12.520,0.220,2.550,81.7,666.4,2.2649,181.26,328.7,0.95,265.2,61.1,0
2026-08-23 17:30:59.377,2709.1,12.530,0.320,3.250,82.5,673.2,2.2658,181.35,330.0,0.95,266.1,61.7,0
2026-08-23 17:31:00.458,2710.2,12.520,0.170,2.820,81.7,666.4,2.2666,181.40,329.6,0.95,267.1,61.7,0
2026-08-23 17:31:01.482,2711.2,12.530,0.300,4.510,82.5,673.2,2.2679,181.49,329.3,0.95,266.2,61.1,0
2026-08-23 17:31:02.503,2712.2,12.520,0.210,3.330,81.7,666.4,2.2689,181.55,330.3,0.96,268.4,61.7,0
2026-08-23 17:31:03.595,2713.3,12.530,0.330,3.480,82.5,673.2,2.2699,181.65,330.4,0.96,268.9,61.1,0
2026-08-23 17:31:04.606,2714.3,12.520,0.190,2.790,81.7,666.4,2.2707,181.70,329.0,0.95,264.9,61.7,7
2026-08-23 17:31:05.701,2715.4,12.520,0.230,3.320,81.7,666.4,2.2717,181.77,329.1,0.95,264.6,61.1,3244
2026-08-23 17:31:06.707,2716.4,12.520,0.210,2.780,81.7,666.4,2.2725,181.83,328.9,0.95,266.0,61.7,232
2026-08-23 17:31:07.777,2717.5,12.530,0.390,4.850,82.5,673.2,2.2739,181.94,329.6,0.95,266.1,61.1,129
2026-08-23 17:31:08.843,2718.6,12.530,0.290,3.000,82.5,673.2,2.2748,182.03,328.3,0.95,264.1,61.7,187
2026-08-23 17:31:09.934,2719.6,12.530,0.230,3.560,82.5,673.2,2.2759,182.10,328.3,0.95,264.6,61.1,1454
2026-08-23 17:31:10.971,2720.7,12.520,0.190,3.070,81.7,666.4,2.2768,182.15,326.3,0.95,263.0,61.7,1501
2026-08-23 17:31:11.978,2721.7,12.520,0.280,2.600,81.7,666.4,2.2775,182.23,327.3,0.95,263.0,61.1,1897
2026-08-23 17:31:13.053,2722.8,12.520,0.220,2.720,81.7,666.4,2.2783,182.30,327.4,0.94,263.0,61.7,604
2026-08-23 17:31:14.144,2723.9,12.520,0.270,3.360,81.7,666.4,2.2793,182.38,330.1,0.96,268.0,61.7,3118
2026-08-23 17:31:15.205,2724.9,12.530,0.290,3.710,82.5,673.2,2.2804,182.47,329.5,0.95,267.2,61.7,194
2026-08-23 17:31:16.278,2726.0,12.520,0.200,3.070,81.7,666.4,2.2813,182.53,328.3,0.95,264.7,61.7,318
2026-08-23 17:31:17.313,2727.0,12.520,0.260,2.450,81.7,666.4,2.2821,182.60,327.7,0.95,264.1,61.7,1350
2026-08-23 17:31:18.335,2728.0,12.520,0.190,1.620,81.7,666.4,2.2825,182.65,329.3,0.95,265.5,61.7,76
2026-08-23 17:31:19.374,2729.1,12.530,0.220,2.720,82.5,673.2,2.2833,182.72,329.3,0.95,266.1,61.7,0
2026-08-23 17:31:20.410,2730.1,12.530,0.360,4.560,82.5,673.2,2.2846,182.82,329.2,0.95,265.8,61.7,0
2026-08-23 17:31:21.433,2731.1,12.530,0.320,3.760,82.5,673.2,2.2857,182.91,329.3,0.95,265.9,61.7,0
2026-08-23 17:31:22.473,2732.2,12.520,0.240,3.490,81.7,666.4,2.2867,182.98,329.0,0.95,265.5,61.7,0
2026-08-23 17:31:23.509,2733.2,12.520,0.130,1.670,81.7,666.4,2.2872,183.02,328.7,0.95,265.2,61.7,0
2026-08-23 17:31:24.544,2734.3,12.520,0.180,2.990,81.7,666.4,2.2880,183.07,329.0,0.95,265.4,61.1,0
2026-08-23 17:31:25.555,2735.3,12.520,0.170,2.910,81.7,666.4,2.2888,183.12,330.4,0.95,268.1,61.7,0
2026-08-23 17:31:26.579,2736.3,12.520,0.380,4.180,81.7,666.4,2.2900,183.23,329.6,0.95,267.2,61.7,0
2026-08-23 17:31:27.597,2737.3,12.530,0.280,3.110,82.5,673.2,2.2909,183.31,330.4,0.96,268.2,61.1,0
2026-08-23 17:31:28.664,2738.4,12.530,0.300,3.800,82.5,673.2,2.2920,183.39,329.1,0.95,265.8,61.1,1051
2026-08-23 17:31:29.700,2739.4,12.440,0.200,2.460,75.4,615.1,2.2927,183.45,328.0,0.95,264.7,61.7,1511
2026-08-23 17:31:30.721,2740.4,12.530,0.330,3.940,82.5,673.2,2.2939,183.55,326.3,0.95,262.2,61.7,1176
2026-08-23 17:31:31.761,2741.5,12.520,0.210,2.680,81.7,666.4,2.2946,183.61,327.0,0.94,261.7,61.7,1521
2026-08-23 17:31:32.798,2742.5,12.530,0.370,4.630,82.5,673.2,2.2960,183.71,327.7,0.95,264.7,61.7,2994
2026-08-23 17:31:33.833,2743.5,12.530,0.270,2.660,82.5,673.2,2.2967,183.79,326.8,0.94,262.2,61.7,3752
2026-08-23 17:31:34.873,2744.6,12.530,0.300,3.050,82.5,673.2,2.2976,183.88,329.1,0.95,265.5,61.7,2199
2026-08-23 17:31:35.909,2745.6,12.520,0.200,2.520,81.7,666.4,2.2983,183.94,329.8,0.95,265.7,61.1,606
2026-08-23 17:31:36.976,2746.7,12.530,0.310,3.850,82.5,673.2,2.2995,184.03,327.2,0.95,264.2,61.7,733
2026-08-23 17:31:38.033,2747.7,12.520,0.190,2.840,81.7,666.4,2.3003,184.08,329.8,0.95,266.5,61.7,744
2026-08-23 17:31:39.116,2748.8,12.530,0.330,4.290,82.5,673.2,2.3016,184.18,330.7,0.96,269.0,61.7,1014
2026-08-23 17:31:40.137,2749.9,12.530,0.320,3.980,82.5,673.2,2.3027,184.27,330.8,0.96,269.0,61.7,61
2026-08-23 17:31:41.205,2750.9,12.530,0.290,3.650,82.5,673.2,2.3038,184.36,329.3,0.95,266.0,61.7,0
2026-08-23 17:31:42.240,2752.0,12.520,0.180,2.920,81.7,666.4,2.3047,184.41,329.5,0.95,266.0,61.7,0
2026-08-23 17:31:43.361,2753.1,12.520,0.190,2.320,81.7,666.4,2.3054,184.47,329.5,0.95,266.4,61.7,0
2026-08-23 17:31:44.398,2754.1,12.520,0.190,2.670,81.7,666.4,2.3061,184.52,329.6,0.95,266.5,61.7,0
2026-08-23 17:31:45.435,2755.1,12.520,0.250,2.470,81.7,666.4,2.3069,184.60,328.9,0.95,265.1,61.7,0
2026-08-23 17:31:46.438,2756.2,12.530,0.320,4.050,82.5,673.2,2.3080,184.69,329.0,0.95,265.6,61.1,0
2026-08-23 17:31:47.460,2757.2,12.530,0.210,2.670,82.5,673.2,2.3087,184.75,329.1,0.95,265.2,61.7,0
2026-08-23 17:31:48.496,2758.2,12.530,0.260,2.820,82.5,673.2,2.3096,184.82,328.8,0.95,265.5,61.1,515
2026-08-23 17:31:49.542,2759.3,12.520,0.170,1.560,81.7,666.4,2.3100,184.87,328.7,0.95,265.6,61.7,92
2026-08-23 17:31:50.633,2760.3,12.520,0.220,2.700,81.7,666.4,2.3108,184.94,329.5,0.95,267.1,61.1,249
2026-08-23 17:31:51.694,2761.4,12.520,0.200,2.330,81.7,666.4,2.3115,185.00,329.0,0.95,265.8,61.7,1010
2026-08-23 17:31:52.727,2762.4,12.530,0.290,3.580,82.5,673.2,2.3125,185.08,327.5,0.95,265.0,61.7,536
2026-08-23 17:31:53.823,2763.5,12.530,0.260,3.280,82.5,673.2,2.3135,185.16,328.9,0.95,264.5,61.7,596
2026-08-23 17:31:54.829,2764.5,12.510,0.240,2.190,80.8,659.6,2.3142,185.22,327.5,0.95,264.9,61.7,1530
2026-08-23 17:31:55.869,2765.6,12.530,0.220,2.950,82.5,673.2,2.3150,185.29,329.0,0.95,265.3,61.7,334
2026-08-23 17:31:56.905,2766.6,12.520,0.180,2.220,81.7,666.4,2.3156,185.34,328.6,0.95,264.4,61.7,605
2026-08-23 17:31:57.940,2767.7,12.520,0.210,2.550,81.7,666.4,2.3164,185.40,327.7,0.95,264.4,61.1,783
2026-08-23 17:31:58.942,2768.7,12.530,0.260,3.960,82.5,673.2,2.3175,185.47,327.1,0.95,263.3,61.7,1566
2026-08-23 17:32:00.008,2769.7,12.520,0.200,2.560,81.7,666.4,2.3182,185.53,327.4,0.95,264.0,61.7,510
2026-08-23 17:32:01.044,2770.8,12.530,0.230,3.550,82.5,673.2,2.3193,185.60,329.6,0.95,266.5,61.7,370
2026-08-23 17:32:02.118,2771.8,12.520,0.150,1.790,81.7,666.4,2.3198,185.64,330.6,0.96,268.9,61.7,0
2026-08-23 17:32:03.156,2772.9,12.520,0.220,2.740,81.7,666.4,2.3206,185.71,329.8,0.95,266.7,61.7,0
2026-08-23 17:32:04.180,2773.9,12.530,0.260,3.210,82.5,673.2,2.3215,185.78,329.5,0.95,267.1,61.1,0
2026-08-23 17:32:05.182,2774.9,12.530,0.240,3.520,82.5,673.2,2.3225,185.85,330.7,0.96,268.7,61.7,0
2026-08-23 17:32:06.217,2775.9,12.530,0.270,3.340,82.5,673.2,2.3234,185.92,330.0,0.95,266.3,61.1,0
2026-08-23 17:32:07.283,2777.0,12.530,0.260,2.850,82.5,673.2,2.3243,186.00,330.3,0.95,267.8,61.7,0
2026-08-23 17:32:08.292,2778.0,12.520,0.200,1.830,81.7,666.4,2.3248,186.06,329.2,0.95,265.5,61.7,0
2026-08-23 17:32:09.359,2779.1,12.520,0.210,2.110,81.7,666.4,2.3254,186.12,329.7,0.95,266.5,61.7,0
2026-08-23 17:32:10.395,2780.1,12.530,0.280,4.270,82.5,673.2,2.3266,186.20,328.2,0.95,265.2,61.7,320
2026-08-23 17:32:11.435,2781.1,12.510,0.290,3.860,80.8,659.6,2.3278,186.28,328.1,0.95,264.0,61.7,1317
2026-08-23 17:32:12.471,2782.2,12.520,0.270,3.820,81.7,666.4,2.3289,186.36,327.4,0.95,263.9,61.1,781
2026-08-23 17:32:13.508,2783.2,12.520,0.200,2.040,81.7,666.4,2.3295,186.42,328.3,0.94,263.7,61.7,595
2026-08-23 17:32:14.520,2784.2,12.530,0.270,3.380,82.5,673.2,2.3304,186.50,329.4,0.95,266.8,61.7,1028
2026-08-23 17:32:15.574,2785.3,12.530,0.210,2.630,82.5,673.2,2.3312,186.56,329.6,0.95,266.4,61.1,409
2026-08-23 17:32:16.684,2786.4,12.530,0.320,4.500,82.5,673.2,2.3326,186.66,330.2,0.96,268.8,61.7,724
2026-08-23 17:32:17.690,2787.4,12.530,0.260,2.460,82.5,673.2,2.3332,186.73,328.5,0.95,264.4,61.7,830
2026-08-23 17:32:18.726,2788.4,12.530,0.290,3.150,82.5,673.2,2.3342,186.81,328.3,0.95,265.2,61.7,770
2026-08-23 17:32:19.765,2789.5,12.520,0.210,2.660,81.7,666.4,2.3349,186.87,328.8,0.95,264.7,61.7,1885
2026-08-23 17:32:20.773,2790.5,12.520,0.180,2.950,81.7,666.4,2.3357,186.92,328.8,0.95,265.0,61.7,525
2026-08-23 17:32:21.809,2791.5,12.520,0.210,2.610,81.7,666.4,2.3365,186.98,329.0,0.95,265.4,61.7,331
2026-08-23 17:32:22.849,2792.6,12.530,0.290,3.620,82.5,673.2,2.3375,187.07,328.1,0.95,264.5,61.7,70
2026-08-23 17:32:23.885,2793.6,12.520,0.240,3.050,81.7,666.4,2.3384,187.14,329.2,0.95,266.4,61.7,0
2026-08-23 17:32:24.885,2794.6,12.520,0.210,2.640,81.7,666.4,2.3392,187.19,330.1,0.95,267.6,61.7,0
2026-08-23 17:32:25.960,2795.7,12.520,0.160,2.000,81.7,666.4,2.3398,187.24,328.9,0.95,265.2,61.7,0
2026-08-23 17:32:26.984,2796.7,12.520,0.170,2.780,81.7,666.4,2.3405,187.29,330.4,0.96,268.3,61.7,0
2026-08-23 17:32:28.075,2797.8,12.530,0.250,2.660,82.5,673.2,2.3413,187.37,329.5,0.95,266.9,61.7,0
2026-08-23 17:32:29.142,2798.9,12.530,0.310,4.560,82.5,673.2,2.3427,187.46,329.6,0.95,267.2,61.7,0
2026-08-23 17:32:30.177,2799.9,12.530,0.250,3.070,82.5,673.2,2.3436,187.53,327.9,0.95,264.1,62.2,7
2026-08-23 17:32:31.185,2800.9,12.530,0.270,3.430,82.5,673.2,2.3445,187.61,328.1,0.95,264.5,61.7,616
2026-08-23 17:32:32.224,2801.9,12.520,0.160,1.830,81.7,666.4,2.3451,187.65,328.9,0.95,265.8,61.7,1648
2026-08-23 17:32:33.260,2803.0,12.530,0.260,2.440,82.5,673.2,2.3458,187.73,328.7,0.95,264.5,61.7,2482
2026-08-23 17:32:34.297,2804.0,12.530,0.260,3.270,82.5,673.2,2.3467,187.80,328.6,0.94,263.7,61.1,754
2026-08-23 17:32:35.338,2805.1,12.530,0.280,4.260,82.5,673.2,2.3479,187.88,328.4,0.95,265.6,61.7,333
2026-08-23 17:32:36.346,2806.1,12.530,0.310,3.060,82.5,673.2,2.3488,187.97,328.7,0.95,265.9,61.7,764
2026-08-23 17:32:37.382,2807.1,12.520,0.180,1.600,81.7,666.4,2.3493,188.02,325.8,0.95,262.2,61.7,980
2026-08-23 17:32:38.446,2808.2,12.530,0.210,2.640,82.5,673.2,2.3500,188.08,328.5,0.95,266.2,61.7,1560
2026-08-23 17:32:39.470,2809.2,12.530,0.240,3.000,82.5,673.2,2.3509,188.15,330.7,0.95,267.6,61.7,1022
2026-08-23 17:32:40.493,2810.2,12.530,0.350,4.390,82.5,673.2,2.3521,188.25,330.4,0.96,268.4,61.7,262
2026-08-23 17:32:41.578,2811.3,12.520,0.260,3.260,81.7,666.4,2.3531,188.33,329.0,0.95,266.1,61.1,498
2026-08-23 17:32:42.614,2812.3,12.520,0.190,2.330,81.7,666.4,2.3538,188.38,328.0,0.95,264.1,61.7,4150
2026-08-23 17:32:43.679,2813.4,12.520,0.190,2.430,81.7,666.4,2.3545,188.44,329.2,0.95,266.7,61.7,2861
2026-08-23 17:32:44.719,2814.4,12.520,0.300,3.750,81.7,666.4,2.3556,188.53,330.1,0.95,267.0,61.7,79
2026-08-23 17:32:45.755,2815.5,12.520,0.200,2.980,81.7,666.4,2.3565,188.58,330.2,0.95,266.7,61.7,0
2026-08-23 17:32:46.821,2816.5,12.530,0.390,4.040,82.5,673.2,2.3577,188.70,330.0,0.95,267.3,61.1,0
2026-08-23 17:32:47.830,2817.5,12.530,0.200,3.060,82.5,673.2,2.3585,188.76,328.9,0.95,264.9,61.1,0
2026-08-23 17:32:48.897,2818.6,12.520,0.180,2.260,81.7,666.4,2.3592,188.81,329.4,0.95,265.9,61.7,0
2026-08-23 17:32:49.933,2819.6,12.520,0.160,2.050,81.7,666.4,2.3598,188.86,330.2,0.95,266.9,61.7,0
2026-08-23 17:32:51.021,2820.7,12.530,0.330,3.310,82.5,673.2,2.3608,188.95,329.0,0.96,267.6,61.7,0
2026-08-23 17:32:52.041,2821.8,12.520,0.230,2.830,81.7,666.4,2.3616,189.02,328.6,0.95,266.1,61.7,1471
2026-08-23 17:32:53.065,2822.8,12.530,0.270,3.370,82.5,673.2,2.3625,189.10,327.8,0.95,264.4,62.2,1931
2026-08-23 17:32:54.134,2823.8,12.530,0.230,2.930,82.5,673.2,2.3634,189.17,328.3,0.95,264.0,61.7,1456
2026-08-23 17:32:55.169,2824.9,12.520,0.270,3.490,81.7,666.4,2.3644,189.24,327.7,0.95,264.0,61.1,592
2026-08-23 17:32:56.290,2826.0,12.520,0.190,2.820,81.7,666.4,2.3653,189.30,327.5,0.95,264.4,61.1,1080
2026-08-23 17:32:57.327,2827.0,12.530,0.300,4.000,82.5,673.2,2.3664,189.39,328.5,0.95,265.5,61.7,956
2026-08-23 17:32:58.334,2828.0,12.520,0.230,2.820,81.7,666.4,2.3672,189.45,328.7,0.95,264.2,61.7,1772
2026-08-23 17:32:59.404,2829.1,12.530,0.370,4.350,82.5,673.2,2.3685,189.56,328.3,0.95,264.4,61.7,1473
2026-08-23 17:33:00.470,2830.2,12.530,0.250,3.490,82.5,673.2,2.3696,189.64,329.7,0.95,267.1,61.7,1300
2026-08-23 17:33:01.506,2831.2,12.530,0.220,3.490,82.5,673.2,2.3706,189.70,327.3,0.95,263.9,61.7,201
2026-08-23 17:33:02.584,2832.3,12.520,0.160,1.980,81.7,666.4,2.3711,189.75,330.2,0.96,268.5,61.7,1465
2026-08-23 17:33:03.587,2833.3,12.530,0.320,4.020,82.5,673.2,2.3723,189.84,330.8,0.95,267.9,61.7,979
2026-08-23 17:33:04.610,2834.3,12.530,0.280,3.240,82.5,673.2,2.3732,189.92,328.5,0.95,265.3,61.7,2765
2026-08-23 17:33:05.659,2835.4,12.530,0.400,4.490,82.5,673.2,2.3745,190.03,330.4,0.95,267.1,61.7,382
2026-08-23 17:33:06.694,2836.4,12.520,0.240,2.330,81.7,666.4,2.3752,190.10,329.1,0.95,265.8,61.1,0
2026-08-23 17:33:07.701,2837.4,12.520,0.250,3.180,81.7,666.4,2.3761,190.17,330.1,0.95,267.0,61.1,0
2026-08-23 17:33:08.769,2838.5,12.530,0.220,2.690,82.5,673.2,2.3769,190.24,329.3,0.95,265.5,61.7,0
2026-08-23 17:33:09.835,2839.5,12.520,0.280,3.740,81.7,666.4,2.3780,190.32,328.8,0.95,265.3,61.7,0
2026-08-23 17:33:10.871,2840.6,12.520,0.170,2.160,81.7,666.4,2.3786,190.37,329.2,0.95,266.0,61.7,0
2026-08-23 17:33:11.926,2841.6,12.530,0.310,4.680,82.5,673.2,2.3800,190.46,329.9,0.95,266.8,61.7,0
2026-08-23 17:33:12.993,2842.7,12.520,0.220,3.080,81.7,666.4,2.3809,190.53,329.6,0.95,266.4,61.7,0
2026-08-23 17:33:14.029,2843.7,12.520,0.230,2.930,81.7,666.4,2.3817,190.59,329.7,0.95,266.1,61.1,0
2026-08-23 17:33:15.050,2844.8,12.520,0.170,1.730,81.7,666.4,2.3822,190.64,327.6,0.94,262.6,61.1,1404
2026-08-23 17:33:16.171,2845.9,12.530,0.330,3.890,82.5,673.2,2.3834,190.74,329.6,0.95,266.2,61.7,3281
2026-08-23 17:33:17.291,2847.0,12.520,0.210,2.620,81.7,666.4,2.3842,190.81,330.5,0.95,268.1,61.7,1494
2026-08-23 17:33:18.329,2848.0,12.530,0.270,3.420,82.5,673.2,2.3852,190.89,329.1,0.95,264.8,61.7,1082
2026-08-23 17:33:19.395,2849.1,12.530,0.270,3.690,82.5,673.2,2.3863,190.97,329.4,0.95,265.6,61.7,1429
2026-08-23 17:33:20.485,2850.2,12.520,0.230,2.930,81.7,666.4,2.3872,191.04,327.7,0.95,264.6,61.1,2763
2026-08-23 17:33:21.507,2851.2,12.520,0.200,2.760,81.7,666.4,2.3880,191.09,326.7,0.95,262.7,61.7,747
2026-08-23 17:33:22.544,2852.3,12.520,0.190,1.680,81.7,666.4,2.3885,191.15,327.0,0.95,263.4,61.7,544
2026-08-23 17:33:23.584,2853.3,12.530,0.270,3.020,82.5,673.2,2.3893,191.22,327.7,0.95,263.8,61.7,1568
2026-08-23 17:33:24.620,2854.3,12.530,0.220,2.440,82.5,673.2,2.3900,191.29,327.4,0.94,262.2,61.7,946
2026-08-23 17:33:25.700,2855.4,12.530,0.330,4.160,82.5,673.2,2.3913,191.39,329.2,0.94,264.3,61.7,1038
2026-08-23 17:33:26.778,2856.5,12.530,0.230,3.370,82.5,673.2,2.3923,191.46,330.9,0.95,268.5,61.7,427
2026-08-23 17:33:27.805,2857.5,12.530,0.240,2.550,82.5,673.2,2.3930,191.52,329.9,0.95,267.1,61.1,99
2026-08-23 17:33:28.859,2858.6,12.520,0.200,2.480,81.7,666.4,2.3937,191.58,330.6,0.95,268.1,61.1,0
2026-08-23 17:33:29.907,2859.6,12.530,0.230,2.870,82.5,673.2,2.3946,191.65,329.1,0.95,266.1,61.7,0
2026-08-23 17:33:30.973,2860.7,12.520,0.200,3.250,81.7,666.4,2.3955,191.71,328.8,0.95,265.1,61.7,0
2026-08-23 17:33:32.008,2861.7,12.530,0.340,4.380,82.5,673.2,2.3968,191.81,329.1,0.95,265.3,61.7,0
2026-08-23 17:33:33.010,2862.7,12.520,0.260,3.210,81.7,666.4,2.3977,191.88,329.1,0.95,266.0,61.7,0
2026-08-23 17:33:34.046,2863.8,12.530,0.280,3.460,82.5,673.2,2.3987,191.96,329.4,0.95,265.8,61.7,0
2026-08-23 17:33:35.111,2864.8,12.520,0.170,1.710,81.7,666.4,2.3992,192.01,329.5,0.95,266.0,61.7,0
2026-08-23 17:33:36.203,2865.9,12.530,0.230,2.870,82.5,673.2,2.4001,192.08,329.4,0.95,266.0,61.7,0
2026-08-23 17:33:37.239,2867.0,12.530,0.210,2.820,82.5,673.2,2.4009,192.14,328.6,0.95,264.6,61.7,0
2026-08-23 17:33:38.305,2868.0,12.530,0.350,4.280,82.5,673.2,2.4021,192.24,327.3,0.95,264.6,61.7,1224
2026-08-23 17:33:39.341,2869.1,12.530,0.220,2.890,82.5,673.2,2.4030,192.31,329.5,0.95,266.5,61.1,1075
2026-08-23 17:33:40.425,2870.1,12.530,0.260,3.010,82.5,673.2,2.4039,192.39,330.9,0.95,268.3,61.7,772
2026-08-23 17:33:41.546,2871.3,12.520,0.220,2.800,81.7,666.4,2.4048,192.45,329.0,0.95,265.6,61.1,326
2026-08-23 17:33:42.574,2872.3,12.530,0.190,2.390,82.5,673.2,2.4054,192.51,327.7,0.95,265.0,61.7,442
2026-08-23 17:33:43.609,2873.3,12.520,0.210,2.670,81.7,666.4,2.4062,192.57,330.4,0.95,266.6,61.7,1015
2026-08-23 17:33:44.616,2874.3,12.530,0.350,3.610,82.5,673.2,2.4072,192.67,328.3,0.95,265.4,61.7,528
2026-08-23 17:33:45.671,2875.4,12.520,0.250,3.080,81.7,666.4,2.4081,192.74,329.6,0.95,266.8,61.7,425
2026-08-23 17:33:46.708,2876.4,12.530,0.200,3.270,82.5,673.2,2.4091,192.80,329.6,0.95,265.8,61.1,494
2026-08-23 17:33:47.716,2877.4,12.520,0.160,1.990,81.7,666.4,2.4096,192.84,329.0,0.95,265.8,61.7,423
2026-08-23 17:33:48.786,2878.5,12.520,0.210,2.600,81.7,666.4,2.4104,192.90,329.2,0.95,265.3,61.7,2678
2026-08-23 17:33:49.851,2879.6,12.520,0.240,2.830,81.7,666.4,2.4112,192.98,329.4,0.95,265.5,61.7,71
2026-08-23 17:33:50.946,2880.7,12.530,0.340,4.280,82.5,673.2,2.4125,193.08,329.3,0.95,265.8,61.7,0
2026-08-23 17:33:52.067,2881.8,12.530,0.290,3.600,82.5,673.2,2.4137,193.17,329.1,0.95,265.6,61.7,0
2026-08-23 17:33:53.186,2882.9,12.520,0.260,3.330,81.7,666.4,2.4147,193.25,329.5,0.95,266.1,61.7,0
2026-08-23 17:33:54.208,2883.9,12.520,0.220,2.420,81.7,666.4,2.4154,193.31,329.6,0.95,266.4,61.7,0
2026-08-23 17:33:55.214,2884.9,12.520,0.170,2.150,81.7,666.4,2.4160,193.36,329.4,0.95,266.2,61.7,0
2026-08-23 17:33:56.249,2886.0,12.520,0.210,2.040,81.7,666.4,2.4166,193.42,329.4,0.95,266.4,61.7,107
2026-08-23 17:33:57.290,2887.0,12.530,0.330,4.410,82.5,673.2,2.4178,193.52,327.6,0.95,263.8,61.7,0
2026-08-23 17:33:58.298,2888.0,12.520,0.240,2.970,81.7,666.4,2.4187,193.58,326.8,0.95,264.0,61.7,510
2026-08-23 17:33:59.334,2889.0,12.520,0.200,2.520,81.7,666.4,2.4194,193.64,328.2,0.95,265.1,61.7,1007
2026-08-23 17:34:00.389,2890.1,12.520,0.170,2.120,81.7,666.4,2.4200,193.69,328.1,0.95,264.8,61.7,963
2026-08-23 17:34:01.484,2891.2,12.530,0.320,4.040,82.5,673.2,2.4212,193.79,329.9,0.95,266.7,61.7,772
2026-08-23 17:34:02.550,2892.3,12.520,0.210,1.900,81.7,666.4,2.4218,193.85,330.3,0.95,267.6,61.7,329
2026-08-23 17:34:03.587,2893.3,12.530,0.350,4.430,82.5,673.2,2.4231,193.95,329.0,0.95,266.1,61.7,333
2026-08-23 17:34:04.708,2894.4,12.530,0.250,3.830,82.5,673.2,2.4243,194.03,330.0,0.96,268.5,61.7,304
2026-08-23 17:34:05.828,2895.5,12.530,0.230,2.940,82.5,673.2,2.4252,194.10,330.1,0.96,268.5,61.7,512
2026-08-23 17:34:06.870,2896.6,12.520,0.210,2.250,81.7,666.4,2.4258,194.16,329.8,0.95,266.5,61.1,509
2026-08-23 17:34:07.877,2897.6,12.520,0.190,1.970,81.7,666.4,2.4264,194.21,329.4,0.95,266.9,61.7,330
2026-08-23 17:34:08.912,2898.6,12.530,0.230,2.830,82.5,673.2,2.4272,194.28,328.8,0.95,266.6,61.1,129
2026-08-23 17:34:09.952,2899.7,12.520,0.200,2.480,81.7,666.4,2.4279,194.34,327.1,0.95,263.2,61.7,1001
2026-08-23 17:34:10.988,2900.7,12.530,0.270,3.360,82.5,673.2,2.4289,194.42,329.3,0.95,265.9,62.2,298
2026-08-23 17:34:12.139,2901.9,12.530,0.260,3.200,82.5,673.2,2.4299,194.50,329.5,0.95,265.6,61.7,0
2026-08-23 17:34:13.205,2902.9,12.530,0.320,3.990,82.5,673.2,2.4311,194.59,329.4,0.95,266.3,61.1,0
2026-08-23 17:34:14.241,2904.0,12.520,0.200,2.500,81.7,666.4,2.4318,194.65,330.3,0.95,266.8,61.7,0
2026-08-23 17:34:15.257,2905.0,12.530,0.290,3.590,82.5,673.2,2.4328,194.73,330.1,0.95,266.5,61.7,0
2026-08-23 17:34:16.282,2906.0,12.530,0.230,2.850,82.5,673.2,2.4336,194.80,329.9,0.95,266.9,61.7,0
2026-08-23 17:34:17.336,2907.0,12.530,0.340,4.330,82.5,673.2,2.4349,194.90,330.5,0.96,268.3,61.7,9
2026-08-23 17:34:18.358,2908.1,12.520,0.200,2.460,81.7,666.4,2.4356,194.95,329.3,0.95,266.8,61.7,0
2026-08-23 17:34:19.393,2909.1,12.520,0.260,3.250,81.7,666.4,2.4365,195.03,327.1,0.95,263.3,61.7,115
2026-08-23 17:34:20.459,2910.2,12.520,0.180,2.590,81.7,666.4,2.4373,195.08,329.6,0.95,266.2,61.7,362
2026-08-23 17:34:21.527,2911.2,12.530,0.290,3.970,82.5,673.2,2.4385,195.17,327.4,0.94,262.5,61.1,1428
2026-08-23 17:34:22.549,2912.3,12.530,0.280,3.540,82.5,673.2,2.4395,195.25,327.9,0.95,264.3,61.1,1510
2026-08-23 17:34:23.615,2913.3,12.530,0.340,4.320,82.5,673.2,2.4408,195.35,329.2,0.95,265.6,61.7,986
2026-08-23 17:34:24.684,2914.4,12.520,0.210,2.680,81.7,666.4,2.4416,195.41,328.8,0.95,264.9,61.7,581
2026-08-23 17:34:25.692,2915.4,12.530,0.270,3.440,82.5,673.2,2.4425,195.49,328.9,0.95,265.2,61.7,436
2026-08-23 17:34:26.729,2916.4,12.520,0.230,2.720,81.7,666.4,2.4433,195.55,328.7,0.95,266.1,61.1,1510
2026-08-23 17:34:27.778,2917.5,12.520,0.220,2.840,81.7,666.4,2.4441,195.62,330.2,0.95,267.1,61.7,1628
2026-08-23 17:34:28.795,2918.5,12.530,0.220,2.190,82.5,673.2,2.4448,195.68,328.5,0.96,267.1,61.7,2758
2026-08-23 17:34:29.816,2919.5,12.530,0.280,3.470,82.5,673.2,2.4457,195.76,328.3,0.95,266.1,61.7,958
2026-08-23 17:34:30.864,2920.6,12.530,0.280,2.780,82.5,673.2,2.4466,195.84,328.0,0.95,264.1,61.7,1312
2026-08-23 17:34:31.898,2921.6,12.530,0.230,2.820,82.5,673.2,2.4474,195.91,329.4,0.95,265.7,61.1,762
2026-08-23 17:34:32.964,2922.7,12.520,0.180,1.690,81.7,666.4,2.4479,195.96,329.4,0.95,265.8,61.7,101
2026-08-23 17:34:34.056,2923.8,12.530,0.320,3.600,82.5,673.2,2.4490,196.06,328.9,0.95,265.3,61.1,0
2026-08-23 17:34:35.063,2924.8,12.520,0.200,2.910,81.7,666.4,2.4498,196.11,328.7,0.95,265.3,61.7,0
2026-08-23 17:34:36.100,2925.8,12.530,0.310,3.860,82.5,673.2,2.4509,196.20,329.1,0.95,266.1,61.7,0
2026-08-23 17:34:37.140,2926.9,12.520,0.210,2.580,81.7,666.4,2.4516,196.26,328.8,0.95,265.4,61.7,0
2026-08-23 17:34:38.176,2927.9,12.530,0.270,3.380,82.5,673.2,2.4526,196.34,329.5,0.95,265.8,61.7,0
2026-08-23 17:34:39.183,2928.9,12.520,0.150,1.940,81.7,666.4,2.4531,196.38,328.8,0.95,264.8,61.7,665
2026-08-23 17:34:40.300,2930.0,12.530,0.280,3.120,82.5,673.2,2.4541,196.47,329.5,0.95,266.6,61.1,1439
2026-08-23 17:34:41.421,2931.1,12.520,0.160,2.460,81.7,666.4,2.4549,196.52,330.5,0.95,267.9,61.7,1500
2026-08-23 17:34:42.541,2932.3,12.520,0.250,3.070,81.7,666.4,2.4558,196.60,331.8,0.96,269.6,61.7,212
2026-08-23 17:34:43.579,2933.3,12.530,0.230,2.880,82.5,673.2,2.4567,196.66,330.7,0.95,268.1,61.7,90
2026-08-23 17:34:44.645,2934.4,12.530,0.230,2.820,82.5,673.2,2.4575,196.73,330.4,0.95,267.4,61.7,273
2026-08-23 17:34:45.735,2935.4,12.530,0.230,2.880,82.5,673.2,2.4584,196.80,328.9,0.95,266.4,61.7,1452
2026-08-23 17:34:46.801,2936.5,12.520,0.200,2.500,81.7,666.4,2.4591,196.86,329.7,0.95,266.4,61.7,1179
2026-08-23 17:34:47.837,2937.6,12.520,0.140,1.780,81.7,666.4,2.4596,196.90,328.0,0.95,264.3,61.7,442
2026-08-23 17:34:48.877,2938.6,12.520,0.220,2.290,81.7,666.4,2.4603,196.96,330.1,0.95,266.7,61.7,784
2026-08-23 17:34:49.913,2939.6,12.530,0.290,4.220,82.5,673.2,2.4615,197.05,328.7,0.95,264.7,61.7,259
2026-08-23 17:34:50.980,2940.7,12.530,0.240,2.810,82.5,673.2,2.4623,197.12,330.2,0.95,267.3,61.1,269
2026-08-23 17:34:52.055,2941.8,12.530,0.270,2.780,82.5,673.2,2.4632,197.20,327.6,0.95,265.1,61.7,524
2026-08-23 17:34:53.139,2942.9,12.530,0.200,2.490,82.5,673.2,2.4639,197.26,328.9,0.95,266.7,61.7,1527
2026-08-23 17:34:54.162,2943.9,12.530,0.260,3.200,82.5,673.2,2.4648,197.33,330.4,0.95,267.6,61.7,259
2026-08-23 17:34:55.211,2944.9,12.520,0.210,2.610,81.7,666.4,2.4656,197.39,330.7,0.95,267.8,61.7,0
2026-08-23 17:34:56.246,2946.0,12.530,0.350,4.510,82.5,673.2,2.4669,197.50,329.1,0.95,265.7,61.7,0
2026-08-23 17:34:57.252,2947.0,12.530,0.260,3.200,82.5,673.2,2.4678,197.57,330.1,0.95,266.7,61.1,0
2026-08-23 17:34:58.307,2948.0,12.530,0.240,2.990,82.5,673.2,2.4686,197.64,330.0,0.95,266.5,61.7,0
2026-08-23 17:34:59.387,2949.1,12.520,0.150,2.230,81.7,666.4,2.4693,197.68,329.5,0.95,265.7,61.7,0
2026-08-23 17:35:00.482,2950.2,12.530,0.260,3.530,82.5,673.2,2.4704,197.76,329.0,0.95,265.0,61.7,1401
2026-08-23 17:35:01.508,2951.2,12.520,0.210,1.960,81.7,666.4,2.4709,197.82,329.8,0.95,267.0,61.7,811
2026-08-23 17:35:02.546,2952.3,12.530,0.350,4.020,82.5,673.2,2.4721,197.92,328.1,0.95,264.8,61.1,510
2026-08-23 17:35:03.581,2953.3,12.530,0.260,2.640,82.5,673.2,2.4729,198.00,327.1,0.95,262.9,61.7,616
2026-08-23 17:35:04.665,2954.4,12.530,0.220,3.290,82.5,673.2,2.4739,198.06,327.5,0.95,264.1,61.7,258
2026-08-23 17:35:05.687,2955.4,12.530,0.250,2.810,82.5,673.2,2.4747,198.14,328.1,0.95,266.2,61.7,370
2026-08-23 17:35:06.807,2956.5,12.530,0.240,2.320,82.5,673.2,2.4754,198.21,328.9,0.96,267.1,61.7,584
2026-08-23 17:35:07.849,2957.6,12.530,0.210,1.960,82.5,673.2,2.4759,198.27,328.1,0.95,263.6,61.7,438
2026-08-23 17:35:08.856,2958.6,12.530,0.380,4.650,82.5,673.2,2.4772,198.38,329.3,0.95,266.3,61.7,1012
2026-08-23 17:35:09.892,2959.6,12.520,0.190,2.400,81.7,666.4,2.4779,198.43,327.3,0.95,263.7,61.7,801
2026-08-23 17:35:10.932,2960.6,12.530,0.290,3.640,82.5,673.2,2.4790,198.52,328.5,0.95,265.4,61.7,593
2026-08-23 17:35:11.967,2961.7,12.520,0.210,2.000,81.7,666.4,2.4796,198.58,327.6,0.95,264.4,61.7,1487
2026-08-23 17:35:13.059,2962.8,12.520,0.210,2.540,81.7,666.4,2.4803,198.64,328.8,0.95,266.2,61.1,1451
2026-08-23 17:35:14.124,2963.8,12.520,0.210,2.260,81.7,666.4,2.4810,198.70,330.0,0.95,267.4,61.7,697
2026-08-23 17:35:15.161,2964.9,12.530,0.300,4.400,82.5,673.2,2.4823,198.79,327.9,0.95,264.4,61.7,434
2026-08-23 17:35:16.207,2965.9,12.530,0.300,3.560,82.5,673.2,2.4833,198.88,329.4,0.95,266.1,61.7,181
2026-08-23 17:35:17.298,2967.0,12.530,0.220,2.580,82.5,673.2,2.4841,198.94,330.6,0.96,268.7,61.7,0
2026-08-23 17:35:18.358,2968.1,12.520,0.210,3.200,81.7,666.4,2.4850,199.00,329.7,0.95,267.4,61.7,0
2026-08-23 17:35:19.446,2969.2,12.520,0.190,2.370,81.7,666.4,2.4857,199.06,328.9,0.95,265.5,61.7,0
2026-08-23 17:35:20.452,2970.2,12.530,0.220,2.810,82.5,673.2,2.4865,199.12,330.0,0.95,266.8,61.7,0
2026-08-23 17:35:21.487,2971.2,12.530,0.300,3.270,82.5,673.2,2.4875,199.21,329.4,0.95,266.0,61.7,0
2026-08-23 17:35:22.528,2972.2,12.530,0.290,2.960,82.5,673.2,2.4883,199.29,329.1,0.95,265.5,61.7,0
2026-08-23 17:35:23.551,2973.3,12.530,0.250,3.170,82.5,673.2,2.4892,199.36,329.2,0.95,264.6,61.7,503
2026-08-23 17:35:24.586,2974.3,12.530,0.210,2.610,82.5,673.2,2.4900,199.42,329.4,0.95,266.1,61.7,2667
2026-08-23 17:35:25.627,2975.3,12.530,0.230,2.880,82.5,673.2,2.4908,199.49,330.4,0.95,266.8,61.7,596
2026-08-23 17:35:26.663,2976.4,12.530,0.160,2.010,82.5,673.2,2.4914,199.54,327.9,0.95,265.4,61.7,589
2026-08-23 17:35:27.728,2977.4,12.530,0.300,4.240,82.5,673.2,2.4926,199.63,330.8,0.95,268.3,61.7,1135
2026-08-23 17:35:28.861,2978.6,12.530,0.220,2.740,82.5,673.2,2.4935,199.69,330.6,0.95,268.2,61.7,130
2026-08-23 17:35:29.915,2979.6,12.530,0.260,3.240,82.5,673.2,2.4945,199.77,329.1,0.95,266.7,61.7,1445
2026-08-23 17:35:30.954,2980.7,12.520,0.240,3.040,81.7,666.4,2.4953,199.84,328.8,0.95,264.9,61.7,996
2026-08-23 17:35:31.954,2981.7,12.520,0.160,2.300,81.7,666.4,2.4960,199.88,331.3,0.95,268.3,61.7,286
2026-08-23 17:35:33.020,2982.7,12.530,0.200,2.480,82.5,673.2,2.4967,199.94,329.9,0.95,266.3,61.7,497
2026-08-23 17:35:34.055,2983.8,12.530,0.220,2.860,82.5,673.2,2.4975,200.01,328.7,0.95,265.6,61.7,1669
2026-08-23 17:35:35.095,2984.8,12.530,0.270,4.030,82.5,673.2,2.4987,200.08,328.5,0.95,266.5,61.7,1004
2026-08-23 17:35:36.131,2985.8,12.530,0.260,2.680,82.5,673.2,2.4995,200.16,326.8,0.95,263.5,61.7,1478
2026-08-23 17:35:37.131,2986.8,12.520,0.160,2.370,81.7,666.4,2.5001,200.20,328.6,0.95,264.5,61.7,2946
2026-08-23 17:35:38.170,2987.9,12.530,0.200,2.500,82.5,673.2,2.5008,200.26,329.3,0.95,266.5,61.7,60
2026-08-23 17:35:39.170,2988.9,12.530,0.250,2.740,82.5,673.2,2.5016,200.33,328.0,0.95,264.0,61.1,0
2026-08-23 17:35:40.236,2989.9,12.530,0.370,4.610,82.5,673.2,2.5030,200.44,329.3,0.95,266.4,61.7,0
2026-08-23 17:35:41.260,2991.0,12.530,0.290,2.870,82.5,673.2,2.5038,200.52,329.7,0.95,267.2,61.1,0
2026-08-23 17:35:42.282,2992.0,12.530,0.230,2.910,82.5,673.2,2.5046,200.59,330.7,0.96,269.1,61.7,0
2026-08-23 17:35:43.373,2993.1,12.520,0.210,2.570,81.7,666.4,2.5054,200.65,330.7,0.96,268.8,61.1,0
2026-08-23 17:35:44.384,2994.1,12.530,0.330,4.180,82.5,673.2,2.5066,200.75,329.5,0.95,266.1,61.1,0
2026-08-23 17:35:45.391,2995.1,12.530,0.240,2.960,82.5,673.2,2.5074,200.81,328.7,0.95,265.5,61.1,0
2026-08-23 17:35:46.426,2996.1,12.530,0.260,3.210,82.5,673.2,2.5083,200.89,328.4,0.95,264.2,61.7,0
2026-08-23 17:35:47.466,2997.2,12.530,0.210,2.630,82.5,673.2,2.5091,200.95,327.6,0.95,264.1,61.7,3505
2026-08-23 17:35:48.503,2998.2,12.520,0.240,2.880,81.7,666.4,2.5099,201.02,330.3,0.95,266.9,61.1,502
2026-08-23 17:35:49.511,2999.2,12.520,0.190,2.630,81.7,666.4,2.5106,201.07,328.7,0.95,265.6,61.7,716
2026-08-23 17:35:50.552,3000.3,12.520,0.160,1.990,81.7,666.4,2.5112,201.12,328.3,0.95,265.2,61.7,910
2026-08-23 17:35:51.587,3001.3,12.530,0.380,4.130,82.5,673.2,2.5124,201.23,329.4,0.95,266.1,61.7,1604
2026-08-23 17:35:52.587,3002.3,12.520,0.230,2.860,81.7,666.4,2.5132,201.29,329.4,0.95,265.0,61.7,251
2026-08-23 17:35:53.600,3003.3,12.530,0.260,2.490,82.5,673.2,2.5139,201.36,329.2,0.95,266.6,61.7,336
2026-08-23 17:35:54.691,3004.4,12.520,0.210,2.390,81.7,666.4,2.5146,201.43,329.5,0.96,267.7,61.7,587
2026-08-23 17:35:55.774,3005.5,12.530,0.200,3.200,82.5,673.2,2.5156,201.49,330.0,0.95,267.6,61.7,592
2026-08-23 17:35:56.842,3006.6,12.520,0.200,2.660,81.7,666.4,2.5164,201.55,329.5,0.95,266.2,61.1,276
2026-08-23 17:35:57.908,3007.6,12.530,0.270,3.890,82.5,673.2,2.5175,201.63,328.7,0.95,265.3,61.7,714
2026-08-23 17:35:58.999,3008.7,12.530,0.230,3.620,82.5,673.2,2.5186,201.70,329.2,0.95,266.0,61.7,375
2026-08-23 17:36:00.006,3009.7,12.530,0.230,2.940,82.5,673.2,2.5194,201.76,329.0,0.95,265.4,61.7,0
2026-08-23 17:36:01.042,3010.8,12.520,0.200,3.110,81.7,666.4,2.5203,201.82,329.2,0.95,266.2,61.1,0
2026-08-23 17:36:02.082,3011.8,12.530,0.210,1.910,82.5,673.2,2.5209,201.88,328.7,0.95,264.9,61.7,0
2026-08-23 17:36:03.118,3012.8,12.530,0.190,1.850,82.5,673.2,2.5214,201.93,329.3,0.95,266.6,61.7,0
2026-08-23 17:36:04.155,3013.9,12.530,0.340,4.480,82.5,673.2,2.5227,202.03,327.9,0.95,264.0,61.7,0
2026-08-23 17:36:05.163,3014.9,12.530,0.240,2.980,82.5,673.2,2.5235,202.10,328.5,0.95,266.1,61.1,2141
2026-08-23 17:36:06.254,3016.0,12.530,0.320,4.050,82.5,673.2,2.5248,202.19,331.0,0.96,269.1,61.7,776
2026-08-23 17:36:07.344,3017.1,12.520,0.140,1.710,81.7,666.4,2.5253,202.24,330.6,0.96,268.5,61.7,2402
2026-08-23 17:36:08.366,3018.1,12.530,0.290,3.600,82.5,673.2,2.5263,202.32,331.3,0.96,270.1,61.7,608
2026-08-23 17:36:09.455,3019.2,12.520,0.200,2.540,81.7,666.4,2.5271,202.38,329.9,0.96,268.3,62.2,188
2026-08-23 17:36:10.520,3020.2,12.530,0.300,2.900,82.5,673.2,2.5279,202.47,329.0,0.95,266.6,61.7,223
2026-08-23 17:36:11.523,3021.2,12.530,0.290,3.570,82.5,673.2,2.5289,202.55,327.4,0.95,263.5,61.1,1568
2026-08-23 17:36:12.588,3022.3,12.530,0.230,3.380,82.5,673.2,2.5299,202.62,329.0,0.95,266.1,61.7,525
2026-08-23 17:36:13.623,3023.3,12.520,0.240,2.980,81.7,666.4,2.5308,202.69,329.2,0.95,266.6,61.7,1491
2026-08-23 17:36:14.715,3024.4,12.520,0.170,2.130,81.7,666.4,2.5314,202.74,328.8,0.95,265.5,61.7,1387
2026-08-23 17:36:15.782,3025.5,12.520,0.140,2.380,81.7,666.4,2.5321,202.78,329.8,0.95,266.2,61.7,985
2026-08-23 17:36:16.817,3026.5,12.530,0.190,2.370,82.5,673.2,2.5328,202.83,332.1,0.95,269.2,61.7,838
2026-08-23 17:36:17.902,3027.6,12.530,0.340,4.250,82.5,673.2,2.5341,202.94,332.4,0.96,271.9,61.7,329
2026-08-23 17:36:18.925,3028.6,12.530,0.210,2.880,82.5,673.2,2.5349,203.00,331.1,0.96,269.4,61.7,187
2026-08-23 17:36:19.947,3029.7,12.530,0.210,2.420,82.5,673.2,2.5356,203.06,330.8,0.96,268.8,61.7,219
2026-08-23 17:36:20.989,3030.7,12.520,0.190,2.180,81.7,666.4,2.5362,203.11,329.6,0.95,265.8,61.1,120
2026-08-23 17:36:21.995,3031.7,12.530,0.230,2.860,82.5,673.2,2.5370,203.18,330.3,0.95,267.1,61.7,0
2026-08-23 17:36:23.031,3032.7,12.530,0.350,4.220,82.5,673.2,2.5383,203.28,329.8,0.95,266.5,61.7,0
2026-08-23 17:36:24.069,3033.8,12.530,0.230,3.530,82.5,673.2,2.5393,203.34,330.0,0.95,267.0,61.7,0
2026-08-23 17:36:25.135,3034.8,12.530,0.220,2.780,82.5,673.2,2.5401,203.41,329.7,0.95,266.5,61.7,0
2026-08-23 17:36:26.226,3035.9,12.530,0.190,2.360,82.5,673.2,2.5408,203.46,328.4,0.95,265.3,61.7,0
2026-08-23 17:36:27.292,3037.0,12.530,0.220,2.770,82.5,673.2,2.5416,203.53,329.6,0.95,267.3,61.7,368
2026-08-23 17:36:28.329,3038.0,12.530,0.230,2.850,82.5,673.2,2.5425,203.60,328.8,0.95,265.6,61.7,1776
2026-08-23 17:36:29.375,3039.1,12.530,0.230,3.290,82.5,673.2,2.5434,203.66,327.6,0.95,264.6,61.7,433
2026-08-23 17:36:30.396,3040.1,12.530,0.300,3.060,82.5,673.2,2.5443,203.75,330.4,0.96,268.9,61.7,751
2026-08-23 17:36:31.472,3041.2,12.530,0.210,3.180,82.5,673.2,2.5452,203.81,330.2,0.96,268.2,61.7,621
2026-08-23 17:36:32.559,3042.3,12.530,0.270,2.940,82.5,673.2,2.5461,203.89,328.6,0.95,265.2,61.7,1381
2026-08-23 17:36:33.564,3043.3,12.520,0.190,2.360,81.7,666.4,2.5468,203.95,330.2,0.95,267.3,61.7,1498
2026-08-23 17:36:34.571,3044.3,12.520,0.230,2.890,81.7,666.4,2.5476,204.01,328.6,0.95,265.0,61.7,783
2026-08-23 17:36:35.611,3045.3,12.530,0.290,2.930,82.5,673.2,2.5484,204.09,329.6,0.95,266.9,61.7,507
2026-08-23 17:36:36.647,3046.4,12.530,0.320,3.120,82.5,673.2,2.5493,204.19,330.8,0.95,268.0,61.7,156
2026-08-23 17:36:37.655,3047.4,12.530,0.290,3.470,82.5,673.2,2.5503,204.27,329.7,0.95,266.5,61.7,269
2026-08-23 17:36:38.695,3048.4,12.520,0.210,2.490,81.7,666.4,2.5510,204.33,328.5,0.95,266.0,61.1,879
2026-08-23 17:36:39.730,3049.4,12.530,0.280,3.250,82.5,673.2,2.5520,204.41,329.1,0.95,265.6,61.7,1580
2026-08-23 17:36:40.738,3050.5,12.530,0.190,2.240,82.5,673.2,2.5526,204.46,328.2,0.95,265.3,61.7,1433
2026-08-23 17:36:41.786,3051.5,12.530,0.220,3.410,82.5,673.2,2.5536,204.53,329.0,0.95,266.6,61.7,266
2026-08-23 17:36:42.841,3052.6,12.530,0.230,3.270,82.5,673.2,2.5545,204.59,330.5,0.95,267.4,61.7,79
2026-08-23 17:36:43.925,3053.6,12.530,0.250,3.180,82.5,673.2,2.5555,204.67,330.9,0.96,269.5,61.7,0
2026-08-23 17:36:45.031,3054.7,12.530,0.220,2.050,82.5,673.2,2.5561,204.74,329.9,0.95,266.9,61.7,0
2026-08-23 17:36:46.067,3055.8,12.520,0.220,3.270,81.7,666.4,2.5571,204.80,328.5,0.95,264.8,61.7,0
2026-08-23 17:36:47.131,3056.8,12.530,0.250,3.170,82.5,673.2,2.5580,204.87,328.9,0.95,266.0,61.7,0
2026-08-23 17:36:48.171,3057.9,12.530,0.340,4.260,82.5,673.2,2.5592,204.97,329.5,0.95,266.1,61.1,0
2026-08-23 17:36:49.207,3058.9,12.530,0.250,3.090,82.5,673.2,2.5601,205.04,329.2,0.94,264.1,61.7,3079
2026-08-23 17:36:50.273,3060.0,12.530,0.200,3.060,82.5,673.2,2.5610,205.10,329.4,0.96,268.0,61.7,1475
2026-08-23 17:36:51.342,3061.1,12.530,0.180,2.280,82.5,673.2,2.5617,205.16,325.9,0.94,261.5,61.1,393
2026-08-23 17:36:52.350,3062.1,12.530,0.210,1.890,82.5,673.2,2.5622,205.21,329.5,0.95,266.1,61.7,2532
2026-08-23 17:36:53.385,3063.1,12.530,0.230,2.310,82.5,673.2,2.5629,205.28,326.3,0.95,263.5,61.1,384
2026-08-23 17:36:54.472,3064.2,12.470,0.410,4.280,77.7,634.0,2.5642,205.40,328.6,0.95,265.2,61.7,1058
2026-08-23 17:36:55.556,3065.3,12.530,0.240,2.230,82.5,673.2,2.5649,205.48,329.9,0.96,268.3,61.7,437
2026-08-23 17:36:56.576,3066.3,12.530,0.270,3.360,82.5,673.2,2.5658,205.55,329.6,0.95,266.5,61.7,430
2026-08-23 17:36:57.644,3067.4,12.530,0.200,2.110,82.5,673.2,2.5664,205.61,327.2,0.95,264.4,61.7,853
2026-08-23 17:36:58.709,3068.4,12.530,0.330,4.090,82.5,673.2,2.5676,205.71,330.5,0.95,268.0,61.7,599
2026-08-23 17:36:59.800,3069.5,12.520,0.150,2.580,81.7,666.4,2.5684,205.76,329.5,0.95,265.7,61.7,771
2026-08-23 17:37:00.866,3070.6,12.530,0.340,4.310,82.5,673.2,2.5697,205.86,329.4,0.95,267.2,61.7,172
2026-08-23 17:37:01.872,3071.6,12.520,0.170,2.190,81.7,666.4,2.5703,205.90,326.8,0.95,263.1,61.7,832
2026-08-23 17:37:02.942,3072.7,12.530,0.260,4.010,82.5,673.2,2.5715,205.98,328.0,0.95,264.2,61.7,429
2026-08-23 17:37:04.008,3073.7,12.520,0.180,2.270,81.7,666.4,2.5722,206.03,330.1,0.95,267.2,61.7,551
2026-08-23 17:37:05.044,3074.8,12.530,0.210,2.590,82.5,673.2,2.5729,206.09,329.5,0.95,265.1,61.7,0
2026-08-23 17:37:06.092,3075.8,12.530,0.220,2.790,82.5,673.2,2.5737,206.16,328.5,0.95,265.3,61.7,0
2026-08-23 17:37:07.183,3076.9,12.530,0.280,3.190,82.5,673.2,2.5747,206.24,330.3,0.95,268.1,61.7,0
2026-08-23 17:37:08.237,3078.0,12.530,0.320,3.230,82.5,673.2,2.5756,206.34,330.3,0.96,268.6,61.7,0
2026-08-23 17:37:09.256,3079.0,12.530,0.280,3.470,82.5,673.2,2.5766,206.42,330.5,0.95,268.2,61.7,0
2026-08-23 17:37:10.320,3080.0,12.530,0.250,2.790,82.5,673.2,2.5775,206.49,328.6,0.95,264.5,61.7,0
2026-08-23 17:37:11.385,3081.1,12.520,0.130,1.670,81.7,666.4,2.5779,206.53,327.8,0.95,263.9,61.1,1042
2026-08-23 17:37:12.476,3082.2,12.530,0.190,1.650,82.5,673.2,2.5784,206.59,330.4,0.95,267.3,61.7,494
2026-08-23 17:37:13.483,3083.2,12.530,0.240,2.560,82.5,673.2,2.5792,206.65,330.2,0.95,267.5,61.7,86
2026-08-23 17:37:14.518,3084.2,12.530,0.310,3.930,82.5,673.2,2.5803,206.74,328.5,0.95,265.6,61.7,0
2026-08-23 17:37:15.558,3085.3,12.530,0.260,3.200,82.5,673.2,2.5812,206.82,329.3,0.95,266.4,61.1,429
2026-08-23 17:37:16.624,3086.3,12.520,0.220,2.780,81.7,666.4,2.5820,206.88,328.0,0.95,265.3,61.7,978
2026-08-23 17:37:17.660,3087.4,12.530,0.120,2.200,82.5,673.2,2.5827,206.92,329.8,0.95,266.6,61.7,269
2026-08-23 17:37:18.744,3088.5,12.520,0.160,2.000,81.7,666.4,2.5833,206.97,329.9,0.95,267.6,61.7,1004
2026-08-23 17:37:19.827,3089.5,12.530,0.270,3.380,82.5,673.2,2.5843,207.05,329.7,0.95,267.3,61.1,756
2026-08-23 17:37:20.849,3090.6,12.530,0.370,4.670,82.5,673.2,2.5856,207.15,330.4,0.95,267.7,61.7,198
2026-08-23 17:37:21.861,3091.6,12.530,0.260,3.760,82.5,673.2,2.5867,207.23,327.9,0.95,265.3,61.7,434
2026-08-23 17:37:22.896,3092.6,12.530,0.230,2.900,82.5,673.2,2.5875,207.29,328.1,0.95,264.4,61.7,1441
2026-08-23 17:37:23.902,3093.6,12.530,0.180,2.290,82.5,673.2,2.5881,207.34,328.2,0.95,265.2,61.1,593
2026-08-23 17:37:24.942,3094.7,12.520,0.200,2.220,81.7,666.4,2.5888,207.40,329.2,0.95,265.4,61.7,1466
2026-08-23 17:37:26.008,3095.7,12.530,0.240,3.660,82.5,673.2,2.5899,207.47,329.8,0.95,267.1,61.7,155
2026-08-23 17:37:27.043,3096.8,12.530,0.260,3.270,82.5,673.2,2.5908,207.55,330.1,0.95,267.1,61.1,0
2026-08-23 17:37:28.083,3097.8,12.530,0.210,2.670,82.5,673.2,2.5916,207.61,329.7,0.95,266.8,61.7,0
2026-08-23 17:37:29.119,3098.8,12.520,0.170,2.160,81.7,666.4,2.5922,207.65,329.2,0.95,265.5,61.7,0
2026-08-23 17:37:30.127,3099.8,12.530,0.290,3.600,82.5,673.2,2.5932,207.74,329.3,0.95,266.1,61.7,0
2026-08-23 17:37:31.155,3100.9,12.530,0.230,2.270,82.5,673.2,2.5939,207.80,329.6,0.95,267.5,61.7,0
2026-08-23 17:37:32.178,3101.9,12.530,0.370,4.680,82.5,673.2,2.5952,207.91,330.2,0.95,268.0,61.7,1680
2026-08-23 17:37:33.200,3102.9,12.530,0.190,3.070,82.5,673.2,2.5961,207.96,331.0,0.95,268.3,61.7,749
2026-08-23 17:37:34.243,3104.0,12.530,0.240,2.940,82.5,673.2,2.5969,208.03,329.3,0.95,265.3,61.7,624
2026-08-23 17:37:35.249,3105.0,12.530,0.160,1.650,82.5,673.2,2.5974,208.07,329.7,0.95,267.6,61.7,232
2026-08-23 17:37:36.284,3106.0,12.530,0.250,3.150,82.5,673.2,2.5983,208.15,327.3,0.95,264.7,61.7,577
2026-08-23 17:37:37.323,3107.0,12.530,0.310,3.520,82.5,673.2,2.5993,208.24,329.3,0.95,266.4,61.7,1656
2026-08-23 17:37:38.388,3108.1,12.530,0.260,3.770,82.5,673.2,2.6004,208.31,327.2,0.95,264.3,61.7,798
2026-08-23 17:37:39.480,3109.2,12.520,0.180,2.790,81.7,666.4,2.6013,208.37,328.6,0.95,265.5,61.7,1379
2026-08-23 17:37:40.546,3110.3,12.530,0.220,3.300,82.5,673.2,2.6022,208.43,330.1,0.95,267.8,61.1,222
2026-08-23 17:37:41.582,3111.3,12.520,0.160,2.010,81.7,666.4,2.6028,208.48,327.3,0.95,264.4,61.7,61
2026-08-23 17:37:42.627,3112.3,12.530,0.340,4.230,82.5,673.2,2.6040,208.58,330.2,0.95,267.1,61.7,272
2026-08-23 17:37:43.649,3113.4,12.530,0.270,3.420,82.5,673.2,2.6050,208.65,331.0,0.96,269.0,61.7,202
2026-08-23 17:37:44.769,3114.5,12.530,0.380,4.710,82.5,673.2,2.6065,208.77,329.3,0.95,267.1,61.7,335
2026-08-23 17:37:45.791,3115.5,12.530,0.280,3.480,82.5,673.2,2.6075,208.85,329.9,0.95,266.9,61.7,303
2026-08-23 17:37:46.796,3116.5,12.530,0.290,3.690,82.5,673.2,2.6085,208.93,328.1,0.95,264.4,61.7,434
2026-08-23 17:37:47.818,3117.5,12.530,0.200,2.500,82.5,673.2,2.6092,208.99,328.7,0.95,264.6,61.1,100
2026-08-23 17:37:48.821,3118.5,12.530,0.250,2.450,82.5,673.2,2.6099,209.06,329.8,0.95,266.4,61.7,0
2026-08-23 17:37:49.856,3119.6,12.530,0.240,2.380,82.5,673.2,2.6106,209.13,329.7,0.95,266.3,61.7,0
2026-08-23 17:37:50.864,3120.6,12.530,0.290,3.320,82.5,673.2,2.6115,209.21,328.9,0.95,265.8,61.7,0
2026-08-23 17:37:51.933,3121.6,12.530,0.250,3.090,82.5,673.2,2.6124,209.28,329.5,0.95,266.0,61.7,0
2026-08-23 17:37:52.999,3122.7,12.530,0.230,2.260,82.5,673.2,2.6131,209.35,327.6,0.95,263.7,61.7,0
2026-08-23 17:37:54.035,3123.7,12.530,0.180,2.300,82.5,673.2,2.6138,209.40,327.5,0.95,264.5,61.7,756
2026-08-23 17:37:55.138,3124.9,12.530,0.220,2.740,82.5,673.2,2.6146,209.47,330.7,0.95,267.5,61.7,236
2026-08-23 17:37:56.222,3125.9,12.530,0.200,2.230,82.5,673.2,2.6153,209.53,331.5,0.96,269.9,61.1,71
2026-08-23 17:37:57.342,3127.1,12.530,0.310,4.290,82.5,673.2,2.6166,209.63,331.3,0.96,270.1,61.1,0
2026-08-23 17:37:58.384,3128.1,12.530,0.160,2.610,82.5,673.2,2.6174,209.67,329.6,0.95,266.4,61.7,0
2026-08-23 17:37:59.390,3129.1,12.520,0.200,2.520,81.7,666.4,2.6181,209.73,329.5,0.95,266.8,61.7,16
2026-08-23 17:38:00.426,3130.1,12.520,0.150,1.760,81.7,666.4,2.6186,209.77,328.6,0.95,265.5,61.7,691
2026-08-23 17:38:01.464,3131.2,12.530,0.200,2.480,82.5,673.2,2.6193,209.83,330.4,0.95,267.5,61.1,597
2026-08-23 17:38:02.530,3132.2,12.530,0.240,2.360,82.5,673.2,2.6200,209.90,328.9,0.95,265.6,61.7,1056
2026-08-23 17:38:03.622,3133.3,12.530,0.360,4.000,82.5,673.2,2.6212,210.01,330.1,0.95,267.3,61.1,601
2026-08-23 17:38:04.687,3134.4,12.530,0.270,2.730,82.5,673.2,2.6220,210.09,329.1,0.95,266.6,61.1,604
2026-08-23 17:38:05.724,3135.4,12.530,0.290,2.890,82.5,673.2,2.6228,210.17,330.2,0.95,266.8,61.7,306
2026-08-23 17:38:06.799,3136.5,12.530,0.210,2.530,82.5,673.2,2.6236,210.24,330.1,0.95,266.7,61.7,72
2026-08-23 17:38:07.854,3137.6,12.530,0.280,4.010,82.5,673.2,2.6248,210.32,330.4,0.96,268.5,61.7,1379
2026-08-23 17:38:08.876,3138.6,12.530,0.190,2.390,82.5,673.2,2.6254,210.37,329.8,0.96,267.9,61.7,340
2026-08-23 17:38:09.943,3139.7,12.530,0.370,4.630,82.5,673.2,2.6268,210.48,329.7,0.95,267.1,61.7,0
2026-08-23 17:38:10.978,3140.7,12.530,0.240,2.770,82.5,673.2,2.6276,210.55,329.6,0.95,266.0,61.1,0
2026-08-23 17:38:11.985,3141.7,12.530,0.260,3.190,82.5,673.2,2.6285,210.62,329.9,0.95,266.6,61.7,0
2026-08-23 17:38:13.025,3142.7,12.530,0.210,2.690,82.5,673.2,2.6293,210.69,329.9,0.95,266.3,61.1,0
2026-08-23 17:38:14.061,3143.8,12.530,0.330,4.190,82.5,673.2,2.6305,210.78,328.7,0.95,265.1,61.1,0
2026-08-23 17:38:15.069,3144.8,12.520,0.190,3.090,81.7,666.4,2.6314,210.83,329.2,0.95,266.3,61.1,1566
2026-08-23 17:38:16.109,3145.8,12.530,0.360,4.490,82.5,673.2,2.6326,210.94,329.4,0.95,267.4,61.7,1326
2026-08-23 17:38:17.144,3146.9,12.530,0.230,2.890,82.5,673.2,2.6335,211.00,329.0,0.95,266.1,61.7,418
2026-08-23 17:38:18.152,3147.9,12.530,0.250,3.090,82.5,673.2,2.6343,211.07,330.6,0.95,267.8,61.1,252
2026-08-23 17:38:19.237,3149.0,12.530,0.190,2.360,82.5,673.2,2.6351,211.13,330.6,0.95,267.7,61.1,225
2026-08-23 17:38:20.321,3150.0,12.530,0.300,4.390,82.5,673.2,2.6364,211.22,332.0,0.96,270.7,61.1,0
2026-08-23 17:38:21.341,3151.1,12.530,0.270,2.690,82.5,673.2,2.6371,211.30,330.5,0.96,268.3,61.7,58
2026-08-23 17:38:22.389,3152.1,12.530,0.290,4.510,82.5,673.2,2.6385,211.38,329.7,0.95,266.1,61.1,1443
2026-08-23 17:38:23.454,3153.2,12.530,0.220,3.130,82.5,673.2,2.6394,211.45,328.8,0.95,265.7,61.1,574
2026-08-23 17:38:24.489,3154.2,12.530,0.320,3.970,82.5,673.2,2.6405,211.54,328.7,0.95,264.8,61.7,758
2026-08-23 17:38:25.580,3155.3,12.530,0.230,2.880,82.5,673.2,2.6414,211.61,327.9,0.95,265.3,61.7,423
2026-08-23 17:38:26.645,3156.4,12.520,0.130,2.180,81.7,666.4,2.6420,211.65,330.1,0.95,267.7,61.7,128
2026-08-23 17:38:27.712,3157.4,12.530,0.220,2.810,82.5,673.2,2.6429,211.71,329.6,0.96,267.6,61.7,0
2026-08-23 17:38:28.721,3158.4,12.530,0.330,4.140,82.5,673.2,2.6440,211.81,331.1,0.95,268.1,61.1,329
2026-08-23 17:38:29.787,3159.5,12.530,0.300,3.770,82.5,673.2,2.6451,211.89,329.2,0.95,266.4,61.1,421
2026-08-23 17:38:30.823,3160.5,12.530,0.260,2.790,82.5,673.2,2.6459,211.97,330.3,0.95,266.9,61.1,134
2026-08-23 17:38:31.911,3161.6,12.530,0.200,2.570,82.5,673.2,2.6467,212.03,330.4,0.96,268.7,61.1,0
2026-08-23 17:38:32.931,3162.6,12.520,0.190,1.850,81.7,666.4,2.6473,212.08,329.8,0.95,266.9,61.7,0
2026-08-23 17:38:34.015,3163.7,12.530,0.270,3.300,82.5,673.2,2.6482,212.16,329.5,0.95,266.8,61.7,0
2026-08-23 17:38:35.083,3164.8,12.530,0.260,2.820,82.5,673.2,2.6491,212.24,329.2,0.95,265.5,61.7,0
2026-08-23 17:38:36.118,3165.8,12.530,0.330,4.110,82.5,673.2,2.6503,212.34,327.1,0.95,263.3,61.7,0
2026-08-23 17:38:37.239,3167.0,12.530,0.190,3.190,82.5,673.2,2.6513,212.40,329.3,0.95,266.0,61.7,532
2026-08-23 17:38:38.245,3168.0,12.530,0.290,2.910,82.5,673.2,2.6521,212.48,329.5,0.95,266.0,61.1,741
2026-08-23 17:38:39.281,3169.0,12.520,0.190,2.410,81.7,666.4,2.6528,212.53,327.6,0.95,264.4,61.7,1656
2026-08-23 17:38:40.284,3170.0,12.530,0.220,2.700,82.5,673.2,2.6535,212.59,329.3,0.95,266.8,61.7,742
2026-08-23 17:38:41.291,3171.0,12.530,0.330,4.130,82.5,673.2,2.6547,212.68,330.0,0.95,266.4,61.7,85
2026-08-23 17:38:42.327,3172.0,12.530,0.300,3.230,82.5,673.2,2.6556,212.77,329.8,0.95,267.0,61.7,148
2026-08-23 17:38:43.370,3173.1,12.530,0.300,3.640,82.5,673.2,2.6567,212.86,329.2,0.95,266.0,61.1,1527
2026-08-23 17:38:44.454,3174.2,12.530,0.210,2.610,82.5,673.2,2.6574,212.92,330.1,0.95,268.0,61.1,325
2026-08-23 17:38:45.574,3175.3,12.530,0.240,2.950,82.5,673.2,2.6584,213.00,330.2,0.95,267.9,61.7,593
2026-08-23 17:38:46.625,3176.3,12.530,0.330,4.050,82.5,673.2,2.6595,213.09,330.4,0.95,267.4,61.1,219
2026-08-23 17:38:47.691,3177.4,12.530,0.240,3.000,82.5,673.2,2.6604,213.16,329.3,0.95,266.8,61.1,0
2026-08-23 17:38:48.726,3178.4,12.530,0.290,4.330,82.5,673.2,2.6617,213.25,330.3,0.95,267.5,61.1,340
2026-08-23 17:38:49.794,3179.5,12.530,0.180,2.910,82.5,673.2,2.6625,213.30,327.9,0.95,264.7,61.1,272
2026-08-23 17:38:50.859,3180.6,12.530,0.270,4.110,82.5,673.2,2.6638,213.38,329.2,0.95,265.3,61.1,607
2026-08-23 17:38:51.925,3181.6,12.520,0.120,1.500,81.7,666.4,2.6642,213.42,329.1,0.95,265.2,61.1,201
2026-08-23 17:38:53.017,3182.7,12.530,0.200,2.420,82.5,673.2,2.6649,213.48,328.3,0.95,264.3,61.1,74
2026-08-23 17:38:54.083,3183.8,12.530,0.160,2.410,82.5,673.2,2.6656,213.52,328.3,0.95,265.1,61.7,0
2026-08-23 17:38:55.119,3184.8,12.530,0.370,4.610,82.5,673.2,2.6670,213.63,328.1,0.95,264.0,61.7,0
2026-08-23 17:38:56.141,3185.9,12.530,0.250,2.420,82.5,673.2,2.6677,213.70,330.1,0.95,267.8,61.1,0
2026-08-23 17:38:57.149,3186.9,12.530,0.230,2.390,82.5,673.2,2.6683,213.77,328.7,0.95,264.9,61.1,0
2026-08-23 17:38:58.202,3187.9,12.530,0.240,3.040,82.5,673.2,2.6692,213.84,329.6,0.95,266.2,61.7,0
2026-08-23 17:38:59.296,3189.0,12.530,0.270,3.400,82.5,673.2,2.6702,213.92,327.8,0.95,263.7,61.1,0
2026-08-23 17:39:00.361,3190.1,12.530,0.210,2.120,82.5,673.2,2.6709,213.98,327.1,0.95,263.0,61.1,7
2026-08-23 17:39:01.427,3191.1,12.530,0.310,4.560,82.5,673.2,2.6722,214.07,327.1,0.95,263.4,61.1,66
2026-08-23 17:39:02.495,3192.2,12.530,0.290,3.480,82.5,673.2,2.6733,214.16,327.3,0.95,263.8,61.1,352
2026-08-23 17:39:03.561,3193.3,12.530,0.200,2.500,82.5,673.2,2.6740,214.22,327.9,0.94,263.2,61.1,3188
2026-08-23 17:39:04.652,3194.4,12.530,0.250,3.120,82.5,673.2,2.6749,214.29,329.3,0.95,265.8,61.1,1423
2026-08-23 17:39:05.659,3195.4,12.520,0.180,2.300,81.7,666.4,2.6756,214.34,328.0,0.95,265.1,61.1,393
2026-08-23 17:39:06.696,3196.4,12.520,0.170,2.780,81.7,666.4,2.6764,214.39,329.9,0.95,266.4,61.7,331
2026-08-23 17:39:07.738,3197.5,12.530,0.310,4.130,82.5,673.2,2.6776,214.48,329.6,0.95,266.4,61.1,419
2026-08-23 17:39:08.822,3198.5,12.530,0.300,3.790,82.5,673.2,2.6787,214.57,328.8,0.95,266.1,61.1,821
2026-08-23 17:39:09.942,3199.7,12.530,0.260,3.220,82.5,673.2,2.6797,214.65,330.3,0.95,266.9,61.1,1521
2026-08-23 17:39:10.994,3200.7,12.530,0.270,3.480,82.5,673.2,2.6807,214.73,328.4,0.95,264.5,61.1,1486
2026-08-23 17:39:12.059,3201.8,12.530,0.200,3.000,82.5,673.2,2.6816,214.79,328.3,0.95,265.9,61.7,890
2026-08-23 17:39:13.094,3202.8,12.520,0.180,2.200,81.7,666.4,2.6823,214.84,328.3,0.95,265.0,61.1,548
2026-08-23 17:39:14.162,3203.9,12.530,0.250,3.170,82.5,673.2,2.6832,214.92,328.4,0.95,264.9,61.1,157
2026-08-23 17:39:15.227,3204.9,12.540,0.380,4.790,83.3,680.0,2.6846,215.03,328.3,0.95,264.6,61.7,0
2026-08-23 17:39:16.293,3206.0,12.530,0.280,2.750,82.5,673.2,2.6854,215.11,328.4,0.95,264.5,61.1,0
2026-08-23 17:39:17.384,3207.1,12.530,0.260,3.240,82.5,673.2,2.6864,215.19,328.6,0.95,264.5,61.1,0
2026-08-23 17:39:18.390,3208.1,12.530,0.210,2.570,82.5,673.2,2.6871,215.25,328.2,0.95,264.4,61.1,0
2026-08-23 17:39:19.426,3209.1,12.530,0.280,3.470,82.5,673.2,2.6881,215.33,328.1,0.95,263.8,61.1,0
2026-08-23 17:39:20.447,3210.2,12.530,0.260,2.930,82.5,673.2,2.6890,215.40,328.3,0.95,265.2,61.1,216
2026-08-23 17:39:21.531,3211.2,12.530,0.310,4.540,82.5,673.2,2.6903,215.50,328.3,0.95,263.8,61.1,1483
2026-08-23 17:39:22.615,3212.3,12.530,0.270,3.390,82.5,673.2,2.6914,215.58,328.9,0.95,265.6,61.1,1803
2026-08-23 17:39:23.628,3213.3,12.530,0.240,3.070,82.5,673.2,2.6922,215.65,326.5,0.95,263.3,61.7,1372
2026-08-23 17:39:24.663,3214.4,12.530,0.190,2.460,82.5,673.2,2.6929,215.70,328.1,0.95,264.3,61.1,1028
2026-08-23 17:39:25.728,3215.4,12.530,0.330,4.120,82.5,673.2,2.6941,215.80,328.0,0.95,265.4,61.1,1551
2026-08-23 17:39:26.799,3216.5,12.530,0.160,2.490,82.5,673.2,2.6949,215.85,328.6,0.95,265.3,61.7,1521
2026-08-23 17:39:27.806,3217.5,12.530,0.330,4.320,82.5,673.2,2.6961,215.94,330.2,0.95,267.2,61.7,143
2026-08-23 17:39:28.842,3218.6,12.520,0.200,2.520,81.7,666.4,2.6968,216.00,328.6,0.95,265.8,61.1,0
2026-08-23 17:39:29.880,3219.6,12.530,0.200,3.070,82.5,673.2,2.6977,216.05,329.5,0.95,265.7,61.1,418
2026-08-23 17:39:30.946,3220.7,12.530,0.200,2.500,82.5,673.2,2.6984,216.11,329.5,0.95,265.6,61.7,515
2026-08-23 17:39:32.040,3221.8,12.530,0.310,3.930,82.5,673.2,2.6996,216.21,328.2,0.95,264.3,61.1,1462
2026-08-23 17:39:33.123,3222.8,12.530,0.200,2.470,82.5,673.2,2.7004,216.27,328.6,0.95,265.5,61.1,1015
2026-08-23 17:39:34.207,3223.9,12.530,0.250,3.080,82.5,673.2,2.7013,216.34,329.3,0.95,267.1,61.1,434
2026-08-23 17:39:35.258,3225.0,12.530,0.260,3.310,82.5,673.2,2.7023,216.42,329.5,0.95,266.5,61.7,515
2026-08-23 17:39:36.293,3226.0,12.530,0.270,2.600,82.5,673.2,2.7030,216.50,328.1,0.95,264.6,61.7,0
2026-08-23 17:39:37.299,3227.0,12.530,0.140,2.400,82.5,673.2,2.7037,216.54,328.1,0.95,264.7,61.7,0
2026-08-23 17:39:38.302,3228.0,12.530,0.320,3.700,82.5,673.2,2.7047,216.62,328.5,0.95,264.8,61.1,0
2026-08-23 17:39:39.367,3229.1,12.530,0.250,3.120,82.5,673.2,2.7056,216.70,328.7,0.95,265.7,61.1,0
2026-08-23 17:39:40.403,3230.1,12.530,0.350,4.770,82.5,673.2,2.7070,216.80,328.1,0.95,264.3,61.7,0
2026-08-23 17:39:41.472,3231.2,12.530,0.230,2.520,82.5,673.2,2.7078,216.87,329.3,0.95,266.1,61.1,0
2026-08-23 17:39:42.537,3232.3,12.530,0.330,4.080,82.5,673.2,2.7090,216.96,328.5,0.95,265.1,61.1,0
2026-08-23 17:39:43.603,3233.3,12.530,0.220,2.370,82.5,673.2,2.7097,217.03,328.2,0.95,264.4,61.7,0
2026-08-23 17:39:44.677,3234.4,12.530,0.160,1.840,82.5,673.2,2.7102,217.08,328.8,0.95,265.0,61.1,730
2026-08-23 17:39:45.760,3235.5,12.520,0.190,2.390,81.7,666.4,2.7109,217.13,329.6,0.95,265.1,61.1,632
2026-08-23 17:39:46.862,3236.6,12.530,0.220,2.730,82.5,673.2,2.7118,217.20,329.1,0.95,266.8,61.1,500
2026-08-23 17:39:47.871,3237.6,12.490,0.320,3.740,79.2,646.5,2.7128,217.29,327.6,0.95,265.6,61.7,443
2026-08-23 17:39:48.933,3238.6,12.530,0.240,2.990,82.5,673.2,2.7137,217.36,330.3,0.95,266.0,61.7,429
2026-08-23 17:39:50.000,3239.7,12.530,0.260,3.310,82.5,673.2,2.7147,217.44,331.3,0.96,269.0,62.2,909
2026-08-23 17:39:51.053,3240.8,12.520,0.190,2.490,81.7,666.4,2.7154,217.50,332.8,0.96,271.3,62.2,189
2026-08-23 17:39:52.091,3241.8,12.530,0.250,3.140,82.5,673.2,2.7163,217.57,331.3,0.96,269.3,61.7,273
2026-08-23 17:39:53.100,3242.8,12.530,0.250,2.640,82.5,673.2,2.7171,217.64,330.1,0.95,267.4,61.7,428
2026-08-23 17:39:54.158,3243.9,12.530,0.300,3.160,82.5,673.2,2.7180,217.73,330.6,0.95,267.4,61.7,330
2026-08-23 17:39:55.206,3244.9,12.530,0.260,3.060,82.5,673.2,2.7189,217.80,331.2,0.96,269.1,62.2,211
2026-08-23 17:39:56.218,3245.9,12.530,0.200,2.660,82.5,673.2,2.7196,217.86,330.7,0.95,268.2,62.8,357
2026-08-23 17:39:57.283,3247.0,12.530,0.320,4.050,82.5,673.2,2.7208,217.95,331.9,0.96,270.3,62.2,229
2026-08-23 17:39:58.308,3248.0,12.530,0.250,2.430,82.5,673.2,2.7215,218.02,331.8,0.96,269.9,61.7,0
2026-08-23 17:39:59.331,3249.0,12.530,0.370,4.680,82.5,673.2,2.7229,218.13,331.7,0.96,270.1,61.7,0
2026-08-23 17:40:00.401,3250.1,12.530,0.250,2.570,82.5,673.2,2.7236,218.20,330.4,0.95,267.5,62.2,0
2026-08-23 17:40:01.437,3251.2,12.530,0.170,2.190,82.5,673.2,2.7242,218.25,330.5,0.95,267.4,61.7,0
2026-08-23 17:40:02.560,3252.3,12.530,0.190,2.470,82.5,673.2,2.7250,218.31,329.7,0.95,266.9,61.7,0
2026-08-23 17:40:03.599,3253.3,12.530,0.170,2.750,82.5,673.2,2.7258,218.36,330.4,0.95,268.1,61.7,375
2026-08-23 17:40:04.636,3254.3,12.530,0.210,2.600,82.5,673.2,2.7266,218.42,329.4,0.95,267.1,62.2,397
2026-08-23 17:40:05.678,3255.4,12.530,0.370,3.840,82.5,673.2,2.7277,218.53,327.7,0.95,265.3,62.2,463
2026-08-23 17:40:06.716,3256.4,12.530,0.250,3.660,82.5,673.2,2.7287,218.60,329.7,0.95,266.7,61.7,1579
2026-08-23 17:40:07.784,3257.5,12.530,0.320,3.800,82.5,673.2,2.7299,218.69,329.8,0.95,267.2,62.2,209
2026-08-23 17:40:08.860,3258.6,12.530,0.230,2.930,82.5,673.2,2.7307,218.76,330.1,0.96,268.0,61.7,304
2026-08-23 17:40:09.886,3259.6,12.530,0.200,2.470,82.5,673.2,2.7314,218.82,330.8,0.96,269.1,61.7,395
2026-08-23 17:40:10.908,3260.6,12.530,0.220,2.740,82.5,673.2,2.7322,218.88,333.0,0.96,271.6,61.7,625
2026-08-23 17:40:11.931,3261.6,12.530,0.380,4.770,82.5,673.2,2.7336,218.99,333.3,0.96,271.3,62.8,166
2026-08-23 17:40:12.940,3262.7,12.530,0.200,3.300,82.5,673.2,2.7345,219.05,330.9,0.96,268.8,62.2,0
2026-08-23 17:40:13.976,3263.7,12.530,0.250,2.840,82.5,673.2,2.7353,219.12,331.2,0.95,268.8,62.2,124
2026-08-23 17:40:15.018,3264.7,12.520,0.190,2.620,81.7,666.4,2.7361,219.17,329.4,0.95,266.6,61.7,335
2026-08-23 17:40:16.019,3265.7,12.530,0.170,1.960,82.5,673.2,2.7366,219.22,329.0,0.95,265.0,61.7,198
2026-08-23 17:40:17.042,3266.8,12.530,0.180,3.080,82.5,673.2,2.7375,219.27,328.5,0.95,265.7,62.2,492
2026-08-23 17:40:18.113,3267.8,12.530,0.340,4.230,82.5,673.2,2.7387,219.37,329.8,0.95,266.2,62.2,1569
2026-08-23 17:40:19.180,3268.9,12.530,0.220,2.740,82.5,673.2,2.7396,219.44,330.5,0.95,267.5,62.2,97
2026-08-23 17:40:20.181,3269.9,12.530,0.250,2.460,82.5,673.2,2.7402,219.51,330.1,0.95,266.7,62.2,0
2026-08-23 17:40:21.232,3270.9,12.530,0.160,2.060,82.5,673.2,2.7408,219.55,331.6,0.96,269.8,61.7,0
2026-08-23 17:40:22.258,3272.0,12.530,0.250,2.990,82.5,673.2,2.7417,219.63,330.4,0.96,268.4,62.2,0
2026-08-23 17:40:23.276,3273.0,12.530,0.300,3.760,82.5,673.2,2.7428,219.71,331.2,0.96,269.2,62.2,0
2026-08-23 17:40:24.344,3274.1,12.530,0.220,2.820,82.5,673.2,2.7436,219.78,330.2,0.96,268.5,61.7,0
2026-08-23 17:40:25.380,3275.1,12.530,0.190,3.160,82.5,673.2,2.7445,219.83,328.4,0.95,266.1,62.2,444
2026-08-23 17:40:26.446,3276.2,12.530,0.230,3.150,82.5,673.2,2.7454,219.90,330.9,0.96,269.4,61.7,601
2026-08-23 17:40:27.504,3277.2,12.530,0.160,2.010,82.5,673.2,2.7460,219.95,331.1,0.96,269.0,62.2,151
2026-08-23 17:40:28.542,3278.3,12.530,0.200,2.450,82.5,673.2,2.7467,220.00,330.1,0.95,267.4,61.7,75
2026-08-23 17:40:29.609,3279.3,12.530,0.200,3.160,82.5,673.2,2.7477,220.06,331.9,0.96,270.1,61.7,0
2026-08-23 17:40:30.620,3280.3,12.530,0.240,3.060,82.5,673.2,2.7485,220.13,329.6,0.95,267.1,62.2,111
2026-08-23 17:40:31.689,3281.4,12.530,0.280,3.560,82.5,673.2,2.7496,220.21,330.6,0.96,268.7,62.2,426
2026-08-23 17:40:32.727,3282.4,12.530,0.130,1.690,82.5,673.2,2.7501,220.25,329.6,0.96,268.4,62.2,1112
2026-08-23 17:40:33.755,3283.5,12.530,0.350,4.070,82.5,673.2,2.7512,220.35,330.8,0.96,269.5,62.2,240
2026-08-23 17:40:34.811,3284.5,12.530,0.160,1.960,82.5,673.2,2.7518,220.40,332.9,0.96,271.8,61.7,125
2026-08-23 17:40:35.896,3285.6,12.540,0.320,4.560,83.3,680.0,2.7532,220.49,332.4,0.96,271.4,62.2,0
2026-08-23 17:40:36.967,3286.7,12.530,0.280,3.850,82.5,673.2,2.7543,220.58,330.9,0.96,268.8,62.2,435
2026-08-23 17:40:38.003,3287.7,12.530,0.240,3.740,82.5,673.2,2.7554,220.65,330.6,0.96,268.5,62.2,737
2026-08-23 17:40:39.141,3288.9,12.530,0.260,2.530,82.5,673.2,2.7562,220.73,328.6,0.95,265.6,62.2,432
2026-08-23 17:40:40.149,3289.9,12.520,0.130,2.010,81.7,666.4,2.7568,220.77,329.8,0.95,266.9,62.2,283
2026-08-23 17:40:41.188,3290.9,12.530,0.240,3.570,82.5,673.2,2.7578,220.83,329.9,0.95,267.3,62.2,0
2026-08-23 17:40:42.260,3292.0,12.530,0.250,2.680,82.5,673.2,2.7586,220.91,330.3,0.95,267.5,61.7,0
2026-08-23 17:40:43.327,3293.0,12.530,0.360,4.510,82.5,673.2,2.7599,221.02,330.8,0.95,268.4,62.2,0
2026-08-23 17:40:44.364,3294.1,12.530,0.270,2.630,82.5,673.2,2.7607,221.09,330.3,0.95,267.6,62.2,0
2026-08-23 17:40:45.444,3295.2,12.530,0.260,3.220,82.5,673.2,2.7617,221.17,332.2,0.96,271.2,62.2,0
2026-08-23 17:40:46.469,3296.2,12.530,0.180,2.250,82.5,673.2,2.7623,221.22,330.0,0.96,268.6,62.2,902
2026-08-23 17:40:47.495,3297.2,12.530,0.180,2.330,82.5,673.2,2.7630,221.27,332.2,0.96,271.5,62.2,763
2026-08-23 17:40:48.545,3298.3,12.530,0.180,2.220,82.5,673.2,2.7636,221.33,331.1,0.96,269.4,62.2,231
2026-08-23 17:40:49.582,3299.3,12.530,0.270,2.730,82.5,673.2,2.7644,221.40,328.9,0.95,266.2,62.2,930
2026-08-23 17:40:50.648,3300.4,12.530,0.260,2.680,82.5,673.2,2.7652,221.48,328.4,0.95,266.0,61.7,426
2026-08-23 17:40:51.719,3301.4,12.530,0.250,2.620,82.5,673.2,2.7660,221.56,328.3,0.95,265.9,62.2,872
2026-08-23 17:40:52.787,3302.5,12.490,0.160,2.010,79.2,646.5,2.7666,221.60,330.6,0.95,268.0,62.2,387
2026-08-23 17:40:53.825,3303.5,12.530,0.280,3.480,82.5,673.2,2.7676,221.68,329.5,0.95,267.0,62.2,185
2026-08-23 17:40:54.917,3304.6,12.530,0.230,2.900,82.5,673.2,2.7684,221.75,331.9,0.95,269.4,62.2,3086
2026-08-23 17:40:55.926,3305.6,12.530,0.310,3.880,82.5,673.2,2.7695,221.84,331.0,0.95,268.5,62.2,0
2026-08-23 17:40:56.965,3306.7,12.530,0.210,2.760,82.5,673.2,2.7703,221.90,331.0,0.96,269.2,62.2,0
2026-08-23 17:40:58.018,3307.7,12.530,0.200,2.500,82.5,673.2,2.7711,221.96,332.1,0.96,270.7,62.2,327
2026-08-23 17:40:59.058,3308.8,12.520,0.130,2.450,81.7,666.4,2.7718,222.00,331.6,0.96,269.5,62.2,68
2026-08-23 17:41:00.083,3309.8,12.530,0.180,2.280,82.5,673.2,2.7724,222.05,330.8,0.96,269.7,62.2,288
2026-08-23 17:41:01.086,3310.8,12.530,0.280,3.510,82.5,673.2,2.7734,222.13,330.9,0.96,270.0,61.7,438
2026-08-23 17:41:02.122,3311.8,12.530,0.250,3.150,82.5,673.2,2.7743,222.20,330.6,0.95,268.2,62.2,108
2026-08-23 17:41:03.189,3312.9,12.530,0.240,3.280,82.5,673.2,2.7753,222.27,330.5,0.96,268.4,62.2,0
2026-08-23 17:41:04.200,3313.9,12.530,0.210,2.650,82.5,673.2,2.7760,222.33,330.4,0.95,268.1,62.2,0
2026-08-23 17:41:05.282,3315.0,12.520,0.160,1.710,81.7,666.4,2.7765,222.38,330.1,0.95,267.6,62.2,0
2026-08-23 17:41:06.320,3316.0,12.530,0.210,3.520,82.5,673.2,2.7776,222.44,330.5,0.96,268.4,61.7,0
2026-08-23 17:41:07.361,3317.1,12.530,0.260,3.210,82.5,673.2,2.7785,222.51,330.4,0.95,267.8,62.2,0
2026-08-23 17:41:08.398,3318.1,12.530,0.260,3.770,82.5,673.2,2.7796,222.59,330.0,0.95,267.8,62.2,980
2026-08-23 17:41:09.437,3319.2,12.530,0.280,3.510,82.5,673.2,2.7806,222.67,328.7,0.95,264.8,61.7,1485
2026-08-23 17:41:10.526,3320.2,12.530,0.280,2.890,82.5,673.2,2.7815,222.75,328.0,0.96,266.7,62.2,1398
2026-08-23 17:41:11.530,3321.2,12.520,0.180,2.210,81.7,666.4,2.7821,222.80,330.1,0.96,268.8,62.2,1260
2026-08-23 17:41:12.553,3322.3,12.530,0.160,1.960,82.5,673.2,2.7826,222.85,330.8,0.96,269.6,62.2,729
2026-08-23 17:41:13.638,3323.4,12.530,0.210,3.160,82.5,673.2,2.7836,222.91,330.0,0.96,268.0,61.7,771
2026-08-23 17:41:14.705,3324.4,12.530,0.310,3.130,82.5,673.2,2.7845,223.00,330.9,0.96,268.9,62.2,377
2026-08-23 17:41:15.798,3325.5,12.530,0.250,2.480,82.5,673.2,2.7853,223.08,329.6,0.96,267.7,62.8,332
2026-08-23 17:41:16.836,3326.5,12.530,0.220,2.770,82.5,673.2,2.7861,223.14,329.4,0.95,266.9,62.8,428
2026-08-23 17:41:17.902,3327.6,12.530,0.180,2.300,82.5,673.2,2.7867,223.20,330.5,0.96,269.1,62.2,1224
2026-08-23 17:41:18.973,3328.7,12.530,0.300,3.780,82.5,673.2,2.7879,223.29,331.6,0.95,269.1,62.2,425
2026-08-23 17:41:20.041,3329.8,12.530,0.180,2.390,82.5,673.2,2.7886,223.34,332.2,0.96,271.0,62.2,96
2026-08-23 17:41:21.079,3330.8,12.530,0.340,4.660,82.5,673.2,2.7899,223.44,332.1,0.96,270.4,62.2,0
2026-08-23 17:41:22.160,3331.9,12.530,0.250,3.960,82.5,673.2,2.7911,223.51,333.9,0.97,274.4,62.2,0
2026-08-23 17:41:23.183,3332.9,12.530,0.310,3.940,82.5,673.2,2.7922,223.60,331.8,0.96,270.0,62.2,329
2026-08-23 17:41:24.208,3333.9,12.530,0.210,2.230,82.5,673.2,2.7929,223.66,331.4,0.96,269.4,62.2,0
2026-08-23 17:41:25.257,3335.0,12.530,0.190,1.990,82.5,673.2,2.7934,223.72,331.4,0.96,269.5,62.2,0
2026-08-23 17:41:26.294,3336.0,12.530,0.190,2.640,82.5,673.2,2.7942,223.77,330.3,0.95,267.7,62.2,0
2026-08-23 17:41:27.303,3337.0,12.530,0.350,4.190,82.5,673.2,2.7954,223.87,329.9,0.95,267.4,62.2,0
2026-08-23 17:41:28.374,3338.1,12.530,0.230,2.830,82.5,673.2,2.7962,223.94,329.6,0.95,266.7,62.8,0
2026-08-23 17:41:29.441,3339.2,12.530,0.290,3.300,82.5,673.2,2.7972,224.02,330.3,0.95,267.6,62.2,9
2026-08-23 17:41:30.478,3340.2,12.530,0.210,2.670,82.5,673.2,2.7980,224.08,328.9,0.95,266.8,62.2,1506
2026-08-23 17:41:31.571,3341.3,12.530,0.200,2.520,82.5,673.2,2.7987,224.14,328.3,0.95,265.7,62.2,1486
2026-08-23 17:41:32.580,3342.3,12.530,0.220,2.140,82.5,673.2,2.7993,224.21,331.0,0.95,268.5,62.2,7520
2026-08-23 17:41:33.619,3343.3,12.530,0.370,4.600,82.5,673.2,2.8007,224.31,330.6,0.96,268.5,62.2,335
2026-08-23 17:41:34.702,3344.4,12.530,0.290,3.670,82.5,673.2,2.8018,224.40,332.6,0.96,271.1,62.2,66
2026-08-23 17:41:35.802,3345.5,12.530,0.270,2.950,82.5,673.2,2.8027,224.48,331.4,0.96,270.0,62.2,33
2026-08-23 17:41:36.895,3346.6,12.530,0.210,3.060,82.5,673.2,2.8036,224.55,331.5,0.96,271.0,62.2,1026
2026-08-23 17:41:37.938,3347.7,12.520,0.180,2.660,81.7,666.4,2.8044,224.60,329.8,0.95,267.7,62.2,1559
2026-08-23 17:41:38.976,3348.7,12.520,0.190,2.480,81.7,666.4,2.8051,224.65,328.6,0.95,266.1,62.2,1131
2026-08-23 17:41:39.976,3349.7,12.530,0.290,3.650,82.5,673.2,2.8061,224.73,330.3,0.95,267.1,62.2,167
2026-08-23 17:41:41.017,3350.7,12.530,0.290,3.610,82.5,673.2,2.8071,224.82,331.2,0.96,269.3,62.2,98
2026-08-23 17:41:42.055,3351.8,12.530,0.210,2.680,82.5,673.2,2.8079,224.88,331.8,0.96,270.2,62.2,0
2026-08-23 17:41:43.092,3352.8,12.530,0.230,2.840,82.5,673.2,2.8087,224.94,330.5,0.95,267.8,62.2,186
2026-08-23 17:41:44.133,3353.8,12.530,0.160,1.950,82.5,673.2,2.8093,224.99,329.7,0.95,266.6,62.2,200
2026-08-23 17:41:45.170,3354.9,12.530,0.190,2.090,82.5,673.2,2.8099,225.04,330.5,0.95,267.4,62.2,115
2026-08-23 17:41:46.266,3356.0,12.530,0.240,3.330,82.5,673.2,2.8109,225.12,330.6,0.96,268.4,62.2,0
2026-08-23 17:41:47.351,3357.1,12.530,0.290,3.590,82.5,673.2,2.8120,225.21,331.0,0.95,268.3,62.2,0
2026-08-23 17:41:48.446,3358.2,12.530,0.300,3.710,82.5,673.2,2.8131,225.30,330.5,0.95,267.4,62.2,0
2026-08-23 17:41:49.469,3359.2,12.530,0.280,3.180,82.5,673.2,2.8140,225.38,331.3,0.96,269.9,62.8,0
2026-08-23 17:41:50.506,3360.2,12.530,0.210,1.940,82.5,673.2,2.8146,225.44,329.3,0.95,265.9,62.2,0
2026-08-23 17:41:51.560,3361.3,12.530,0.310,3.930,82.5,673.2,2.8157,225.53,330.5,0.95,267.7,62.2,1533
2026-08-23 17:41:52.630,3362.3,12.530,0.260,3.220,82.5,673.2,2.8167,225.60,330.0,0.96,267.9,62.2,168
2026-08-23 17:41:53.667,3363.4,12.530,0.340,4.680,82.5,673.2,2.8180,225.70,329.4,0.96,267.8,62.2,1490
2026-08-23 17:41:54.669,3364.4,12.530,0.250,2.830,82.5,673.2,2.8188,225.77,330.9,0.95,267.5,62.2,355
2026-08-23 17:41:55.673,3365.4,12.530,0.190,2.370,82.5,673.2,2.8195,225.83,330.0,0.95,267.1,62.2,683
2026-08-23 17:41:56.711,3366.4,12.530,0.130,1.670,82.5,673.2,2.8200,225.86,330.4,0.95,267.6,62.2,800
2026-08-23 17:41:57.749,3367.5,12.470,0.190,2.310,77.7,634.0,2.8206,225.92,332.2,0.96,270.1,62.2,901
2026-08-23 17:41:58.799,3368.5,12.470,0.210,2.630,77.7,634.0,2.8214,225.98,330.1,0.95,267.1,62.2,1479
2026-08-23 17:41:59.891,3369.6,12.540,0.370,4.700,83.3,680.0,2.8228,226.09,332.6,0.96,271.0,62.2,590
2026-08-23 17:42:00.917,3370.6,12.530,0.220,2.750,82.5,673.2,2.8236,226.15,331.4,0.96,271.1,62.2,98
2026-08-23 17:42:02.005,3371.7,12.530,0.290,3.520,82.5,673.2,2.8247,226.24,330.0,0.96,268.5,62.2,261
2026-08-23 17:42:03.072,3372.8,12.530,0.220,2.580,82.5,673.2,2.8254,226.31,331.0,0.95,268.5,62.2,432
2026-08-23 17:42:04.095,3373.8,12.530,0.330,3.570,82.5,673.2,2.8264,226.40,329.9,0.96,267.8,62.2,587
2026-08-23 17:42:05.189,3374.9,12.520,0.230,2.650,81.7,666.4,2.8273,226.47,329.9,0.96,267.8,62.2,729
2026-08-23 17:42:06.226,3375.9,12.530,0.350,4.730,82.5,673.2,2.8286,226.57,330.9,0.95,268.5,62.2,1512
2026-08-23 17:42:07.263,3377.0,12.530,0.170,2.150,82.5,673.2,2.8292,226.62,330.5,0.95,267.5,62.2,67
2026-08-23 17:42:08.304,3378.0,12.530,0.260,3.840,82.5,673.2,2.8303,226.69,331.4,0.96,270.0,61.7,0
2026-08-23 17:42:09.306,3379.0,12.530,0.200,2.480,82.5,673.2,2.8310,226.75,332.0,0.96,270.1,62.2,0
2026-08-23 17:42:10.374,3380.1,12.530,0.260,3.510,82.5,673.2,2.8321,226.83,331.3,0.96,269.2,62.2,0
2026-08-23 17:42:11.430,3381.1,12.530,0.180,3.160,82.5,673.2,2.8330,226.88,331.7,0.96,269.8,62.2,0
2026-08-23 17:42:12.515,3382.2,12.530,0.370,3.810,82.5,673.2,2.8342,226.99,331.5,0.96,270.7,62.8,0
2026-08-23 17:42:13.608,3383.3,12.530,0.180,3.080,82.5,673.2,2.8351,227.05,329.5,0.96,269.1,62.2,336
2026-08-23 17:42:14.621,3384.3,12.530,0.230,2.860,82.5,673.2,2.8359,227.11,328.8,0.95,266.7,62.2,1191
2026-08-23 17:42:15.659,3385.4,12.530,0.240,2.970,82.5,673.2,2.8367,227.18,329.6,0.95,267.2,62.2,994
2026-08-23 17:42:16.667,3386.4,12.530,0.240,3.030,82.5,673.2,2.8376,227.25,329.7,0.95,267.1,62.2,764
2026-08-23 17:42:17.709,3387.4,12.530,0.180,2.900,82.5,673.2,2.8384,227.30,330.9,0.96,269.6,62.8,1471
2026-08-23 17:42:18.747,3388.5,12.530,0.290,3.600,82.5,673.2,2.8395,227.38,331.6,0.96,269.5,62.2,85
2026-08-23 17:42:19.785,3389.5,12.530,0.200,3.000,82.5,673.2,2.8403,227.44,329.6,0.96,267.6,62.8,167
2026-08-23 17:42:20.825,3390.5,12.530,0.290,3.710,82.5,673.2,2.8414,227.52,329.7,0.96,267.8,62.2,411
2026-08-23 17:42:21.826,3391.5,12.530,0.230,2.110,82.5,673.2,2.8420,227.59,331.5,0.95,268.9,62.2,796
2026-08-23 17:42:22.835,3392.5,12.530,0.220,2.350,82.5,673.2,2.8427,227.65,331.6,0.96,270.2,62.2,228
2026-08-23 17:42:23.894,3393.6,12.530,0.310,4.310,82.5,673.2,2.8439,227.74,332.6,0.96,271.6,62.2,165
2026-08-23 17:42:24.920,3394.6,12.530,0.230,3.210,82.5,673.2,2.8448,227.81,333.0,0.96,272.2,62.2,92
2026-08-23 17:42:26.002,3395.7,12.530,0.240,3.570,82.5,673.2,2.8459,227.88,332.5,0.96,271.7,62.2,311
2026-08-23 17:42:27.069,3396.8,12.530,0.210,2.660,82.5,673.2,2.8467,227.94,331.3,0.96,269.8,62.2,88
2026-08-23 17:42:28.105,3397.8,12.530,0.270,3.390,82.5,673.2,2.8477,228.02,330.4,0.95,267.6,62.2,1111
2026-08-23 17:42:29.108,3398.8,12.530,0.220,2.710,82.5,673.2,2.8484,228.08,330.8,0.96,268.6,62.2,0
2026-08-23 17:42:30.115,3399.8,12.530,0.280,3.560,82.5,673.2,2.8494,228.16,330.5,0.95,268.1,61.7,0
2026-08-23 17:42:31.155,3400.9,12.530,0.240,3.060,82.5,673.2,2.8503,228.23,330.2,0.95,267.9,62.2,0
2026-08-23 17:42:32.225,3401.9,12.530,0.200,2.810,82.5,673.2,2.8511,228.29,330.1,0.95,266.3,62.2,0
2026-08-23 17:42:33.294,3403.0,12.520,0.120,2.120,81.7,666.4,2.8518,228.32,330.5,0.95,268.2,62.2,0
2026-08-23 17:42:34.331,3404.0,12.530,0.190,2.350,82.5,673.2,2.8525,228.38,331.5,0.95,268.1,62.2,0
2026-08-23 17:42:35.381,3405.1,12.530,0.310,3.850,82.5,673.2,2.8536,228.47,329.8,0.96,268.4,62.2,233
2026-08-23 17:42:36.437,3406.2,12.530,0.300,2.950,82.5,673.2,2.8544,228.56,332.5,0.96,271.5,62.2,978
2026-08-23 17:42:37.529,3407.2,12.530,0.230,3.180,82.5,673.2,2.8554,228.63,331.7,0.96,269.9,62.2,326
2026-08-23 17:42:38.582,3408.3,12.530,0.240,2.870,82.5,673.2,2.8562,228.70,332.8,0.96,272.3,62.2,424
2026-08-23 17:42:39.649,3409.4,12.530,0.170,1.760,82.5,673.2,2.8568,228.75,329.7,0.95,267.2,62.8,143
2026-08-23 17:42:40.685,3410.4,12.530,0.300,3.130,82.5,673.2,2.8577,228.83,329.2,0.96,267.3,62.2,295
2026-08-23 17:42:41.690,3411.4,12.530,0.290,3.670,82.5,673.2,2.8587,228.91,331.8,0.96,269.9,62.2,1027
2026-08-23 17:42:42.726,3412.4,12.530,0.290,3.930,82.5,673.2,2.8598,229.00,330.0,0.95,267.8,62.2,331
2026-08-23 17:42:43.793,3413.5,12.530,0.280,2.770,82.5,673.2,2.8606,229.08,331.1,0.96,269.1,62.2,1621
2026-08-23 17:42:44.886,3414.6,12.530,0.230,2.970,82.5,673.2,2.8615,229.15,331.7,0.95,269.2,62.2,1462
2026-08-23 17:42:45.895,3415.6,12.530,0.130,1.690,82.5,673.2,2.8620,229.19,331.1,0.95,268.4,62.2,188
2026-08-23 17:42:46.934,3416.6,12.530,0.250,2.630,82.5,673.2,2.8628,229.26,331.7,0.96,269.9,62.2,54
2026-08-23 17:42:48.053,3417.8,12.530,0.240,3.250,82.5,673.2,2.8638,229.33,331.0,0.95,268.4,63.3,251
2026-08-23 17:42:49.175,3418.9,12.530,0.360,4.470,82.5,673.2,2.8652,229.45,330.3,0.96,268.4,62.2,578
2026-08-23 17:42:50.297,3420.0,12.530,0.260,3.230,82.5,673.2,2.8662,229.53,331.5,0.96,269.9,61.7,100
2026-08-23 17:42:51.336,3421.0,12.530,0.180,2.240,82.5,673.2,2.8668,229.58,330.6,0.95,267.7,62.2,0
2026-08-23 17:42:52.403,3422.1,12.530,0.240,2.990,82.5,673.2,2.8677,229.65,330.1,0.95,267.6,62.2,0
2026-08-23 17:42:53.496,3423.2,12.530,0.210,1.960,82.5,673.2,2.8683,229.71,330.1,0.95,267.6,62.2,0
2026-08-23 17:42:54.519,3424.2,12.530,0.200,2.860,82.5,673.2,2.8691,229.77,330.5,0.95,268.0,62.2,0
2026-08-23 17:42:55.542,3425.3,12.530,0.290,3.560,82.5,673.2,2.8701,229.85,329.6,0.95,267.1,62.2,0
2026-08-23 17:42:56.582,3426.3,12.530,0.310,3.950,82.5,673.2,2.8713,229.94,330.0,0.95,266.3,62.2,112
2026-08-23 17:42:57.617,3427.3,12.530,0.310,3.560,82.5,673.2,2.8723,230.03,331.3,0.95,268.9,62.2,724
2026-08-23 17:42:58.698,3428.4,12.530,0.240,2.340,82.5,673.2,2.8730,230.10,331.1,0.96,269.7,62.2,1475
2026-08-23 17:42:59.773,3429.5,12.530,0.180,2.310,82.5,673.2,2.8737,230.16,332.3,0.96,270.8,62.2,192
2026-08-23 17:43:00.798,3430.5,12.530,0.180,2.300,82.5,673.2,2.8744,230.21,332.6,0.96,272.1,62.2,0
2026-08-23 17:43:01.887,3431.6,12.530,0.220,2.760,82.5,673.2,2.8752,230.28,330.9,0.96,269.9,62.2,0
2026-08-23 17:43:02.909,3432.6,12.530,0.310,3.940,82.5,673.2,2.8763,230.36,333.3,0.96,271.6,62.2,332
2026-08-23 17:43:03.916,3433.6,12.530,0.270,3.330,82.5,673.2,2.8772,230.44,331.6,0.95,269.0,62.2,215
2026-08-23 17:43:04.951,3434.7,12.530,0.190,2.660,82.5,673.2,2.8780,230.49,331.6,0.95,269.0,62.2,965
2026-08-23 17:43:05.992,3435.7,12.530,0.210,2.040,82.5,673.2,2.8786,230.55,330.9,0.95,268.2,62.2,592
2026-08-23 17:43:07.013,3436.7,12.530,0.160,2.520,82.5,673.2,2.8793,230.60,329.8,0.96,267.9,62.8,327
2026-08-23 17:43:08.021,3437.7,12.530,0.370,4.080,82.5,673.2,2.8804,230.70,330.6,0.95,268.3,62.2,178
2026-08-23 17:43:09.090,3438.8,12.530,0.270,3.420,82.5,673.2,2.8815,230.78,330.2,0.95,267.5,62.2,1309
2026-08-23 17:43:10.158,3439.9,12.530,0.250,2.490,82.5,673.2,2.8822,230.86,329.7,0.95,267.4,62.2,525
2026-08-23 17:43:11.191,3440.9,12.530,0.150,1.890,82.5,673.2,2.8827,230.90,330.2,0.95,267.1,61.7,273
2026-08-23 17:43:12.294,3442.0,12.530,0.300,3.990,82.5,673.2,2.8840,230.99,330.0,0.95,267.1,62.2,0
2026-08-23 17:43:13.415,3443.1,12.530,0.210,2.620,82.5,673.2,2.8848,231.06,329.7,0.95,266.6,62.2,0
2026-08-23 17:43:14.498,3444.2,12.530,0.260,3.300,82.5,673.2,2.8858,231.14,330.8,0.96,269.3,62.2,0
2026-08-23 17:43:15.541,3445.3,12.530,0.310,3.780,82.5,673.2,2.8869,231.23,330.3,0.95,267.1,62.2,0
2026-08-23 17:43:16.548,3446.3,12.530,0.250,3.860,82.5,673.2,2.8880,231.30,330.4,0.95,268.0,62.2,0
2026-08-23 17:43:17.583,3447.3,12.530,0.210,2.620,82.5,673.2,2.8887,231.36,330.8,0.95,267.9,62.2,0
2026-08-23 17:43:18.622,3448.3,12.520,0.200,1.820,81.7,666.4,2.8892,231.41,328.1,0.95,265.4,62.2,8
2026-08-23 17:43:19.688,3449.4,12.530,0.250,3.160,82.5,673.2,2.8902,231.49,329.8,0.95,267.0,62.2,775
2026-08-23 17:43:20.780,3450.5,12.530,0.190,2.350,82.5,673.2,2.8909,231.55,329.8,0.95,266.2,62.2,589
2026-08-23 17:43:21.787,3451.5,12.530,0.280,2.830,82.5,673.2,2.8917,231.62,332.0,0.96,269.7,62.2,348
2026-08-23 17:43:22.823,3452.5,12.530,0.260,3.290,82.5,673.2,2.8926,231.70,332.1,0.96,270.6,62.2,0
2026-08-23 17:43:23.866,3453.6,12.530,0.230,2.850,82.5,673.2,2.8934,231.77,331.6,0.96,269.2,62.2,0
2026-08-23 17:43:24.986,3454.7,12.530,0.150,2.530,82.5,673.2,2.8942,231.81,332.3,0.96,270.6,62.2,0
2026-08-23 17:43:26.040,3455.8,12.530,0.240,3.590,82.5,673.2,2.8953,231.88,332.9,0.96,272.0,61.7,0
2026-08-23 17:43:27.062,3456.8,12.530,0.210,3.280,82.5,673.2,2.8962,231.94,333.2,0.96,272.3,61.7,0
2026-08-23 17:43:28.097,3457.8,12.530,0.360,4.850,82.5,673.2,2.8976,232.05,333.3,0.96,271.6,62.2,0
2026-08-23 17:43:29.162,3458.9,12.530,0.270,3.320,82.5,673.2,2.8986,232.13,332.6,0.96,271.0,62.2,0
2026-08-23 17:43:30.217,3459.9,12.530,0.270,4.000,82.5,673.2,2.8998,232.20,332.4,0.96,270.5,62.2,0
2026-08-23 17:43:31.298,3461.0,12.530,0.210,2.200,82.5,673.2,2.9004,232.27,331.9,0.96,269.5,62.2,0
2026-08-23 17:43:32.379,3462.1,12.530,0.170,1.610,82.5,673.2,2.9009,232.32,331.4,0.95,268.8,62.2,0
2026-08-23 17:43:33.471,3463.2,12.530,0.220,2.330,82.5,673.2,2.9016,232.39,332.1,0.96,270.7,62.2,1036
2026-08-23 17:43:34.478,3464.2,12.530,0.260,2.940,82.5,673.2,2.9024,232.46,330.6,0.95,267.9,62.2,0
2026-08-23 17:43:35.515,3465.2,12.530,0.300,3.720,82.5,673.2,2.9035,232.54,330.8,0.96,268.8,62.2,0
2026-08-23 17:43:36.596,3466.3,12.530,0.260,2.620,82.5,673.2,2.9043,232.62,331.2,0.96,268.8,62.2,0
2026-08-23 17:43:37.680,3467.4,12.530,0.260,3.310,82.5,673.2,2.9053,232.70,331.4,0.96,269.9,62.8,0
2026-08-23 17:43:38.800,3468.5,12.530,0.220,2.140,82.5,673.2,2.9060,232.77,331.7,0.96,271.1,62.2,0
2026-08-23 17:43:39.842,3469.6,12.530,0.320,3.280,82.5,673.2,2.9069,232.86,331.9,0.95,269.3,62.2,73
2026-08-23 17:43:40.850,3470.6,12.530,0.220,3.000,82.5,673.2,2.9077,232.92,332.5,0.96,271.0,62.2,0
2026-08-23 17:43:41.885,3471.6,12.530,0.270,3.340,82.5,673.2,2.9087,233.00,332.6,0.96,270.6,62.2,0
2026-08-23 17:43:42.924,3472.6,12.530,0.210,3.290,82.5,673.2,2.9097,233.06,331.9,0.96,269.8,61.7,0
2026-08-23 17:43:43.990,3473.7,12.530,0.220,2.780,82.5,673.2,2.9105,233.13,331.5,0.96,269.3,62.2,0
2026-08-23 17:43:45.081,3474.8,12.530,0.180,2.280,82.5,673.2,2.9112,233.18,331.2,0.96,269.3,62.2,0
2026-08-23 17:43:46.088,3475.8,12.530,0.200,2.490,82.5,673.2,2.9119,233.24,331.4,0.96,269.0,62.2,0
2026-08-23 17:43:47.126,3476.8,12.530,0.240,2.710,82.5,673.2,2.9126,233.31,331.4,0.96,269.9,62.2,0
2026-08-23 17:43:48.201,3477.9,12.530,0.290,3.900,82.5,673.2,2.9138,233.39,330.6,0.96,268.5,62.2,0
2026-08-23 17:43:49.226,3478.9,12.570,0.260,3.260,85.8,700.4,2.9147,233.47,332.1,0.96,271.4,61.7,0
2026-08-23 17:43:50.247,3480.0,12.530,0.200,2.540,82.5,673.2,2.9155,233.52,333.0,0.96,271.8,62.2,5
2026-08-23 17:43:51.299,3481.0,12.520,0.180,2.570,81.7,666.4,2.9162,233.58,332.1,0.96,270.3,62.2,57
2026-08-23 17:43:52.334,3482.0,12.530,0.200,2.500,82.5,673.2,2.9169,233.63,330.3,0.95,267.8,62.2,439
2026-08-23 17:43:53.355,3483.1,12.530,0.360,4.100,82.5,673.2,2.9181,233.74,329.7,0.95,266.4,62.2,227
2026-08-23 17:43:54.358,3484.1,12.530,0.240,2.430,82.5,673.2,2.9188,233.80,328.3,0.95,264.1,62.2,1350
2026-08-23 17:43:55.424,3485.1,12.530,0.270,3.410,82.5,673.2,2.9198,233.88,331.2,0.96,269.2,62.2,197
2026-08-23 17:43:56.460,3486.2,12.530,0.120,1.550,82.5,673.2,2.9202,233.92,331.1,0.96,268.9,62.2,0
2026-08-23 17:43:57.529,3487.2,12.530,0.220,2.780,82.5,673.2,2.9211,233.98,332.2,0.96,270.7,62.2,0
2026-08-23 17:43:58.595,3488.3,12.530,0.180,2.830,82.5,673.2,2.9219,234.04,330.2,0.95,267.4,62.2,0
2026-08-23 17:43:59.630,3489.3,12.530,0.260,2.830,82.5,673.2,2.9227,234.11,330.0,0.95,266.8,62.2,0
2026-08-23 17:44:00.642,3490.4,12.510,0.240,2.940,80.8,659.6,2.9235,234.18,328.5,0.95,264.9,62.2,2957
2026-08-23 17:44:01.666,3491.4,12.530,0.210,2.370,82.5,673.2,2.9242,234.24,328.0,0.95,265.3,62.2,2980
2026-08-23 17:44:02.687,3492.4,12.530,0.230,2.860,82.5,673.2,2.9250,234.30,327.2,0.95,265.4,62.2,2963
2026-08-23 17:44:03.788,3493.5,12.530,0.270,2.610,82.5,673.2,2.9258,234.39,328.6,0.95,265.4,62.2,1561
2026-08-23 17:44:04.794,3494.5,12.520,0.350,4.410,81.7,666.4,2.9270,234.48,327.2,0.95,264.2,62.2,3121
2026-08-23 17:44:05.829,3495.5,12.530,0.310,3.880,82.5,673.2,2.9282,234.57,327.7,0.95,264.7,62.2,1611
2026-08-23 17:44:06.951,3496.7,12.530,0.210,2.630,82.5,673.2,2.9290,234.64,325.9,0.95,263.2,62.2,3482
2026-08-23 17:44:07.973,3497.7,12.530,0.210,3.480,82.5,673.2,2.9300,234.70,329.2,0.95,266.4,62.2,1208
2026-08-23 17:44:09.009,3498.7,12.530,0.210,2.010,82.5,673.2,2.9305,234.76,329.4,0.95,266.1,62.2,1504
2026-08-23 17:44:10.048,3499.8,12.530,0.280,3.880,82.5,673.2,2.9317,234.84,329.2,0.95,266.3,62.2,1107
2026-08-23 17:44:11.048,3500.8,12.530,0.210,2.370,82.5,673.2,2.9323,234.90,332.8,0.96,271.6,61.7,164
2026-08-23 17:44:12.115,3501.8,12.540,0.370,4.170,83.3,680.0,2.9336,235.01,331.5,0.96,269.8,62.2,61
2026-08-23 17:44:13.170,3502.9,12.530,0.260,3.540,82.5,673.2,2.9346,235.08,332.6,0.96,272.4,62.2,0
2026-08-23 17:44:14.193,3503.9,12.530,0.240,2.900,82.5,673.2,2.9354,235.15,330.8,0.96,268.7,62.2,272
2026-08-23 17:44:15.215,3504.9,12.530,0.190,2.680,82.5,673.2,2.9362,235.21,331.0,0.96,269.7,61.7,423
2026-08-23 17:44:16.258,3506.0,12.530,0.220,2.740,82.5,673.2,2.9370,235.27,329.1,0.95,266.1,62.2,3088
2026-08-23 17:44:17.265,3507.0,12.530,0.210,3.230,82.5,673.2,2.9379,235.33,330.7,0.96,268.5,62.2,83
2026-08-23 17:44:18.301,3508.0,12.530,0.340,4.280,82.5,673.2,2.9391,235.43,330.3,0.95,268.0,62.2,0
2026-08-23 17:44:19.340,3509.1,12.530,0.270,3.390,82.5,673.2,2.9401,235.50,330.7,0.95,268.3,62.2,0
2026-08-23 17:44:20.375,3510.1,12.530,0.210,2.730,82.5,673.2,2.9409,235.56,330.6,0.95,268.1,62.8,0
2026-08-23 17:44:21.497,3511.2,12.520,0.140,2.340,81.7,666.4,2.9416,235.61,332.3,0.96,270.2,62.2,0
2026-08-23 17:44:22.533,3512.2,12.530,0.210,1.930,82.5,673.2,2.9422,235.67,331.6,0.96,269.4,62.2,0
2026-08-23 17:44:23.540,3513.3,12.530,0.240,2.980,82.5,673.2,2.9430,235.74,331.4,0.96,269.2,62.2,0
2026-08-23 17:44:24.616,3514.3,12.540,0.340,3.900,83.3,680.0,2.9442,235.84,332.0,0.96,270.5,62.2,0
2026-08-23 17:44:25.699,3515.4,12.530,0.290,3.690,82.5,673.2,2.9453,235.92,333.5,0.96,273.3,62.2,0
2026-08-23 17:44:26.721,3516.4,12.530,0.240,3.080,82.5,673.2,2.9461,235.99,333.5,0.96,273.2,62.2,0
2026-08-23 17:44:27.772,3517.5,12.530,0.210,2.500,82.5,673.2,2.9469,236.05,332.7,0.96,271.7,62.2,0
2026-08-23 17:44:28.807,3518.5,12.530,0.330,3.730,82.5,673.2,2.9479,236.15,332.4,0.96,270.2,62.2,0
2026-08-23 17:44:29.872,3519.6,12.530,0.200,2.560,82.5,673.2,2.9487,236.21,331.2,0.95,268.9,62.2,0
2026-08-23 17:44:30.912,3520.6,12.540,0.410,5.090,83.3,680.0,2.9502,236.33,331.2,0.96,269.7,62.2,0
2026-08-23 17:44:31.948,3521.7,12.530,0.270,3.190,82.5,673.2,2.9511,236.40,331.6,0.96,269.6,61.7,0
2026-08-23 17:44:33.029,3522.7,12.530,0.240,3.690,82.5,673.2,2.9522,236.48,331.8,0.95,269.2,62.2,0
2026-08-23 17:44:34.032,3523.7,12.530,0.150,2.540,82.5,673.2,2.9529,236.52,332.7,0.96,270.9,62.2,0
2026-08-23 17:44:35.068,3524.8,12.530,0.200,2.660,82.5,673.2,2.9537,236.58,331.8,0.96,269.8,62.2,0
2026-08-23 17:44:36.091,3525.8,12.530,0.240,2.950,82.5,673.2,2.9545,236.64,331.1,0.95,268.5,62.2,431
2026-08-23 17:44:37.139,3526.9,12.530,0.270,3.400,82.5,673.2,2.9555,236.72,329.9,0.96,268.0,62.2,111
2026-08-23 17:44:38.193,3527.9,12.530,0.320,4.000,82.5,673.2,2.9567,236.82,331.3,0.96,269.5,61.7,239
2026-08-23 17:44:39.277,3529.0,12.530,0.230,2.920,82.5,673.2,2.9576,236.88,331.5,0.96,269.7,62.2,0
2026-08-23 17:44:40.308,3530.0,12.530,0.240,3.040,82.5,673.2,2.9584,236.95,330.2,0.95,266.9,62.2,0
2026-08-23 17:44:41.344,3531.1,12.530,0.220,2.790,82.5,673.2,2.9592,237.02,331.1,0.95,268.8,62.2,0
2026-08-23 17:44:42.352,3532.1,12.530,0.220,2.750,82.5,673.2,2.9600,237.08,330.2,0.95,267.0,62.2,0
2026-08-23 17:44:43.391,3533.1,12.530,0.220,2.750,82.5,673.2,2.9608,237.14,330.0,0.96,268.1,61.7,0
2026-08-23 17:44:44.427,3534.1,12.540,0.400,4.400,83.3,680.0,2.9621,237.26,330.5,0.96,268.8,62.2,88
2026-08-23 17:44:45.464,3535.2,12.530,0.230,3.430,82.5,673.2,2.9630,237.32,330.8,0.95,268.3,61.7,58
2026-08-23 17:44:46.503,3536.2,12.530,0.320,3.970,82.5,673.2,2.9642,237.42,332.8,0.96,271.8,62.2,117
2026-08-23 17:44:47.569,3537.3,12.530,0.180,2.200,82.5,673.2,2.9648,237.47,332.1,0.96,271.0,62.2,239
2026-08-23 17:44:48.606,3538.3,12.530,0.320,4.660,82.5,673.2,2.9662,237.56,330.1,0.96,268.0,62.2,0
2026-08-23 17:44:49.660,3539.4,12.530,0.230,2.840,82.5,673.2,2.9670,237.63,331.6,0.96,270.6,62.2,136
2026-08-23 17:44:50.685,3540.4,12.540,0.360,4.650,83.3,680.0,2.9683,237.73,332.1,0.96,271.2,61.7,140
2026-08-23 17:44:51.775,3541.5,12.530,0.280,4.330,82.5,673.2,2.9696,237.82,331.6,0.96,270.3,61.7,98
2026-08-23 17:44:52.817,3542.5,12.530,0.230,2.680,82.5,673.2,2.9704,237.88,331.6,0.96,269.4,62.2,83
2026-08-23 17:44:53.824,3543.5,12.530,0.250,2.830,82.5,673.2,2.9712,237.95,332.1,0.96,270.5,62.2,63
2026-08-23 17:44:54.859,3544.6,12.530,0.200,2.550,82.5,673.2,2.9719,238.01,332.0,0.96,270.1,62.2,0
2026-08-23 17:44:55.898,3545.6,12.440,0.230,3.660,75.4,615.1,2.9730,238.08,329.6,0.95,267.3,62.2,28
2026-08-23 17:44:56.964,3546.7,12.530,0.230,2.870,82.5,673.2,2.9739,238.14,330.0,0.95,267.7,62.2,426
2026-08-23 17:44:58.056,3547.8,12.540,0.380,4.750,83.3,680.0,2.9753,238.26,330.7,0.95,268.2,62.2,332
2026-08-23 17:44:59.093,3548.8,12.530,0.270,3.380,82.5,673.2,2.9763,238.34,329.5,0.95,265.8,62.2,1371
2026-08-23 17:45:00.159,3549.9,12.530,0.270,4.070,82.5,673.2,2.9775,238.42,330.5,0.95,267.9,61.7,98
2026-08-23 17:45:01.174,3550.9,12.530,0.220,2.130,82.5,673.2,2.9781,238.48,330.1,0.95,267.5,62.2,0
2026-08-23 17:45:02.199,3551.9,12.530,0.300,4.210,82.5,673.2,2.9793,238.56,331.1,0.95,268.6,62.2,0
2026-08-23 17:45:03.283,3553.0,12.530,0.240,2.750,82.5,673.2,2.9801,238.64,330.5,0.96,268.7,62.2,0
2026-08-23 17:45:04.334,3554.0,12.530,0.330,4.790,82.5,673.2,2.9815,238.73,330.6,0.96,268.5,61.7,0
2026-08-23 17:45:05.369,3555.1,12.530,0.290,3.590,82.5,673.2,2.9825,238.82,328.9,0.95,266.9,61.7,1006
2026-08-23 17:45:06.434,3556.1,12.530,0.290,3.600,82.5,673.2,2.9836,238.90,327.1,0.95,264.5,62.2,592
2026-08-23 17:45:07.503,3557.2,12.530,0.260,3.260,82.5,673.2,2.9846,238.98,331.2,0.96,270.4,62.2,142
2026-08-23 17:45:08.569,3558.3,12.530,0.220,2.130,82.5,673.2,2.9852,239.04,330.3,0.96,268.1,62.2,61
2026-08-23 17:45:09.604,3559.3,12.530,0.310,3.430,82.5,673.2,2.9862,239.13,330.2,0.96,268.2,62.2,93
2026-08-23 17:45:10.607,3560.3,12.530,0.210,2.630,82.5,673.2,2.9869,239.19,329.1,0.95,266.6,62.2,746
2026-08-23 17:45:11.673,3561.4,12.540,0.420,4.560,83.3,680.0,2.9883,239.32,328.9,0.95,266.2,62.2,249
2026-08-23 17:45:12.708,3562.4,12.530,0.260,3.700,82.5,673.2,2.9893,239.39,327.7,0.95,265.7,62.2,578
2026-08-23 17:45:13.782,3563.5,12.530,0.310,3.930,82.5,673.2,2.9905,239.48,328.2,0.96,267.2,62.2,1119
2026-08-23 17:45:14.791,3564.5,12.530,0.200,1.880,82.5,673.2,2.9910,239.54,329.3,0.95,266.9,62.2,653
2026-08-23 17:45:15.845,3565.6,12.540,0.330,4.190,83.3,680.0,2.9923,239.64,330.1,0.96,269.2,62.2,752
2026-08-23 17:45:16.882,3566.6,12.530,0.230,3.170,82.5,673.2,2.9932,239.70,329.4,0.95,267.2,61.7,459
2026-08-23 17:45:17.948,3567.7,12.540,0.390,4.910,83.3,680.0,2.9946,239.82,329.8,0.96,268.6,62.2,150
2026-08-23 17:45:18.983,3568.7,12.530,0.230,3.590,82.5,673.2,2.9957,239.88,328.7,0.95,265.7,62.2,740
2026-08-23 17:45:20.022,3569.7,12.530,0.260,3.930,82.5,673.2,2.9968,239.96,328.7,0.95,266.5,62.2,1288
2026-08-23 17:45:21.103,3570.8,12.530,0.230,2.690,82.5,673.2,2.9976,240.03,330.2,0.96,268.2,62.8,697
2026-08-23 17:45:22.103,3571.8,12.530,0.300,3.540,82.5,673.2,2.9986,240.11,329.5,0.95,266.2,62.2,0
2026-08-23 17:45:23.144,3572.9,12.530,0.240,2.640,82.5,673.2,2.9993,240.18,330.6,0.96,268.5,62.2,0
2026-08-23 17:45:24.180,3573.9,12.540,0.340,4.900,83.3,680.0,3.0008,240.28,330.1,0.95,267.5,62.2,0
2026-08-23 17:45:25.217,3574.9,12.540,0.320,4.070,83.3,680.0,3.0019,240.37,329.1,0.95,265.7,62.2,0
2026-08-23 17:45:26.304,3576.0,12.530,0.230,2.820,82.5,673.2,3.0028,240.44,330.7,0.95,267.8,62.2,0
2026-08-23 17:45:27.387,3577.1,12.530,0.260,3.270,82.5,673.2,3.0038,240.52,330.9,0.96,269.7,62.2,9
2026-08-23 17:45:28.434,3578.1,12.530,0.260,3.210,82.5,673.2,3.0047,240.59,329.2,0.96,268.4,62.2,0
2026-08-23 17:45:29.441,3579.2,12.530,0.190,2.390,82.5,673.2,3.0054,240.65,329.4,0.95,267.2,62.2,1213
2026-08-23 17:45:30.476,3580.2,12.530,0.250,3.150,82.5,673.2,3.0063,240.72,330.1,0.96,268.5,62.2,200
2026-08-23 17:45:31.516,3581.2,12.540,0.370,4.700,83.3,680.0,3.0076,240.83,330.3,0.96,268.1,62.2,235
2026-08-23 17:45:32.523,3582.2,12.530,0.240,3.530,82.5,673.2,3.0086,240.89,328.4,0.95,265.5,62.2,1467
2026-08-23 17:45:33.560,3583.3,12.530,0.250,3.170,82.5,673.2,3.0095,240.97,329.3,0.95,266.4,62.2,606
2026-08-23 17:45:34.600,3584.3,12.530,0.180,2.340,82.5,673.2,3.0102,241.02,330.1,0.95,267.0,62.2,6468
2026-08-23 17:45:35.607,3585.3,12.530,0.210,3.110,82.5,673.2,3.0111,241.08,329.6,0.95,267.0,62.2,923
2026-08-23 17:45:36.644,3586.4,12.530,0.250,3.110,82.5,673.2,3.0120,241.15,330.7,0.96,268.7,62.2,590
2026-08-23 17:45:37.720,3587.4,12.540,0.350,4.370,83.3,680.0,3.0133,241.25,331.1,0.95,268.7,62.2,62
2026-08-23 17:45:38.744,3588.5,12.530,0.260,2.570,82.5,673.2,3.0140,241.33,331.6,0.96,270.8,62.2,31
2026-08-23 17:45:39.766,3589.5,12.530,0.260,3.660,82.5,673.2,3.0150,241.40,332.3,0.96,270.7,61.7,58
2026-08-23 17:45:40.817,3590.5,12.530,0.220,2.710,82.5,673.2,3.0158,241.47,329.8,0.96,268.0,62.2,757
2026-08-23 17:45:41.898,3591.6,12.530,0.350,3.610,82.5,673.2,3.0169,241.57,328.9,0.96,267.2,62.2,678
2026-08-23 17:45:42.964,3592.7,12.530,0.190,2.390,82.5,673.2,3.0176,241.63,330.6,0.96,268.9,62.2,559
2026-08-23 17:45:44.032,3593.7,12.540,0.390,4.070,83.3,680.0,3.0188,241.74,329.6,0.95,266.6,62.8,0
2026-08-23 17:45:45.067,3594.8,12.530,0.240,3.060,82.5,673.2,3.0197,241.81,330.2,0.95,267.4,62.2,0
2026-08-23 17:45:46.134,3595.8,12.530,0.230,3.210,82.5,673.2,3.0207,241.88,330.1,0.95,267.2,62.2,0
2026-08-23 17:45:47.225,3596.9,12.530,0.270,2.560,82.5,673.2,3.0214,241.96,330.0,0.95,267.1,62.8,0
2026-08-23 17:45:48.291,3598.0,12.530,0.190,2.310,82.5,673.2,3.0221,242.02,329.9,0.95,267.0,62.2,0
2026-08-23 17:45:49.328,3599.0,12.530,0.290,3.760,82.5,673.2,3.0232,242.10,329.1,0.95,265.9,62.2,436
