Timestamp,Elapsed_Sec,INA1_Voltage_V,INA1_Current_A,INA1_Power_W,Battery_SoC_Pct,Battery_Wh_Remaining,Energy_Wh,Capacity_mAh,AC_Voltage_V,AC_Current_A,AC_Power_W,CPU_Temp_C,RPM
2026-08-23 18:17:35.111,3.2,11.830,0.210,2.500,0.0,0.0,0.0022,0.19,336.1,0.98,279.0,0.0,0
2026-08-23 18:17:36.151,4.3,11.820,0.170,2.600,0.0,0.0,0.0030,0.24,332.7,0.99,278.9,60.0,0
2026-08-23 18:17:37.186,5.3,11.820,0.190,2.460,0.0,0.0,0.0037,0.29,332.5,0.99,278.9,60.0,0
2026-08-23 18:17:38.281,6.4,11.820,0.170,1.980,0.0,0.0,0.0043,0.34,333.4,0.99,279.9,60.0,0
2026-08-23 18:17:39.290,7.4,11.830,0.240,2.810,0.0,0.0,0.0051,0.41,333.3,0.99,279.6,60.0,0
2026-08-23 18:17:40.343,8.5,11.830,0.250,3.540,0.0,0.0,0.0061,0.48,333.8,0.99,280.7,60.0,0
2026-08-23 18:17:41.353,9.5,11.820,0.120,1.450,0.0,0.0,0.0065,0.52,334.2,0.99,282.0,60.0,0
2026-08-23 18:17:42.389,10.5,11.830,0.250,2.920,0.0,0.0,0.0074,0.59,333.6,0.99,280.5,60.0,0
2026-08-23 18:17:43.395,11.5,11.830,0.310,3.710,0.0,0.0,0.0084,0.68,332.9,0.99,279.2,60.0,0
2026-08-23 18:17:44.435,12.6,11.830,0.250,2.960,0.0,0.0,0.0093,0.75,333.4,0.99,280.1,60.0,0
2026-08-23 18:17:45.472,13.6,11.820,0.150,2.260,0.0,0.0,0.0099,0.79,333.9,0.99,280.4,60.0,0
2026-08-23 18:17:46.478,14.6,11.830,0.180,2.150,0.0,0.0,0.0105,0.84,333.2,0.99,279.4,60.0,0
2026-08-23 18:17:47.519,15.6,11.830,0.250,2.980,0.0,0.0,0.0114,0.91,333.1,0.99,279.8,60.0,0
2026-08-23 18:17:48.555,16.7,11.830,0.290,2.800,0.0,0.0,0.0122,1.00,334.0,0.99,280.7,60.0,0
2026-08-23 18:17:49.562,17.7,11.830,0.260,2.460,0.0,0.0,0.0129,1.07,333.3,0.99,279.4,60.6,0
2026-08-23 18:17:50.635,18.8,11.820,0.170,1.370,0.0,0.0,0.0133,1.12,333.4,0.99,280.1,60.0,0
2026-08-23 18:17:51.740,19.9,11.830,0.160,2.140,0.0,0.0,0.0139,1.17,332.6,0.99,279.2,60.0,0
2026-08-23 18:17:52.824,21.0,11.830,0.210,2.450,0.0,0.0,0.0147,1.23,333.2,0.99,280.4,60.0,0
2026-08-23 18:17:53.875,22.0,11.830,0.300,3.040,0.0,0.0,0.0156,1.32,333.4,0.99,280.3,60.0,0
2026-08-23 18:17:54.910,23.0,11.830,0.310,3.020,0.0,0.0,0.0164,1.41,332.0,0.99,278.4,60.0,0
2026-08-23 18:17:55.916,24.0,11.820,0.150,1.820,0.0,0.0,0.0169,1.45,332.1,0.99,278.9,60.0,0
2026-08-23 18:17:56.918,25.0,11.830,0.240,2.180,0.0,0.0,0.0176,1.52,333.0,0.99,279.9,60.0,0
2026-08-23 18:17:57.954,26.1,11.830,0.320,3.740,0.0,0.0,0.0186,1.61,332.8,0.99,279.3,60.6,0
2026-08-23 18:17:58.961,27.1,11.830,0.260,3.120,0.0,0.0,0.0195,1.68,332.5,0.99,279.1,60.0,0
2026-08-23 18:18:00.000,28.1,11.830,0.220,2.800,0.0,0.0,0.0203,1.75,332.3,0.99,278.9,60.0,0
2026-08-23 18:18:01.035,29.2,11.830,0.310,3.680,0.0,0.0,0.0214,1.84,332.6,0.99,279.2,60.0,0
2026-08-23 18:18:02.043,30.2,11.830,0.190,2.270,0.0,0.0,0.0220,1.89,332.5,0.99,279.4,60.0,0
2026-08-23 18:18:03.091,31.2,11.830,0.300,2.930,0.0,0.0,0.0229,1.98,333.1,0.99,279.9,60.0,0
2026-08-23 18:18:04.151,32.3,11.830,0.270,3.200,0.0,0.0,0.0238,2.06,333.9,0.99,281.2,60.0,0
2026-08-23 18:18:05.174,33.3,11.830,0.200,2.630,0.0,0.0,0.0245,2.11,333.8,0.99,281.1,60.0,0
2026-08-23 18:18:06.193,34.3,11.830,0.250,3.010,0.0,0.0,0.0254,2.18,332.7,0.99,279.9,60.0,0
2026-08-23 18:18:07.257,35.4,11.830,0.190,1.630,0.0,0.0,0.0259,2.24,332.5,0.99,278.8,60.0,0
2026-08-23 18:18:08.322,36.4,11.830,0.290,3.480,0.0,0.0,0.0269,2.33,332.8,0.99,279.3,60.0,0
2026-08-23 18:18:09.414,37.5,11.830,0.220,2.570,0.0,0.0,0.0277,2.39,332.4,0.99,278.7,60.0,0
2026-08-23 18:18:10.479,38.6,11.830,0.230,3.090,0.0,0.0,0.0286,2.46,332.3,0.99,279.3,60.0,0
2026-08-23 18:18:11.515,39.6,11.830,0.170,2.620,0.0,0.0,0.0294,2.51,332.7,0.99,278.8,60.6,0
2026-08-23 18:18:12.555,40.7,11.830,0.240,2.860,0.0,0.0,0.0302,2.58,333.9,0.99,281.1,60.0,0
2026-08-23 18:18:13.620,41.7,11.830,0.340,3.430,0.0,0.0,0.0312,2.68,333.9,0.99,281.0,60.6,0
2026-08-23 18:18:14.656,42.8,11.830,0.210,3.230,0.0,0.0,0.0321,2.74,333.3,0.99,279.3,60.0,0
2026-08-23 18:18:15.740,43.9,11.830,0.300,3.490,0.0,0.0,0.0332,2.83,333.8,0.99,281.8,60.6,0
2026-08-23 18:18:16.764,44.9,11.830,0.170,2.050,0.0,0.0,0.0338,2.88,332.9,0.99,279.3,60.6,0
2026-08-23 18:18:17.847,46.0,11.830,0.190,2.220,0.0,0.0,0.0344,2.94,334.5,0.99,282.7,60.0,0
2026-08-23 18:18:18.889,47.0,11.830,0.330,3.860,0.0,0.0,0.0355,3.03,333.0,0.99,279.4,60.6,0
2026-08-23 18:18:19.895,48.0,11.830,0.280,3.310,0.0,0.0,0.0365,3.11,333.1,0.99,279.6,60.0,0
2026-08-23 18:18:20.960,49.1,11.830,0.260,2.930,0.0,0.0,0.0373,3.19,332.4,0.99,279.4,60.6,0
2026-08-23 18:18:22.029,50.2,11.830,0.150,2.110,0.0,0.0,0.0380,3.23,333.1,0.99,279.6,60.6,0
2026-08-23 18:18:23.093,51.2,11.830,0.180,2.340,0.0,0.0,0.0387,3.28,332.9,0.99,279.4,60.6,0
2026-08-23 18:18:24.185,52.3,11.830,0.310,3.650,0.0,0.0,0.0398,3.38,332.9,0.99,279.9,60.6,0
2026-08-23 18:18:25.250,53.4,11.830,0.250,2.750,0.0,0.0,0.0406,3.45,334.0,0.99,281.0,60.6,0
2026-08-23 18:18:26.257,54.4,11.830,0.200,3.060,0.0,0.0,0.0414,3.51,332.9,0.99,279.4,60.6,0
2026-08-23 18:18:27.333,55.5,11.830,0.180,2.160,0.0,0.0,0.0421,3.56,333.1,0.99,280.0,60.6,0
2026-08-23 18:18:28.416,56.5,11.830,0.180,2.110,0.0,0.0,0.0427,3.62,334.3,0.99,282.1,60.0,0
2026-08-23 18:18:29.437,57.6,11.830,0.260,3.770,0.0,0.0,0.0438,3.69,334.5,0.99,282.2,60.6,0
2026-08-23 18:18:30.488,58.6,11.830,0.280,3.320,0.0,0.0,0.0448,3.77,333.1,0.99,279.6,60.6,0
2026-08-23 18:18:31.554,59.7,11.830,0.180,2.590,0.0,0.0,0.0455,3.83,333.5,0.99,281.0,60.6,0
2026-08-23 18:18:32.589,60.7,11.830,0.190,2.200,0.0,0.0,0.0462,3.88,333.6,0.99,280.5,60.6,0
2026-08-23 18:18:33.657,61.8,11.830,0.250,2.950,0.0,0.0,0.0470,3.95,333.3,0.99,280.7,60.6,0
2026-08-23 18:18:34.722,62.8,11.830,0.270,3.220,0.0,0.0,0.0480,4.03,332.9,0.99,279.4,60.6,0
2026-08-23 18:18:35.788,63.9,11.830,0.210,3.190,0.0,0.0,0.0489,4.10,332.8,0.99,279.5,60.6,0
2026-08-23 18:18:36.879,65.0,11.830,0.250,2.950,0.0,0.0,0.0498,4.17,333.2,0.99,279.6,60.6,0
2026-08-23 18:18:37.946,66.1,11.830,0.210,2.490,0.0,0.0,0.0506,4.23,333.0,0.99,280.1,60.6,0
2026-08-23 18:18:38.967,67.1,11.830,0.200,3.050,0.0,0.0,0.0514,4.29,333.4,0.99,280.2,60.6,0
2026-08-23 18:18:39.988,68.1,11.830,0.210,2.520,0.0,0.0,0.0521,4.35,333.4,0.99,280.6,60.6,0
2026-08-23 18:18:41.108,69.2,11.830,0.210,2.480,0.0,0.0,0.0529,4.42,334.0,0.99,281.2,60.6,0
2026-08-23 18:18:42.228,70.4,11.830,0.200,2.380,0.0,0.0,0.0536,4.48,333.5,0.99,279.9,60.6,0
2026-08-23 18:18:43.296,71.4,11.830,0.250,2.900,0.0,0.0,0.0545,4.55,332.8,0.99,279.1,60.0,0
2026-08-23 18:18:44.331,72.5,11.830,0.180,2.390,0.0,0.0,0.0552,4.60,333.2,0.99,279.7,60.0,0
2026-08-23 18:18:45.452,73.6,11.830,0.250,2.900,0.0,0.0,0.0561,4.68,334.0,0.99,280.8,60.6,0
2026-08-23 18:18:46.488,74.6,11.830,0.250,2.980,0.0,0.0,0.0570,4.75,332.4,0.99,278.8,60.6,0
2026-08-23 18:18:47.494,75.6,11.830,0.220,2.870,0.0,0.0,0.0578,4.82,332.8,0.99,279.4,60.6,0
2026-08-23 18:18:48.534,76.7,11.830,0.240,2.880,0.0,0.0,0.0586,4.88,332.2,0.99,278.5,60.0,0
2026-08-23 18:18:49.570,77.7,11.830,0.210,2.510,0.0,0.0,0.0593,4.95,333.4,0.99,280.2,60.6,0
2026-08-23 18:18:50.636,78.8,11.830,0.250,2.350,0.0,0.0,0.0600,5.02,333.7,0.99,281.3,60.6,0
2026-08-23 18:18:51.711,79.8,11.840,0.250,3.600,0.0,0.0,0.0611,5.09,333.3,0.99,279.9,60.6,0
2026-08-23 18:18:52.794,80.9,11.830,0.230,2.770,0.0,0.0,0.0619,5.16,333.4,0.99,280.7,60.6,0
2026-08-23 18:18:53.877,82.0,11.840,0.270,3.220,0.0,0.0,0.0629,5.24,334.0,0.99,281.9,60.6,0
2026-08-23 18:18:54.925,83.1,11.830,0.170,1.930,0.0,0.0,0.0634,5.29,333.5,0.99,280.6,61.1,0
2026-08-23 18:18:55.959,84.1,11.830,0.180,1.940,0.0,0.0,0.0640,5.35,332.3,0.99,279.3,60.6,0
2026-08-23 18:18:57.024,85.2,11.840,0.310,3.120,0.0,0.0,0.0649,5.44,332.9,0.99,279.4,60.6,0
2026-08-23 18:18:58.114,86.2,11.840,0.260,2.440,0.0,0.0,0.0657,5.52,332.2,0.99,279.0,60.6,0
2026-08-23 18:18:59.180,87.3,11.830,0.190,2.380,0.0,0.0,0.0664,5.57,332.8,0.99,279.9,60.6,0
2026-08-23 18:19:00.245,88.4,11.830,0.120,1.950,0.0,0.0,0.0669,5.61,333.6,0.99,281.1,60.6,0
2026-08-23 18:19:01.255,89.4,11.830,0.220,2.550,0.0,0.0,0.0677,5.67,333.6,0.99,280.0,60.6,0
2026-08-23 18:19:02.321,90.4,11.840,0.240,2.870,0.0,0.0,0.0685,5.74,334.1,0.99,281.2,60.6,0
2026-08-23 18:19:03.357,91.5,11.830,0.170,2.660,0.0,0.0,0.0693,5.79,333.7,0.99,280.4,60.6,0
2026-08-23 18:19:04.444,92.6,11.840,0.210,2.530,0.0,0.0,0.0700,5.85,334.5,0.99,282.4,60.6,0
2026-08-23 18:19:05.527,93.7,11.840,0.230,2.810,0.0,0.0,0.0709,5.92,334.5,0.99,282.6,60.6,0
2026-08-23 18:19:06.547,94.7,11.830,0.240,2.870,0.0,0.0,0.0717,5.99,333.9,0.99,281.4,60.6,0
2026-08-23 18:19:07.614,95.7,11.840,0.340,3.340,0.0,0.0,0.0727,6.09,331.8,0.99,278.7,60.0,0
2026-08-23 18:19:08.680,96.8,11.840,0.280,2.880,0.0,0.0,0.0735,6.17,332.4,0.99,279.0,60.6,0
2026-08-23 18:19:09.770,97.9,11.840,0.250,2.940,0.0,0.0,0.0744,6.25,334.1,0.99,280.4,60.6,0
2026-08-23 18:19:10.835,99.0,11.830,0.200,2.440,0.0,0.0,0.0752,6.31,333.0,0.99,279.9,60.6,0
2026-08-23 18:19:11.841,100.0,11.830,0.170,2.050,0.0,0.0,0.0757,6.36,332.4,0.99,279.0,60.0,0
2026-08-23 18:19:12.911,101.0,11.840,0.200,2.350,0.0,0.0,0.0764,6.42,332.2,0.99,278.4,60.0,0
2026-08-23 18:19:13.977,102.1,11.840,0.300,3.570,0.0,0.0,0.0775,6.50,332.9,0.99,279.9,60.6,0
2026-08-23 18:19:14.999,103.1,11.840,0.320,3.810,0.0,0.0,0.0786,6.60,332.5,0.99,279.2,60.6,0
2026-08-23 18:19:16.074,104.2,11.830,0.160,1.940,0.0,0.0,0.0791,6.64,331.7,0.98,277.6,60.0,0
2026-08-23 18:19:17.157,105.3,11.840,0.260,3.080,0.0,0.0,0.0801,6.72,334.0,0.99,281.4,60.6,0
2026-08-23 18:19:18.240,106.4,11.840,0.200,2.400,0.0,0.0,0.0808,6.78,333.6,0.99,280.5,60.6,0
2026-08-23 18:19:19.287,107.4,11.840,0.230,3.390,0.0,0.0,0.0818,6.85,332.7,0.99,279.8,60.6,0
2026-08-23 18:19:20.352,108.5,11.840,0.270,2.490,0.0,0.0,0.0825,6.93,332.6,0.99,279.3,60.6,0
2026-08-23 18:19:21.387,109.5,11.840,0.190,2.200,0.0,0.0,0.0831,6.98,332.9,0.99,279.3,60.6,0
2026-08-23 18:19:22.389,110.5,11.840,0.310,3.560,0.0,0.0,0.0841,7.07,332.2,0.99,279.1,60.6,0
2026-08-23 18:19:23.455,111.6,11.830,0.210,2.510,0.0,0.0,0.0849,7.13,332.9,0.99,279.2,60.0,0
2026-08-23 18:19:24.489,112.6,11.840,0.270,3.170,0.0,0.0,0.0858,7.21,332.3,0.99,279.1,60.6,0
2026-08-23 18:19:25.515,113.6,11.840,0.240,2.790,0.0,0.0,0.0866,7.28,333.3,0.99,280.2,60.6,0
2026-08-23 18:19:26.551,114.7,11.830,0.180,2.490,0.0,0.0,0.0873,7.33,333.1,0.99,279.6,60.6,0
2026-08-23 18:19:27.558,115.7,11.840,0.230,2.180,0.0,0.0,0.0879,7.39,332.4,0.99,278.5,60.6,0
2026-08-23 18:19:28.675,116.8,11.840,0.190,2.130,0.0,0.0,0.0886,7.45,332.9,0.99,279.0,60.6,0
2026-08-23 18:19:29.759,117.9,11.840,0.230,3.360,0.0,0.0,0.0896,7.52,333.3,0.99,280.7,60.6,0
2026-08-23 18:19:30.879,119.0,11.840,0.170,2.700,0.0,0.0,0.0904,7.57,333.7,0.99,281.4,60.6,0
2026-08-23 18:19:31.907,120.0,11.830,0.170,1.970,0.0,0.0,0.0910,7.62,333.5,0.99,280.0,60.6,0
2026-08-23 18:19:32.941,121.1,11.840,0.250,2.970,0.0,0.0,0.0918,7.69,332.1,0.99,278.9,60.6,0
2026-08-23 18:19:33.946,122.1,11.840,0.210,2.510,0.0,0.0,0.0925,7.75,331.8,0.99,278.3,60.0,0
2026-08-23 18:19:34.986,123.1,11.840,0.170,2.670,0.0,0.0,0.0933,7.80,332.6,0.99,278.9,60.0,0
2026-08-23 18:19:35.993,124.1,11.840,0.240,2.830,0.0,0.0,0.0941,7.87,332.6,0.99,279.7,60.6,0
2026-08-23 18:19:37.029,125.2,11.830,0.160,2.090,0.0,0.0,0.0947,7.92,332.8,0.99,279.6,60.0,0
2026-08-23 18:19:38.067,126.2,11.840,0.200,1.750,0.0,0.0,0.0952,7.97,332.7,0.99,279.2,60.0,0
2026-08-23 18:19:39.133,127.3,11.840,0.310,3.610,0.0,0.0,0.0963,8.07,332.2,0.99,278.4,60.0,0
2026-08-23 18:19:40.227,128.4,11.840,0.210,2.480,0.0,0.0,0.0970,8.13,332.2,0.99,278.9,60.0,0
2026-08-23 18:19:41.310,129.4,11.840,0.250,2.890,0.0,0.0,0.0979,8.20,333.3,0.99,280.6,60.6,0
2026-08-23 18:19:42.430,130.6,11.840,0.180,2.460,0.0,0.0,0.0987,8.26,334.1,0.99,281.3,60.6,0
2026-08-23 18:19:43.481,131.6,11.840,0.310,3.650,0.0,0.0,0.0997,8.35,333.1,0.99,279.8,60.6,0
2026-08-23 18:19:44.547,132.7,11.840,0.250,2.380,0.0,0.0,0.1004,8.42,332.9,0.99,280.2,61.1,0
2026-08-23 18:19:45.581,133.7,11.840,0.250,2.320,0.0,0.0,0.1011,8.50,333.1,0.99,279.9,60.0,0
2026-08-23 18:19:46.650,134.8,11.840,0.270,2.720,0.0,0.0,0.1019,8.58,332.2,0.99,279.1,60.6,0
2026-08-23 18:19:47.715,135.8,11.840,0.200,1.860,0.0,0.0,0.1025,8.64,332.8,0.99,279.2,60.0,0
2026-08-23 18:19:48.780,136.9,11.840,0.230,2.690,0.0,0.0,0.1033,8.70,332.9,0.99,279.2,60.6,0
2026-08-23 18:19:49.872,138.0,11.840,0.210,2.170,0.0,0.0,0.1039,8.77,332.5,0.99,278.9,60.6,0
2026-08-23 18:19:50.937,139.1,11.840,0.310,3.640,0.0,0.0,0.1050,8.86,332.1,0.99,278.8,60.0,0
2026-08-23 18:19:51.973,140.1,11.840,0.260,2.650,0.0,0.0,0.1058,8.93,332.1,0.98,278.0,60.0,0
2026-08-23 18:19:53.057,141.2,11.840,0.240,2.860,0.0,0.0,0.1066,9.01,334.0,0.99,281.3,60.6,0
2026-08-23 18:19:54.140,142.3,11.840,0.220,2.560,0.0,0.0,0.1074,9.07,333.2,0.99,280.3,60.0,0
2026-08-23 18:19:55.161,143.3,11.840,0.240,2.580,0.0,0.0,0.1081,9.14,333.0,0.99,279.6,60.0,0
2026-08-23 18:19:56.173,144.3,11.840,0.320,3.760,0.0,0.0,0.1092,9.23,331.9,0.99,279.0,60.0,0
2026-08-23 18:19:57.238,145.4,11.840,0.250,2.910,0.0,0.0,0.1100,9.30,333.8,0.99,281.0,60.0,0
2026-08-23 18:19:58.273,146.4,11.840,0.280,2.650,0.0,0.0,0.1108,9.39,333.7,0.99,280.3,60.6,0
2026-08-23 18:19:59.312,147.4,11.830,0.120,1.390,0.0,0.0,0.1112,9.42,331.9,0.99,278.4,60.0,0
2026-08-23 18:20:00.349,148.5,11.840,0.150,1.760,0.0,0.0,0.1117,9.46,331.4,0.99,277.4,60.6,0
2026-08-23 18:20:01.354,149.5,11.840,0.350,4.160,0.0,0.0,0.1129,9.56,331.8,0.99,278.4,60.0,0
2026-08-23 18:20:02.393,150.5,11.840,0.190,2.300,0.0,0.0,0.1135,9.62,332.0,0.99,278.1,60.0,0
2026-08-23 18:20:03.401,151.5,11.840,0.190,2.260,0.0,0.0,0.1142,9.67,332.0,0.99,278.6,60.0,0
2026-08-23 18:20:04.436,152.6,11.840,0.350,3.460,0.0,0.0,0.1152,9.77,331.9,0.99,278.4,60.6,0
2026-08-23 18:20:05.523,153.7,11.840,0.200,1.730,0.0,0.0,0.1157,9.83,333.5,0.99,281.1,60.0,0
2026-08-23 18:20:06.526,154.7,11.840,0.320,3.760,0.0,0.0,0.1167,9.92,333.2,0.99,279.9,60.0,0
2026-08-23 18:20:07.631,155.8,11.840,0.240,2.960,0.0,0.0,0.1176,9.99,333.9,0.99,282.0,60.0,0
2026-08-23 18:20:08.637,156.8,11.840,0.260,2.500,0.0,0.0,0.1183,10.07,332.8,0.99,278.9,60.0,0
2026-08-23 18:20:09.673,157.8,11.840,0.320,3.860,0.0,0.0,0.1194,10.16,332.9,0.99,279.4,60.0,0
2026-08-23 18:20:10.712,158.8,11.840,0.200,2.990,0.0,0.0,0.1203,10.21,333.0,0.99,279.3,60.0,0
2026-08-23 18:20:11.718,159.8,11.840,0.290,3.430,0.0,0.0,0.1213,10.30,332.0,0.99,278.3,60.0,0
2026-08-23 18:20:12.754,160.9,11.840,0.290,3.420,0.0,0.0,0.1223,10.38,331.8,0.99,278.4,60.0,0
2026-08-23 18:20:13.757,161.9,11.840,0.140,1.970,0.0,0.0,0.1228,10.42,332.0,0.99,278.8,60.0,0
2026-08-23 18:20:14.764,162.9,11.840,0.220,2.600,0.0,0.0,0.1235,10.48,332.7,0.99,278.9,60.0,0
2026-08-23 18:20:15.800,163.9,11.840,0.300,3.010,0.0,0.0,0.1244,10.57,332.9,0.99,279.6,60.0,0
2026-08-23 18:20:16.843,165.0,11.840,0.230,2.860,0.0,0.0,0.1252,10.63,332.4,0.99,278.7,60.0,0
2026-08-23 18:20:17.927,166.1,11.840,0.210,3.020,0.0,0.0,0.1261,10.70,333.1,0.99,280.9,60.6,0
2026-08-23 18:20:19.046,167.2,11.840,0.200,2.330,0.0,0.0,0.1269,10.76,333.7,0.99,281.2,60.0,0
2026-08-23 18:20:20.098,168.2,11.840,0.170,2.090,0.0,0.0,0.1275,10.81,332.5,0.99,279.2,60.0,0
2026-08-23 18:20:21.163,169.3,11.840,0.220,2.860,0.0,0.0,0.1283,10.87,332.3,0.99,279.6,60.6,0
2026-08-23 18:20:22.198,170.3,11.840,0.240,2.850,0.0,0.0,0.1291,10.94,331.0,0.98,277.0,60.0,0
2026-08-23 18:20:23.266,171.4,11.840,0.280,3.370,0.0,0.0,0.1301,11.03,332.1,0.99,279.0,60.0,0
2026-08-23 18:20:24.331,172.5,11.840,0.190,2.210,0.0,0.0,0.1308,11.08,331.8,0.99,278.3,60.0,0
2026-08-23 18:20:25.397,173.5,11.840,0.200,1.820,0.0,0.0,0.1313,11.14,332.3,0.99,278.6,60.0,0
2026-08-23 18:20:26.488,174.6,11.840,0.190,2.260,0.0,0.0,0.1320,11.20,333.0,0.99,279.7,60.6,0
2026-08-23 18:20:27.494,175.6,11.840,0.280,3.320,0.0,0.0,0.1329,11.28,332.2,0.99,278.7,60.0,0
2026-08-23 18:20:28.530,176.7,11.840,0.230,2.770,0.0,0.0,0.1337,11.34,331.7,0.99,278.0,60.0,0
2026-08-23 18:20:29.550,177.7,11.840,0.130,2.090,0.0,0.0,0.1343,11.38,332.4,0.99,279.1,60.0,0
2026-08-23 18:20:30.588,178.7,11.840,0.250,2.910,0.0,0.0,0.1352,11.45,333.1,0.99,279.8,60.0,0
2026-08-23 18:20:31.611,179.7,11.840,0.300,3.420,0.0,0.0,0.1361,11.54,333.0,0.99,279.8,60.0,0
2026-08-23 18:20:32.642,180.8,11.840,0.220,3.080,0.0,0.0,0.1370,11.60,331.8,0.99,278.7,60.0,0
2026-08-23 18:20:33.677,181.8,11.840,0.250,2.920,0.0,0.0,0.1379,11.67,331.9,0.99,279.1,60.0,0
2026-08-23 18:20:34.683,182.8,11.840,0.320,3.760,0.0,0.0,0.1389,11.76,331.3,0.99,277.6,60.0,0
2026-08-23 18:20:35.724,183.9,11.840,0.170,2.000,0.0,0.0,0.1395,11.81,331.9,0.99,278.5,60.0,0
2026-08-23 18:20:36.760,184.9,11.840,0.280,2.660,0.0,0.0,0.1403,11.89,332.3,0.99,279.1,60.0,0
2026-08-23 18:20:37.767,185.9,11.840,0.240,2.810,0.0,0.0,0.1410,11.96,331.4,0.99,277.6,60.0,0
2026-08-23 18:20:38.807,186.9,11.840,0.220,2.570,0.0,0.0,0.1418,12.02,331.6,0.99,278.2,60.0,0
2026-08-23 18:20:39.843,188.0,11.840,0.210,2.490,0.0,0.0,0.1425,12.08,332.3,0.99,279.1,60.0,0
2026-08-23 18:20:40.865,189.0,11.850,0.310,3.700,0.0,0.0,0.1436,12.17,332.3,0.99,279.1,60.0,0
2026-08-23 18:20:41.886,190.0,11.840,0.240,2.830,0.0,0.0,0.1444,12.24,332.3,0.99,278.5,60.0,0
2026-08-23 18:20:42.970,191.1,11.840,0.250,2.310,0.0,0.0,0.1451,12.31,333.1,0.99,280.4,60.0,0
2026-08-23 18:20:44.090,192.2,11.840,0.200,2.330,0.0,0.0,0.1458,12.38,333.3,0.99,280.6,60.0,0
2026-08-23 18:20:45.132,193.3,11.840,0.280,3.320,0.0,0.0,0.1467,12.46,332.4,0.99,278.6,60.6,0
2026-08-23 18:20:46.138,194.3,11.840,0.290,3.400,0.0,0.0,0.1477,12.54,332.6,0.99,279.1,60.0,0
2026-08-23 18:20:47.203,195.3,11.850,0.310,2.930,0.0,0.0,0.1486,12.63,332.0,0.99,278.4,60.6,0
2026-08-23 18:20:48.272,196.4,11.840,0.240,3.560,0.0,0.0,0.1496,12.70,332.6,0.99,279.1,60.6,0
2026-08-23 18:20:49.337,197.5,11.840,0.190,2.080,0.0,0.0,0.1502,12.76,332.5,0.99,278.9,60.6,0
2026-08-23 18:20:50.458,198.6,11.840,0.230,2.050,0.0,0.0,0.1509,12.83,331.6,0.99,278.3,60.6,0
2026-08-23 18:20:51.495,199.6,11.840,0.190,2.210,0.0,0.0,0.1515,12.88,332.6,0.99,279.4,60.0,0
2026-08-23 18:20:52.502,200.6,11.840,0.290,2.780,0.0,0.0,0.1523,12.96,331.7,0.99,278.2,60.0,0
2026-08-23 18:20:53.577,201.7,11.840,0.210,3.200,0.0,0.0,0.1532,13.03,332.1,0.99,279.1,60.0,0
2026-08-23 18:20:54.661,202.8,11.840,0.210,2.790,0.0,0.0,0.1541,13.09,333.8,0.99,281.8,60.0,0
2026-08-23 18:20:55.681,203.8,11.840,0.190,2.570,0.0,0.0,0.1548,13.14,333.8,0.99,281.5,60.0,0
2026-08-23 18:20:56.733,204.9,11.840,0.150,1.780,0.0,0.0,0.1553,13.19,332.6,0.99,279.2,60.0,0
2026-08-23 18:20:57.798,205.9,11.840,0.270,3.770,0.0,0.0,0.1564,13.27,332.7,0.99,279.9,60.0,0
2026-08-23 18:20:58.833,207.0,11.840,0.250,2.690,0.0,0.0,0.1572,13.34,333.0,0.99,279.7,60.6,0
2026-08-23 18:20:59.902,208.0,11.840,0.270,3.150,0.0,0.0,0.1581,13.42,332.1,0.99,278.7,60.0,0
2026-08-23 18:21:00.967,209.1,11.840,0.120,1.410,0.0,0.0,0.1586,13.46,332.6,0.99,279.6,60.0,0
2026-08-23 18:21:02.032,210.2,11.840,0.210,2.050,0.0,0.0,0.1592,13.52,332.6,0.99,279.2,60.6,0
2026-08-23 18:21:03.124,211.3,11.850,0.320,3.020,0.0,0.0,0.1601,13.61,332.3,0.99,278.4,60.6,0
2026-08-23 18:21:04.189,212.3,11.840,0.260,3.030,0.0,0.0,0.1610,13.69,331.8,0.99,278.8,60.0,0
2026-08-23 18:21:05.225,213.4,11.840,0.240,2.830,0.0,0.0,0.1618,13.76,331.6,0.99,277.8,60.0,0
2026-08-23 18:21:06.309,214.4,11.840,0.230,2.690,0.0,0.0,0.1626,13.83,333.5,0.99,280.4,60.6,0
2026-08-23 18:21:07.392,215.5,11.840,0.200,2.380,0.0,0.0,0.1633,13.89,333.0,0.99,279.9,60.0,0
2026-08-23 18:21:08.475,216.6,11.840,0.150,1.810,0.0,0.0,0.1639,13.94,333.7,0.99,281.5,60.0,0
2026-08-23 18:21:09.517,217.6,11.840,0.260,3.030,0.0,0.0,0.1647,14.01,332.4,0.99,278.5,60.0,0
2026-08-23 18:21:10.522,218.6,11.840,0.300,3.490,0.0,0.0,0.1657,14.09,331.6,0.99,278.4,60.6,0
2026-08-23 18:21:11.529,219.7,11.840,0.170,2.080,0.0,0.0,0.1663,14.14,331.3,0.99,278.1,60.0,0
2026-08-23 18:21:12.570,220.7,11.840,0.220,2.210,0.0,0.0,0.1669,14.21,332.4,0.99,279.0,60.0,0
2026-08-23 18:21:13.604,221.7,11.850,0.320,3.340,0.0,0.0,0.1679,14.30,333.0,0.99,279.5,60.0,0
2026-08-23 18:21:14.612,222.7,11.840,0.260,2.320,0.0,0.0,0.1685,14.37,332.3,0.99,279.3,60.6,0
2026-08-23 18:21:15.653,223.8,11.840,0.240,2.160,0.0,0.0,0.1692,14.44,332.8,0.99,279.6,60.0,0
2026-08-23 18:21:16.688,224.8,11.840,0.200,2.360,0.0,0.0,0.1699,14.50,333.1,0.99,279.5,60.6,0
2026-08-23 18:21:17.696,225.8,11.840,0.240,2.800,0.0,0.0,0.1706,14.56,332.2,0.99,278.9,60.6,0
2026-08-23 18:21:18.723,226.9,11.840,0.210,2.440,0.0,0.0,0.1713,14.62,333.3,0.99,280.1,60.0,0
2026-08-23 18:21:19.746,227.9,11.840,0.250,2.820,0.0,0.0,0.1721,14.70,333.2,0.99,280.4,60.0,0
2026-08-23 18:21:20.768,228.9,11.840,0.230,2.520,0.0,0.0,0.1728,14.76,333.3,0.99,280.3,60.0,0
2026-08-23 18:21:21.780,229.9,11.840,0.200,2.350,0.0,0.0,0.1735,14.82,331.8,0.99,278.5,60.0,0
2026-08-23 18:21:22.815,230.9,11.850,0.340,3.710,0.0,0.0,0.1746,14.91,332.3,0.99,279.1,60.6,0
2026-08-23 18:21:23.822,231.9,11.840,0.210,2.460,0.0,0.0,0.1753,14.97,331.9,0.99,279.0,60.6,0
2026-08-23 18:21:24.862,233.0,11.840,0.240,2.840,0.0,0.0,0.1761,15.04,332.5,0.99,279.4,60.6,0
2026-08-23 18:21:25.897,234.0,11.840,0.170,2.070,0.0,0.0,0.1767,15.09,332.5,0.99,278.9,60.0,0
2026-08-23 18:21:26.905,235.0,11.840,0.210,2.480,0.0,0.0,0.1774,15.15,331.6,0.99,278.2,60.6,0
2026-08-23 18:21:27.945,236.1,11.850,0.310,3.170,0.0,0.0,0.1783,15.24,332.4,0.99,279.1,60.0,0
2026-08-23 18:21:28.980,237.1,11.840,0.270,3.190,0.0,0.0,0.1792,15.32,332.5,0.99,279.1,60.6,0
2026-08-23 18:21:29.988,238.1,11.840,0.160,1.950,0.0,0.0,0.1798,15.36,331.8,0.99,278.8,60.6,0
2026-08-23 18:21:31.012,239.1,11.850,0.280,2.690,0.0,0.0,0.1805,15.44,333.4,0.99,280.7,60.6,0
2026-08-23 18:21:32.095,240.2,11.840,0.240,3.120,0.0,0.0,0.1815,15.51,334.0,0.99,281.6,60.6,0
2026-08-23 18:21:33.118,241.2,11.840,0.250,2.950,0.0,0.0,0.1823,15.58,333.4,0.99,280.3,60.6,0
2026-08-23 18:21:34.187,242.3,11.840,0.250,2.660,0.0,0.0,0.1831,15.66,332.2,0.99,278.8,60.6,0
2026-08-23 18:21:35.221,243.3,11.840,0.190,2.270,0.0,0.0,0.1837,15.71,333.4,0.99,279.9,60.6,0
2026-08-23 18:21:36.342,244.5,11.840,0.180,2.460,0.0,0.0,0.1845,15.77,333.1,0.99,279.7,60.6,0
2026-08-23 18:21:37.378,245.5,11.840,0.210,1.770,0.0,0.0,0.1850,15.83,332.1,0.99,278.4,60.6,0
2026-08-23 18:21:38.443,246.6,11.850,0.320,3.750,0.0,0.0,0.1861,15.92,333.2,0.99,280.3,60.6,0
2026-08-23 18:21:39.483,247.6,11.840,0.200,2.950,0.0,0.0,0.1870,15.98,333.1,0.99,280.0,60.0,0
2026-08-23 18:21:40.519,248.6,11.840,0.240,2.200,0.0,0.0,0.1876,16.05,332.9,0.99,279.0,60.6,0
2026-08-23 18:21:41.585,249.7,11.840,0.210,2.450,0.0,0.0,0.1883,16.11,333.6,0.99,280.7,60.6,0
2026-08-23 18:21:42.660,250.8,11.840,0.190,2.290,0.0,0.0,0.1890,16.17,332.1,0.98,277.9,60.6,0
2026-08-23 18:21:43.743,251.9,11.850,0.280,3.840,0.0,0.0,0.1902,16.25,334.3,0.99,281.8,60.0,0
2026-08-23 18:21:44.826,253.0,11.840,0.210,2.870,0.0,0.0,0.1910,16.32,333.6,0.99,281.2,60.0,0
2026-08-23 18:21:45.874,254.0,11.840,0.230,2.720,0.0,0.0,0.1918,16.38,333.6,0.99,280.9,60.6,0
2026-08-23 18:21:46.939,255.1,11.840,0.210,2.690,0.0,0.0,0.1926,16.45,332.2,0.99,278.7,60.6,0
2026-08-23 18:21:47.973,256.1,11.840,0.220,2.940,0.0,0.0,0.1935,16.51,333.3,0.99,280.0,60.6,0
2026-08-23 18:21:48.976,257.1,11.850,0.280,3.370,0.0,0.0,0.1944,16.59,333.1,0.99,279.7,60.6,0
2026-08-23 18:21:50.042,258.2,11.840,0.240,2.450,0.0,0.0,0.1951,16.66,332.7,0.99,279.5,60.6,0
2026-08-23 18:21:51.077,259.2,11.840,0.230,2.690,0.0,0.0,0.1959,16.73,333.5,0.99,280.2,60.6,0
2026-08-23 18:21:52.117,260.2,11.840,0.150,2.010,0.0,0.0,0.1965,16.77,333.3,0.99,280.8,60.6,0
2026-08-23 18:21:53.153,261.3,11.840,0.140,1.970,0.0,0.0,0.1971,16.81,332.8,0.99,279.4,60.6,0
2026-08-23 18:21:54.219,262.3,11.850,0.330,3.870,0.0,0.0,0.1982,16.91,333.2,0.99,280.2,60.6,0
2026-08-23 18:21:55.302,263.4,11.840,0.190,2.280,0.0,0.0,0.1989,16.96,333.8,0.99,281.4,60.6,0
2026-08-23 18:21:56.323,264.5,11.840,0.230,2.720,0.0,0.0,0.1997,17.03,334.6,0.99,282.5,60.6,0
2026-08-23 18:21:57.444,265.6,11.840,0.220,2.580,0.0,0.0,0.2005,17.10,334.0,0.99,281.2,60.0,0
2026-08-23 18:21:58.486,266.6,11.840,0.250,2.990,0.0,0.0,0.2013,17.17,332.9,0.99,279.6,60.6,0
2026-08-23 18:21:59.491,267.6,11.850,0.270,3.150,0.0,0.0,0.2022,17.25,332.5,0.99,279.3,60.6,0
2026-08-23 18:22:00.498,268.6,11.840,0.250,3.000,0.0,0.0,0.2030,17.32,331.8,0.99,278.7,60.6,0
2026-08-23 18:22:01.538,269.7,11.840,0.170,2.620,0.0,0.0,0.2038,17.36,333.3,0.99,280.6,60.6,0
2026-08-23 18:22:02.574,270.7,11.840,0.240,2.810,0.0,0.0,0.2046,17.43,333.4,0.99,280.0,60.6,0
2026-08-23 18:22:03.581,271.7,11.840,0.180,2.150,0.0,0.0,0.2052,17.48,332.9,0.99,279.8,60.0,0
2026-08-23 18:22:04.620,272.7,11.850,0.270,3.160,0.0,0.0,0.2061,17.56,333.4,0.99,280.1,60.6,0
2026-08-23 18:22:05.656,273.8,11.850,0.270,2.650,0.0,0.0,0.2069,17.64,332.7,0.99,279.4,60.6,0
2026-08-23 18:22:06.663,274.8,11.840,0.200,2.280,0.0,0.0,0.2075,17.70,333.6,0.99,280.1,60.6,0
2026-08-23 18:22:07.751,275.9,11.840,0.220,2.400,0.0,0.0,0.2082,17.76,334.0,0.99,282.0,60.6,0
2026-08-23 18:22:08.771,276.9,11.850,0.280,3.320,0.0,0.0,0.2092,17.84,333.3,0.99,280.0,60.6,0
2026-08-23 18:22:09.854,278.0,11.850,0.290,3.380,0.0,0.0,0.2102,17.93,333.1,0.99,280.7,60.6,0
2026-08-23 18:22:10.923,279.0,11.840,0.240,2.790,0.0,0.0,0.2110,18.00,332.7,0.99,279.2,60.6,0
2026-08-23 18:22:12.003,280.1,11.840,0.110,1.890,0.0,0.0,0.2116,18.03,333.1,0.99,279.4,60.0,0
2026-08-23 18:22:13.123,281.3,11.840,0.200,2.420,0.0,0.0,0.2124,18.10,332.1,0.99,279.0,60.0,0
2026-08-23 18:22:14.160,282.3,11.840,0.210,2.480,0.0,0.0,0.2131,18.16,333.6,0.99,280.5,60.6,0
2026-08-23 18:22:15.166,283.3,11.840,0.240,3.350,0.0,0.0,0.2140,18.22,332.6,0.99,278.8,60.0,0
2026-08-23 18:22:16.236,284.4,11.840,0.220,2.590,0.0,0.0,0.2148,18.29,332.5,0.99,278.8,60.6,0
2026-08-23 18:22:17.302,285.4,11.840,0.180,1.540,0.0,0.0,0.2152,18.34,333.2,0.99,280.5,60.6,0
2026-08-23 18:22:18.338,286.5,11.850,0.320,3.290,0.0,0.0,0.2162,18.43,331.4,0.98,277.2,60.0,0
2026-08-23 18:22:19.386,287.5,11.840,0.180,2.800,0.0,0.0,0.2170,18.49,332.6,0.99,279.3,60.6,0
2026-08-23 18:22:20.476,288.6,11.850,0.230,2.760,0.0,0.0,0.2178,18.56,333.7,0.99,280.9,60.6,0
2026-08-23 18:22:21.529,289.7,11.840,0.240,2.420,0.0,0.0,0.2185,18.63,334.2,0.99,282.1,60.6,0
2026-08-23 18:22:22.548,290.7,11.840,0.170,1.490,0.0,0.0,0.2190,18.67,334.1,0.99,281.4,60.0,0
2026-08-23 18:22:23.612,291.7,11.850,0.310,3.450,0.0,0.0,0.2200,18.77,331.8,0.99,278.5,60.0,0
2026-08-23 18:22:24.677,292.8,11.840,0.220,2.780,0.0,0.0,0.2208,18.83,332.9,0.99,279.5,60.0,0
2026-08-23 18:22:25.754,293.9,11.850,0.320,3.740,0.0,0.0,0.2219,18.93,333.5,0.99,279.9,60.0,0
2026-08-23 18:22:26.790,294.9,11.840,0.210,2.430,0.0,0.0,0.2226,18.99,333.3,0.99,279.8,60.0,0
2026-08-23 18:22:27.796,295.9,11.840,0.150,1.750,0.0,0.0,0.2231,19.03,332.6,0.99,279.4,60.6,0
2026-08-23 18:22:28.835,297.0,11.850,0.300,3.430,0.0,0.0,0.2241,19.12,332.4,0.99,279.2,60.6,0
2026-08-23 18:22:29.842,298.0,11.840,0.200,2.330,0.0,0.0,0.2247,19.17,332.1,0.99,278.5,60.6,0
2026-08-23 18:22:30.878,299.0,11.850,0.310,3.280,0.0,0.0,0.2257,19.26,332.3,0.99,279.2,60.6,0
2026-08-23 18:22:31.959,300.1,11.850,0.210,2.450,0.0,0.0,0.2264,19.32,333.1,0.99,280.0,60.6,0
2026-08-23 18:22:33.043,301.2,11.840,0.170,2.750,0.0,0.0,0.2273,19.37,333.6,0.99,281.3,60.0,0
2026-08-23 18:22:34.163,302.3,11.840,0.150,1.710,0.0,0.0,0.2278,19.42,334.3,0.99,281.7,60.6,0
2026-08-23 18:22:35.205,303.3,11.840,0.180,2.500,0.0,0.0,0.2285,19.47,332.7,0.99,279.2,60.6,0
2026-08-23 18:22:36.211,304.3,11.850,0.260,3.100,0.0,0.0,0.2294,19.55,332.9,0.99,279.6,60.6,0
2026-08-23 18:22:37.276,305.4,11.850,0.220,2.720,0.0,0.0,0.2302,19.61,332.4,0.99,279.3,60.6,0
2026-08-23 18:22:38.345,306.5,11.840,0.220,2.570,0.0,0.0,0.2309,19.68,333.2,0.99,279.7,60.6,0
2026-08-23 18:22:39.411,307.5,11.840,0.130,1.500,0.0,0.0,0.2314,19.71,332.7,0.99,279.4,60.6,0
2026-08-23 18:22:40.502,308.6,11.850,0.230,2.700,0.0,0.0,0.2322,19.78,332.9,0.99,279.5,60.6,0
2026-08-23 18:22:41.568,309.7,11.850,0.340,3.390,0.0,0.0,0.2332,19.89,333.0,0.99,280.2,60.0,0
2026-08-23 18:22:42.604,310.7,11.840,0.220,2.370,0.0,0.0,0.2339,19.95,332.6,0.99,279.0,60.6,0
2026-08-23 18:22:43.679,311.8,11.850,0.280,3.130,0.0,0.0,0.2348,20.03,333.0,0.99,279.6,60.6,0
2026-08-23 18:22:44.703,312.8,11.840,0.130,1.850,0.0,0.0,0.2354,20.07,333.8,0.99,281.6,60.6,0
2026-08-23 18:22:45.753,313.9,11.850,0.260,2.730,0.0,0.0,0.2362,20.14,334.0,0.99,282.0,60.6,0
2026-08-23 18:22:46.775,314.9,11.850,0.330,3.200,0.0,0.0,0.2371,20.24,333.4,0.99,280.8,60.6,0
2026-08-23 18:22:47.781,315.9,11.850,0.220,2.950,0.0,0.0,0.2379,20.30,333.2,0.99,280.0,60.6,0
2026-08-23 18:22:48.846,317.0,11.850,0.300,3.600,0.0,0.0,0.2389,20.39,332.4,0.99,279.3,60.6,0
2026-08-23 18:22:49.915,318.0,11.840,0.140,1.640,0.0,0.0,0.2394,20.43,333.4,0.99,279.9,60.6,0
2026-08-23 18:22:50.980,319.1,11.840,0.180,2.140,0.0,0.0,0.2401,20.48,332.8,0.99,279.9,60.0,0
2026-08-23 18:22:52.045,320.2,11.850,0.330,3.160,0.0,0.0,0.2410,20.58,332.5,0.99,279.2,60.6,0
2026-08-23 18:22:53.137,321.3,11.850,0.290,3.380,0.0,0.0,0.2420,20.67,333.9,0.99,280.6,60.6,0
2026-08-23 18:22:54.173,322.3,11.850,0.270,3.210,0.0,0.0,0.2430,20.75,332.6,0.99,278.5,60.6,0
2026-08-23 18:22:55.240,323.4,11.850,0.220,2.570,0.0,0.0,0.2437,20.81,332.8,0.99,279.9,60.6,0
2026-08-23 18:22:56.263,324.4,11.850,0.220,2.670,0.0,0.0,0.2445,20.87,333.0,0.99,279.8,60.6,0
2026-08-23 18:22:57.285,325.4,11.850,0.320,3.730,0.0,0.0,0.2455,20.97,333.4,0.99,280.1,60.6,0
2026-08-23 18:22:58.369,326.5,11.850,0.270,3.140,0.0,0.0,0.2465,21.05,333.7,0.99,281.3,60.6,0
2026-08-23 18:22:59.410,327.5,11.850,0.230,2.740,0.0,0.0,0.2473,21.11,332.5,0.99,278.9,60.6,0
2026-08-23 18:23:00.416,328.5,11.840,0.180,2.090,0.0,0.0,0.2479,21.16,333.0,0.99,279.6,60.6,0
2026-08-23 18:23:01.482,329.6,11.840,0.220,2.740,0.0,0.0,0.2487,21.23,332.5,0.99,279.2,60.6,0
2026-08-23 18:23:02.537,330.7,11.850,0.290,2.950,0.0,0.0,0.2495,21.31,333.4,0.99,280.5,60.6,0
2026-08-23 18:23:03.572,331.7,11.840,0.210,2.500,0.0,0.0,0.2502,21.37,333.3,0.99,280.3,60.6,0
2026-08-23 18:23:04.693,332.8,11.850,0.270,3.250,0.0,0.0,0.2513,21.46,333.0,0.99,279.8,60.0,0
2026-08-23 18:23:05.729,333.9,11.840,0.140,1.660,0.0,0.0,0.2517,21.50,332.6,0.99,279.0,60.6,0
2026-08-23 18:23:06.796,334.9,11.850,0.220,2.610,0.0,0.0,0.2525,21.56,332.4,0.99,279.3,60.6,0
2026-08-23 18:23:07.856,336.0,11.850,0.300,3.540,0.0,0.0,0.2536,21.65,333.1,0.99,279.6,60.6,0
2026-08-23 18:23:08.877,337.0,11.850,0.250,2.450,0.0,0.0,0.2542,21.72,334.2,0.99,281.9,60.6,0
2026-08-23 18:23:09.997,338.1,11.840,0.260,2.730,0.0,0.0,0.2551,21.80,333.7,0.99,280.7,60.6,0
2026-08-23 18:23:11.050,339.2,11.840,0.220,2.650,0.0,0.0,0.2559,21.87,333.4,0.99,281.1,60.6,0
2026-08-23 18:23:12.084,340.2,11.840,0.190,2.220,0.0,0.0,0.2565,21.92,332.4,0.99,279.2,60.6,0
2026-08-23 18:23:13.091,341.2,11.850,0.310,2.940,0.0,0.0,0.2573,22.01,332.4,0.99,279.5,60.6,0
2026-08-23 18:23:14.130,342.3,11.850,0.210,2.530,0.0,0.0,0.2581,22.07,332.8,0.99,279.7,60.6,0
2026-08-23 18:23:15.166,343.3,11.850,0.280,3.320,0.0,0.0,0.2590,22.15,333.2,0.99,279.9,60.6,0
2026-08-23 18:23:16.174,344.3,11.840,0.200,2.370,0.0,0.0,0.2597,22.21,332.3,0.99,279.4,60.6,0
2026-08-23 18:23:17.213,345.3,11.850,0.220,2.150,0.0,0.0,0.2603,22.27,333.8,0.99,281.1,60.6,0
2026-08-23 18:23:18.249,346.4,11.850,0.320,3.420,0.0,0.0,0.2613,22.36,333.4,0.99,280.1,60.6,0
2026-08-23 18:23:19.257,347.4,11.850,0.200,3.080,0.0,0.0,0.2621,22.42,332.6,0.99,279.8,60.6,0
2026-08-23 18:23:20.305,348.4,11.850,0.220,2.110,0.0,0.0,0.2628,22.48,333.1,0.99,280.0,60.6,0
2026-08-23 18:23:21.365,349.5,11.850,0.210,1.940,0.0,0.0,0.2633,22.54,334.0,0.99,281.7,60.6,0
2026-08-23 18:23:22.388,350.5,11.850,0.250,2.910,0.0,0.0,0.2642,22.62,334.1,0.99,281.9,60.6,0
2026-08-23 18:23:23.407,351.5,11.850,0.230,3.460,0.0,0.0,0.2651,22.68,333.3,0.99,280.8,60.6,0
2026-08-23 18:23:24.471,352.6,11.850,0.260,3.030,0.0,0.0,0.2660,22.76,333.5,0.99,280.3,60.6,0
2026-08-23 18:23:25.536,353.7,11.840,0.190,2.710,0.0,0.0,0.2668,22.81,333.4,0.99,280.0,60.6,0
2026-08-23 18:23:26.628,354.8,11.840,0.180,1.790,0.0,0.0,0.2674,22.87,332.1,0.99,278.6,60.6,0
2026-08-23 18:23:27.693,355.8,11.840,0.160,2.410,0.0,0.0,0.2681,22.92,333.4,0.99,280.4,60.0,0
2026-08-23 18:23:28.700,356.8,11.850,0.280,3.760,0.0,0.0,0.2691,22.99,332.5,0.99,279.3,60.6,0
2026-08-23 18:23:29.710,357.8,11.850,0.240,2.680,0.0,0.0,0.2699,23.06,334.4,0.99,281.9,60.6,0
2026-08-23 18:23:30.776,358.9,11.840,0.170,2.610,0.0,0.0,0.2707,23.11,334.2,0.99,281.9,60.6,0
2026-08-23 18:23:31.812,359.9,11.850,0.280,3.340,0.0,0.0,0.2716,23.19,333.7,0.99,280.3,60.6,0
2026-08-23 18:23:32.896,361.0,11.850,0.230,2.750,0.0,0.0,0.2725,23.26,334.3,0.99,282.6,61.1,0
2026-08-23 18:23:33.920,362.0,11.850,0.250,2.980,0.0,0.0,0.2733,23.33,333.7,0.99,280.4,60.6,0
2026-08-23 18:23:35.003,363.1,11.850,0.160,1.930,0.0,0.0,0.2739,23.38,334.4,0.99,282.5,61.1,0
2026-08-23 18:23:36.045,364.2,11.840,0.190,2.210,0.0,0.0,0.2745,23.44,332.9,0.99,279.4,60.6,0
2026-08-23 18:23:37.051,365.2,11.850,0.270,3.190,0.0,0.0,0.2754,23.51,332.9,0.99,279.7,60.6,0
2026-08-23 18:23:38.117,366.2,11.850,0.240,2.540,0.0,0.0,0.2762,23.58,332.7,0.99,279.7,60.6,0
2026-08-23 18:23:39.185,367.3,11.850,0.320,3.140,0.0,0.0,0.2771,23.68,333.5,0.99,280.3,61.1,0
2026-08-23 18:23:40.251,368.4,11.850,0.270,3.150,0.0,0.0,0.2780,23.76,333.2,0.99,280.1,60.6,0
2026-08-23 18:23:41.313,369.4,11.850,0.280,2.710,0.0,0.0,0.2788,23.84,332.5,0.99,279.3,61.1,0
2026-08-23 18:23:42.349,370.5,11.850,0.200,2.420,0.0,0.0,0.2795,23.90,332.7,0.99,279.7,60.6,0
2026-08-23 18:23:43.386,371.5,11.850,0.190,2.220,0.0,0.0,0.2802,23.95,333.2,0.99,279.9,60.6,0
2026-08-23 18:23:44.391,372.5,11.850,0.310,3.680,0.0,0.0,0.2812,24.04,333.3,0.99,280.8,60.6,0
2026-08-23 18:23:45.476,373.6,11.850,0.230,2.560,0.0,0.0,0.2820,24.11,334.1,0.99,282.3,61.1,0
2026-08-23 18:23:46.596,374.7,11.850,0.230,2.690,0.0,0.0,0.2828,24.18,334.5,0.99,282.3,61.1,0
2026-08-23 18:23:47.647,375.8,11.850,0.200,2.050,0.0,0.0,0.2834,24.24,333.7,0.99,280.7,60.6,0
2026-08-23 18:23:48.713,376.8,11.850,0.180,2.080,0.0,0.0,0.2840,24.29,333.9,0.99,281.8,60.6,0
2026-08-23 18:23:49.748,377.9,11.850,0.300,3.220,0.0,0.0,0.2849,24.38,334.0,0.99,281.1,60.6,0
2026-08-23 18:23:50.751,378.9,11.850,0.200,2.390,0.0,0.0,0.2856,24.43,332.7,0.99,279.4,60.6,0
2026-08-23 18:23:51.786,379.9,11.850,0.260,2.540,0.0,0.0,0.2863,24.51,334.2,0.99,281.3,61.1,0
2026-08-23 18:23:52.794,380.9,11.850,0.210,3.100,0.0,0.0,0.2872,24.57,333.2,0.99,280.5,61.1,0
2026-08-23 18:23:53.863,382.0,11.850,0.200,2.330,0.0,0.0,0.2879,24.63,333.9,0.99,280.7,60.6,0
2026-08-23 18:23:54.928,383.1,11.850,0.340,4.000,0.0,0.0,0.2891,24.73,333.1,0.99,280.0,60.6,0
2026-08-23 18:23:55.994,384.1,11.850,0.260,2.350,0.0,0.0,0.2898,24.80,332.9,0.99,279.7,60.6,0
2026-08-23 18:23:57.031,385.2,11.850,0.190,2.240,0.0,0.0,0.2904,24.86,334.5,0.99,281.5,60.6,0
2026-08-23 18:23:58.151,386.3,11.850,0.160,1.740,0.0,0.0,0.2910,24.91,334.8,1.00,283.5,60.6,0
2026-08-23 18:23:59.271,387.4,11.850,0.220,2.750,0.0,0.0,0.2918,24.98,334.5,0.99,282.2,61.1,0
2026-08-23 18:24:00.314,388.4,11.850,0.200,2.410,0.0,0.0,0.2925,25.03,334.1,0.99,280.9,60.6,0
2026-08-23 18:24:01.321,389.4,11.850,0.300,2.930,0.0,0.0,0.2933,25.12,334.1,0.99,281.2,60.6,0
2026-08-23 18:24:02.356,390.5,11.850,0.230,2.780,0.0,0.0,0.2941,25.18,333.3,0.99,280.5,61.1,0
2026-08-23 18:24:03.395,391.5,11.850,0.140,2.310,0.0,0.0,0.2948,25.22,334.1,0.99,281.0,60.6,0
2026-08-23 18:24:04.460,392.6,11.850,0.170,2.010,0.0,0.0,0.2954,25.27,333.5,0.99,280.4,60.6,0
2026-08-23 18:24:05.552,393.7,11.850,0.220,2.610,0.0,0.0,0.2962,25.34,333.2,0.99,280.0,60.6,0
2026-08-23 18:24:06.617,394.7,11.850,0.230,3.260,0.0,0.0,0.2972,25.41,333.7,0.99,281.1,60.6,0
2026-08-23 18:24:07.639,395.8,11.850,0.300,3.240,0.0,0.0,0.2981,25.49,333.1,0.99,279.9,61.1,0
2026-08-23 18:24:08.655,396.8,11.850,0.220,2.910,0.0,0.0,0.2989,25.56,333.7,0.99,280.7,60.6,0
2026-08-23 18:24:09.716,397.8,11.850,0.180,1.880,0.0,0.0,0.2995,25.61,334.3,0.99,282.5,61.1,0
2026-08-23 18:24:10.866,399.0,11.850,0.190,2.600,0.0,0.0,0.3003,25.67,334.3,0.99,282.4,60.6,0
2026-08-23 18:24:11.888,400.0,11.850,0.240,3.080,0.0,0.0,0.3012,25.74,334.3,0.99,281.9,61.1,0
2026-08-23 18:24:12.895,401.0,11.850,0.240,2.680,0.0,0.0,0.3019,25.81,333.7,0.99,281.1,61.1,0
2026-08-23 18:24:13.930,402.1,11.850,0.210,2.470,0.0,0.0,0.3026,25.87,334.3,0.99,281.2,61.1,0
2026-08-23 18:24:14.971,403.1,11.850,0.160,1.910,0.0,0.0,0.3032,25.91,334.0,0.99,280.9,60.6,0
2026-08-23 18:24:15.978,404.1,11.850,0.330,3.920,0.0,0.0,0.3043,26.00,334.0,0.99,281.2,60.6,0
2026-08-23 18:24:17.014,405.1,11.850,0.270,2.490,0.0,0.0,0.3050,26.08,333.4,0.99,280.2,61.1,0
2026-08-23 18:24:18.054,406.2,11.850,0.220,2.580,0.0,0.0,0.3057,26.15,334.2,0.99,281.3,61.1,0
2026-08-23 18:24:19.061,407.2,11.850,0.150,1.750,0.0,0.0,0.3062,26.19,334.8,0.99,282.1,60.6,0
2026-08-23 18:24:20.097,408.2,11.850,0.200,2.740,0.0,0.0,0.3070,26.25,334.1,0.99,281.2,60.6,0
2026-08-23 18:24:21.117,409.2,11.850,0.270,3.150,0.0,0.0,0.3079,26.32,334.7,0.99,282.3,61.1,0
2026-08-23 18:24:22.171,410.3,11.850,0.240,2.230,0.0,0.0,0.3086,26.39,335.4,1.00,284.0,60.6,0
2026-08-23 18:24:23.192,411.3,11.850,0.180,2.120,0.0,0.0,0.3092,26.44,334.0,0.99,281.0,61.1,0
2026-08-23 18:24:24.239,412.4,11.850,0.240,2.270,0.0,0.0,0.3098,26.51,333.9,0.99,281.4,61.1,0
2026-08-23 18:24:25.304,413.4,11.850,0.200,2.130,0.0,0.0,0.3104,26.57,334.4,0.99,281.3,60.6,0
2026-08-23 18:24:26.339,414.5,11.850,0.300,3.600,0.0,0.0,0.3115,26.66,333.3,0.99,280.5,60.6,0
2026-08-23 18:24:27.342,415.5,11.850,0.260,2.780,0.0,0.0,0.3123,26.73,334.3,0.99,281.3,61.1,0
2026-08-23 18:24:28.407,416.5,11.850,0.190,2.290,0.0,0.0,0.3129,26.79,333.7,0.99,280.7,60.6,0
2026-08-23 18:24:29.473,417.6,11.850,0.240,2.160,0.0,0.0,0.3136,26.86,333.4,0.99,280.4,61.1,0
2026-08-23 18:24:30.565,418.7,11.850,0.150,1.820,0.0,0.0,0.3141,26.90,334.7,0.99,282.1,60.6,0
2026-08-23 18:24:31.600,419.7,11.850,0.270,3.440,0.0,0.0,0.3151,26.98,334.4,0.99,281.0,61.1,0
2026-08-23 18:24:32.667,420.8,11.850,0.240,2.840,0.0,0.0,0.3160,27.05,334.9,0.99,282.8,61.1,0
2026-08-23 18:24:33.692,421.8,11.850,0.210,2.540,0.0,0.0,0.3167,27.11,334.9,0.99,283.0,60.6,0
2026-08-23 18:24:34.713,422.8,11.850,0.160,2.080,0.0,0.0,0.3173,27.16,335.0,1.00,283.6,61.1,0
2026-08-23 18:24:35.833,424.0,11.850,0.150,1.800,0.0,0.0,0.3178,27.20,335.1,1.00,283.7,60.6,0
2026-08-23 18:24:36.870,425.0,11.850,0.250,3.150,0.0,0.0,0.3187,27.28,333.4,0.99,280.6,60.6,0
2026-08-23 18:24:37.935,426.1,11.850,0.240,2.900,0.0,0.0,0.3196,27.35,333.0,0.99,279.9,60.6,0
2026-08-23 18:24:39.056,427.2,11.850,0.240,2.790,0.0,0.0,0.3205,27.42,333.9,0.99,281.5,61.1,0
2026-08-23 18:24:40.092,428.2,11.850,0.280,2.680,0.0,0.0,0.3212,27.50,334.7,0.99,281.9,61.1,0
2026-08-23 18:24:41.100,429.2,11.840,0.170,2.020,0.0,0.0,0.3218,27.55,333.7,0.99,280.6,60.6,0
2026-08-23 18:24:42.169,430.3,11.850,0.220,3.260,0.0,0.0,0.3228,27.62,333.5,0.99,280.5,60.6,0
2026-08-23 18:24:43.236,431.4,11.850,0.280,2.910,0.0,0.0,0.3236,27.70,335.0,0.99,282.6,61.1,0
2026-08-23 18:24:44.271,432.4,11.850,0.190,2.230,0.0,0.0,0.3243,27.75,334.4,0.99,281.0,60.6,0
2026-08-23 18:24:45.319,433.4,11.850,0.240,2.190,0.0,0.0,0.3249,27.82,333.8,0.99,281.7,60.6,0
2026-08-23 18:24:46.373,434.5,11.850,0.180,2.110,0.0,0.0,0.3255,27.88,335.1,0.99,283.0,60.6,0
2026-08-23 18:24:47.457,435.6,11.850,0.280,3.350,0.0,0.0,0.3265,27.96,334.5,0.99,282.4,60.6,0
2026-08-23 18:24:48.505,436.6,11.850,0.280,3.300,0.0,0.0,0.3275,28.04,334.3,0.99,282.2,60.6,0
2026-08-23 18:24:49.570,437.7,11.850,0.190,2.290,0.0,0.0,0.3282,28.10,333.5,0.99,280.8,60.6,0
2026-08-23 18:24:50.605,438.7,11.850,0.130,2.170,0.0,0.0,0.3288,28.14,334.3,0.99,281.4,60.6,0
2026-08-23 18:24:51.607,439.7,11.850,0.310,3.670,0.0,0.0,0.3298,28.22,333.4,0.99,280.6,60.6,0
2026-08-23 18:24:52.673,440.8,11.850,0.190,2.240,0.0,0.0,0.3305,28.28,333.6,0.99,280.4,60.6,0
2026-08-23 18:24:53.708,441.8,11.850,0.160,1.890,0.0,0.0,0.3310,28.32,333.9,0.99,280.9,61.1,0
2026-08-23 18:24:54.799,442.9,11.850,0.180,2.160,0.0,0.0,0.3317,28.38,333.2,0.99,280.3,60.6,0
2026-08-23 18:24:55.865,444.0,11.850,0.150,2.210,0.0,0.0,0.3323,28.42,333.4,0.99,280.8,60.6,0
2026-08-23 18:24:56.931,445.1,11.850,0.220,1.940,0.0,0.0,0.3329,28.49,333.9,0.99,282.0,60.6,0
2026-08-23 18:24:57.985,446.1,11.850,0.240,2.900,0.0,0.0,0.3338,28.56,335.1,0.99,282.7,60.6,0
2026-08-23 18:24:59.068,447.2,11.850,0.260,2.740,0.0,0.0,0.3346,28.64,334.0,0.99,281.9,60.6,0
2026-08-23 18:25:00.092,448.2,11.850,0.160,1.900,0.0,0.0,0.3351,28.68,333.6,0.99,280.5,60.6,0
2026-08-23 18:25:01.105,449.2,11.850,0.160,2.240,0.0,0.0,0.3358,28.73,333.8,0.99,281.2,60.6,0
2026-08-23 18:25:02.140,450.3,11.850,0.260,3.050,0.0,0.0,0.3366,28.80,334.4,0.99,281.8,60.6,0
2026-08-23 18:25:03.147,451.3,11.850,0.230,2.750,0.0,0.0,0.3374,28.87,333.7,0.99,281.0,60.6,0
2026-08-23 18:25:04.187,452.3,11.850,0.150,1.830,0.0,0.0,0.3379,28.91,334.1,0.99,281.5,60.6,0
2026-08-23 18:25:05.223,453.3,11.840,0.140,1.670,0.0,0.0,0.3384,28.95,333.7,0.99,280.5,60.6,0
2026-08-23 18:25:06.231,454.4,11.850,0.180,2.150,0.0,0.0,0.3390,29.00,333.1,0.99,280.4,60.6,0
2026-08-23 18:25:07.271,455.4,11.850,0.300,3.500,0.0,0.0,0.3400,29.09,333.2,0.99,280.5,60.6,0
2026-08-23 18:25:08.307,456.4,11.850,0.240,2.800,0.0,0.0,0.3408,29.16,332.9,0.99,279.8,60.6,0
2026-08-23 18:25:09.329,457.5,11.850,0.200,2.330,0.0,0.0,0.3415,29.21,333.2,0.99,280.0,60.6,0
2026-08-23 18:25:10.357,458.5,11.850,0.320,3.750,0.0,0.0,0.3426,29.30,334.7,0.99,282.1,60.6,0
2026-08-23 18:25:11.440,459.6,11.850,0.220,2.630,0.0,0.0,0.3433,29.37,335.3,1.00,283.8,60.6,0
2026-08-23 18:25:12.487,460.6,11.850,0.300,3.490,0.0,0.0,0.3444,29.46,334.8,0.99,282.6,60.6,0
2026-08-23 18:25:13.523,461.6,11.850,0.220,2.960,0.0,0.0,0.3452,29.52,334.4,0.99,281.3,60.6,0
2026-08-23 18:25:14.529,462.7,11.850,0.210,1.790,0.0,0.0,0.3457,29.58,333.5,0.99,280.5,60.6,0
2026-08-23 18:25:15.570,463.7,11.850,0.210,2.240,0.0,0.0,0.3464,29.64,334.2,0.99,281.4,60.6,0
2026-08-23 18:25:16.606,464.7,11.850,0.260,3.130,0.0,0.0,0.3473,29.71,334.0,0.99,281.0,60.6,0
2026-08-23 18:25:17.613,465.7,11.850,0.250,2.480,0.0,0.0,0.3480,29.78,332.9,0.99,279.5,60.6,0
2026-08-23 18:25:18.653,466.8,11.850,0.210,2.390,0.0,0.0,0.3486,29.85,332.6,0.99,279.6,60.6,0
2026-08-23 18:25:19.689,467.8,11.850,0.170,1.980,0.0,0.0,0.3492,29.89,333.4,0.99,280.9,60.6,0
2026-08-23 18:25:20.726,468.9,11.850,0.190,2.280,0.0,0.0,0.3499,29.95,332.8,0.99,279.3,60.6,0
2026-08-23 18:25:21.732,469.9,11.850,0.310,3.690,0.0,0.0,0.3509,30.04,333.0,0.99,280.1,60.6,0
2026-08-23 18:25:22.852,471.0,11.850,0.220,2.730,0.0,0.0,0.3518,30.10,334.2,0.99,281.4,60.6,0
2026-08-23 18:25:23.906,472.0,11.850,0.290,2.870,0.0,0.0,0.3526,30.19,334.3,0.99,282.3,60.6,0
2026-08-23 18:25:24.927,473.1,11.850,0.190,2.200,0.0,0.0,0.3532,30.24,334.4,0.99,282.3,60.6,0
2026-08-23 18:25:25.962,474.1,11.850,0.230,2.350,0.0,0.0,0.3539,30.31,333.8,0.99,280.7,60.6,0
2026-08-23 18:25:27.028,475.2,11.850,0.280,3.140,0.0,0.0,0.3548,30.39,333.9,0.99,281.3,60.6,0
2026-08-23 18:25:28.082,476.2,11.850,0.230,2.180,0.0,0.0,0.3555,30.46,333.6,0.99,280.4,60.6,0
2026-08-23 18:25:29.163,477.3,11.850,0.270,2.680,0.0,0.0,0.3563,30.54,333.3,0.99,280.1,60.6,0
2026-08-23 18:25:30.163,478.3,11.850,0.300,3.510,0.0,0.0,0.3572,30.62,333.1,0.99,279.3,60.6,0
2026-08-23 18:25:31.218,479.3,11.850,0.240,2.830,0.0,0.0,0.3581,30.69,332.6,0.99,279.5,60.6,0
2026-08-23 18:25:32.284,480.4,11.850,0.310,2.960,0.0,0.0,0.3589,30.79,332.9,0.99,279.6,60.6,0
2026-08-23 18:25:33.319,481.4,11.850,0.180,2.140,0.0,0.0,0.3596,30.84,334.0,0.99,280.7,60.6,0
2026-08-23 18:25:34.421,482.5,11.850,0.250,2.920,0.0,0.0,0.3605,30.91,333.6,0.99,281.2,60.6,0
2026-08-23 18:25:35.541,483.7,11.850,0.180,2.160,0.0,0.0,0.3611,30.97,334.2,0.99,282.1,60.6,0
2026-08-23 18:25:36.661,484.8,11.850,0.260,3.100,0.0,0.0,0.3621,31.05,334.4,0.99,282.3,60.6,0
2026-08-23 18:25:37.700,485.8,11.850,0.230,2.430,0.0,0.0,0.3628,31.12,333.7,0.99,280.3,61.1,0
2026-08-23 18:25:38.765,486.9,11.850,0.270,2.500,0.0,0.0,0.3635,31.20,333.1,0.99,279.8,60.6,0
2026-08-23 18:25:39.841,488.0,11.850,0.190,2.370,0.0,0.0,0.3642,31.25,332.5,0.99,279.5,60.6,0
2026-08-23 18:25:40.878,489.0,11.850,0.200,2.090,0.0,0.0,0.3648,31.31,332.8,0.99,279.5,60.6,0
2026-08-23 18:25:41.944,490.1,11.850,0.250,2.960,0.0,0.0,0.3657,31.39,333.1,0.99,280.1,60.6,0
2026-08-23 18:25:42.984,491.1,11.850,0.200,2.350,0.0,0.0,0.3664,31.44,332.5,0.99,279.0,60.6,0
2026-08-23 18:25:44.020,492.1,11.850,0.280,3.280,0.0,0.0,0.3673,31.52,333.0,0.99,280.3,60.6,0
2026-08-23 18:25:45.056,493.2,11.850,0.190,2.230,0.0,0.0,0.3680,31.58,332.0,0.99,278.3,60.6,0
2026-08-23 18:25:46.065,494.2,11.850,0.150,1.520,0.0,0.0,0.3684,31.62,332.4,0.99,279.1,60.0,0
2026-08-23 18:25:47.086,495.2,11.850,0.270,2.540,0.0,0.0,0.3691,31.70,334.5,0.99,282.3,60.0,0
2026-08-23 18:25:48.206,496.3,11.850,0.190,2.720,0.0,0.0,0.3700,31.76,333.8,0.99,280.7,60.6,0
2026-08-23 18:25:49.258,497.4,11.850,0.310,3.790,0.0,0.0,0.3711,31.85,333.4,0.99,281.2,60.6,0
2026-08-23 18:25:50.293,498.4,11.850,0.190,2.250,0.0,0.0,0.3717,31.90,332.9,0.99,280.0,60.6,0
2026-08-23 18:25:51.330,499.5,11.850,0.250,2.920,0.0,0.0,0.3726,31.97,332.5,0.99,279.2,60.6,0
2026-08-23 18:25:52.340,500.5,11.860,0.330,3.370,1.0,4.4,0.3735,32.07,333.0,0.99,280.4,60.6,0
2026-08-23 18:25:53.375,501.5,11.850,0.230,2.710,0.0,0.0,0.3743,32.13,333.0,0.99,279.6,60.6,0
2026-08-23 18:25:54.456,502.6,11.850,0.290,3.490,0.0,0.0,0.3753,32.22,333.3,0.99,280.3,60.0,0
2026-08-23 18:25:55.496,503.6,11.850,0.170,2.010,0.0,0.0,0.3759,32.27,333.2,0.99,279.9,60.6,0
2026-08-23 18:25:56.532,504.7,11.850,0.120,2.080,0.0,0.0,0.3765,32.30,333.2,0.99,280.1,60.6,0
2026-08-23 18:25:57.597,505.7,11.850,0.300,3.550,0.0,0.0,0.3776,32.39,333.2,0.99,279.9,60.6,0
2026-08-23 18:25:58.730,506.9,11.850,0.230,2.300,0.0,0.0,0.3783,32.46,333.9,0.99,280.8,60.6,0
2026-08-23 18:25:59.814,507.9,11.850,0.290,3.500,0.0,0.0,0.3794,32.55,333.7,0.99,281.3,60.6,0
2026-08-23 18:26:00.934,509.1,11.850,0.310,3.660,0.0,0.0,0.3805,32.65,334.4,0.99,281.9,60.6,0
2026-08-23 18:26:01.962,510.1,11.850,0.280,3.330,0.0,0.0,0.3814,32.73,334.2,0.99,281.1,60.0,0
2026-08-23 18:26:02.997,511.1,11.850,0.200,2.320,0.0,0.0,0.3821,32.79,333.8,0.99,280.6,60.6,0
2026-08-23 18:26:04.005,512.1,11.850,0.210,2.930,0.0,0.0,0.3829,32.84,333.9,0.99,281.5,60.0,0
2026-08-23 18:26:05.074,513.2,11.850,0.250,2.240,0.0,0.0,0.3836,32.92,334.3,0.99,281.2,60.6,0
2026-08-23 18:26:06.139,514.3,11.850,0.310,3.690,0.0,0.0,0.3847,33.01,333.5,0.99,280.7,61.1,0
2026-08-23 18:26:07.230,515.4,11.850,0.230,2.040,0.0,0.0,0.3853,33.08,333.2,0.99,280.4,60.6,0
2026-08-23 18:26:08.296,516.4,11.850,0.180,1.860,0.0,0.0,0.3859,33.13,334.0,0.99,281.1,60.6,0
2026-08-23 18:26:09.303,517.4,11.850,0.270,3.210,0.0,0.0,0.3868,33.21,332.6,0.99,279.3,60.6,0
2026-08-23 18:26:10.379,518.5,11.850,0.240,3.030,0.0,0.0,0.3877,33.28,333.5,0.99,280.9,60.6,0
2026-08-23 18:26:11.400,519.5,11.850,0.290,3.030,0.0,0.0,0.3885,33.36,334.7,0.99,282.7,60.6,0
2026-08-23 18:26:12.520,520.6,11.850,0.220,3.300,0.0,0.0,0.3895,33.43,333.7,0.99,280.7,60.6,0
2026-08-23 18:26:13.572,521.7,11.850,0.270,2.640,0.0,0.0,0.3903,33.51,333.9,0.99,281.4,61.1,0
2026-08-23 18:26:14.607,522.7,11.850,0.250,2.810,0.0,0.0,0.3911,33.58,333.2,0.99,280.0,60.6,0
2026-08-23 18:26:15.614,523.7,11.850,0.200,2.010,0.0,0.0,0.3917,33.64,332.8,0.99,279.8,60.6,0
2026-08-23 18:26:16.653,524.8,11.850,0.280,3.310,0.0,0.0,0.3926,33.72,333.2,0.99,280.3,61.1,0
2026-08-23 18:26:17.688,525.8,11.850,0.250,2.220,0.0,0.0,0.3933,33.79,333.4,0.99,280.5,60.6,0
2026-08-23 18:26:18.711,526.8,11.850,0.190,2.280,0.0,0.0,0.3939,33.84,333.6,0.99,280.6,60.6,0
2026-08-23 18:26:19.714,527.8,11.850,0.170,2.020,0.0,0.0,0.3945,33.89,334.2,0.99,281.1,60.6,0
2026-08-23 18:26:20.750,528.9,11.850,0.280,2.590,0.0,0.0,0.3952,33.97,334.0,0.99,281.0,60.6,0
2026-08-23 18:26:21.757,529.9,11.850,0.240,2.470,0.0,0.0,0.3959,34.04,333.4,0.99,280.7,60.6,0
2026-08-23 18:26:22.835,531.0,11.850,0.280,3.360,0.0,0.0,0.3969,34.12,333.7,0.99,280.8,61.1,0
2026-08-23 18:26:23.919,532.0,11.850,0.160,2.060,0.0,0.0,0.3976,34.17,334.5,0.99,282.6,60.6,0
2026-08-23 18:26:24.922,533.0,11.850,0.200,2.410,0.0,0.0,0.3982,34.23,334.9,0.99,282.5,61.1,0
2026-08-23 18:26:25.988,534.1,11.850,0.320,3.320,0.0,0.0,0.3992,34.32,334.6,0.99,282.7,60.6,0
2026-08-23 18:26:27.024,535.2,11.850,0.240,2.820,0.0,0.0,0.4000,34.39,333.4,0.99,280.1,60.6,0
2026-08-23 18:26:28.089,536.2,11.850,0.240,3.490,0.0,0.0,0.4011,34.46,333.4,0.99,280.6,60.6,0
2026-08-23 18:26:29.130,537.3,11.850,0.180,2.100,0.0,0.0,0.4017,34.51,334.5,0.99,281.9,61.1,0
2026-08-23 18:26:30.165,538.3,11.850,0.170,2.060,0.0,0.0,0.4023,34.56,334.5,0.99,281.3,60.6,0
2026-08-23 18:26:31.231,539.4,11.850,0.260,2.300,0.0,0.0,0.4029,34.64,334.3,0.99,282.0,61.1,0
2026-08-23 18:26:32.241,540.4,11.850,0.230,2.140,0.0,0.0,0.4035,34.70,333.6,0.99,280.6,60.6,0
2026-08-23 18:26:33.307,541.4,11.850,0.200,3.070,0.0,0.0,0.4044,34.76,334.5,0.99,282.0,61.1,0
2026-08-23 18:26:34.343,542.5,11.850,0.170,2.070,0.0,0.0,0.4050,34.81,334.1,0.99,281.3,60.6,0
2026-08-23 18:26:35.430,543.6,11.850,0.180,2.520,0.0,0.0,0.4058,34.87,335.3,1.00,284.2,60.6,0
2026-08-23 18:26:36.451,544.6,11.860,0.340,3.970,1.0,4.4,0.4069,34.96,334.8,1.00,283.2,61.1,0
2026-08-23 18:26:37.475,545.6,11.850,0.230,2.700,0.0,0.0,0.4077,35.03,334.7,0.99,282.3,60.6,0
2026-08-23 18:26:38.558,546.7,11.850,0.270,3.190,0.0,0.0,0.4087,35.11,333.5,0.99,280.3,60.6,0
2026-08-23 18:26:39.623,547.8,11.850,0.230,2.000,0.0,0.0,0.4092,35.18,333.1,0.99,279.9,60.6,0
2026-08-23 18:26:40.714,548.8,11.850,0.230,2.730,0.0,0.0,0.4101,35.25,333.1,0.99,280.3,61.1,0
2026-08-23 18:26:41.721,549.8,11.850,0.280,3.460,0.0,0.0,0.4110,35.33,333.4,0.99,280.0,61.1,0
2026-08-23 18:26:42.757,550.9,11.850,0.200,2.370,0.0,0.0,0.4117,35.38,333.2,0.99,280.8,60.6,0
2026-08-23 18:26:43.797,551.9,11.850,0.200,2.990,0.0,0.0,0.4126,35.44,333.6,0.99,280.5,60.6,0
2026-08-23 18:26:44.833,553.0,11.850,0.160,1.310,0.0,0.0,0.4130,35.49,333.7,0.99,280.3,60.6,0
2026-08-23 18:26:45.900,554.0,11.850,0.220,3.170,0.0,0.0,0.4139,35.55,332.9,0.99,280.4,60.6,0
2026-08-23 18:26:46.975,555.1,11.850,0.260,3.090,0.0,0.0,0.4148,35.63,333.1,0.99,280.0,60.6,0
2026-08-23 18:26:48.000,556.1,11.850,0.210,3.170,0.0,0.0,0.4157,35.69,334.8,0.99,282.6,60.6,0
2026-08-23 18:26:49.021,557.1,11.850,0.230,2.170,0.0,0.0,0.4163,35.76,335.0,0.99,282.8,60.6,0
2026-08-23 18:26:50.073,558.2,11.850,0.180,2.180,0.0,0.0,0.4170,35.81,334.2,0.99,281.6,60.6,0
2026-08-23 18:26:51.108,559.2,11.850,0.220,2.380,0.0,0.0,0.4177,35.87,333.3,0.99,280.5,60.6,0
2026-08-23 18:26:52.174,560.3,11.850,0.300,3.590,0.0,0.0,0.4187,35.96,333.0,0.99,280.1,60.6,0
2026-08-23 18:26:53.214,561.3,11.850,0.220,2.590,0.0,0.0,0.4195,36.02,333.1,0.99,280.6,61.1,0
2026-08-23 18:26:54.250,562.4,11.850,0.250,2.330,0.0,0.0,0.4201,36.10,333.9,0.99,281.0,60.6,0
2026-08-23 18:26:55.345,563.5,11.850,0.130,1.510,0.0,0.0,0.4206,36.14,333.9,0.99,280.9,60.6,0
2026-08-23 18:26:56.385,564.5,11.850,0.210,2.460,0.0,0.0,0.4213,36.20,333.4,0.99,280.4,61.1,0
2026-08-23 18:26:57.451,565.6,11.850,0.300,3.590,0.0,0.0,0.4224,36.28,333.1,0.99,279.9,61.1,0
2026-08-23 18:26:58.487,566.6,11.850,0.190,2.290,0.0,0.0,0.4230,36.34,333.5,0.99,280.4,60.6,0
2026-08-23 18:26:59.524,567.7,11.850,0.210,1.800,0.0,0.0,0.4236,36.40,335.1,0.99,283.1,61.1,0
2026-08-23 18:27:00.644,568.8,11.850,0.160,1.870,0.0,0.0,0.4241,36.45,334.5,0.99,282.3,60.6,0
2026-08-23 18:27:01.765,569.9,11.860,0.320,3.700,1.0,4.4,0.4253,36.55,335.0,0.99,282.9,61.1,0
2026-08-23 18:27:02.807,570.9,11.850,0.270,3.240,0.0,0.0,0.4262,36.63,333.6,0.99,280.5,60.6,0
2026-08-23 18:27:03.815,571.9,11.850,0.280,3.660,0.0,0.0,0.4273,36.71,333.9,0.99,281.5,60.6,0
2026-08-23 18:27:04.850,573.0,11.850,0.290,3.430,0.0,0.0,0.4282,36.79,333.6,0.99,280.7,61.1,0
2026-08-23 18:27:05.890,574.0,11.850,0.210,2.500,0.0,0.0,0.4290,36.85,333.9,0.99,280.7,60.6,0
2026-08-23 18:27:06.926,575.1,11.850,0.190,1.940,0.0,0.0,0.4295,36.90,333.4,0.99,280.3,60.6,0
2026-08-23 18:27:08.018,576.1,11.850,0.160,2.420,0.0,0.0,0.4303,36.95,333.2,0.99,280.9,60.6,0
2026-08-23 18:27:09.084,577.2,11.850,0.260,3.080,0.0,0.0,0.4312,37.03,333.5,0.99,281.0,60.6,0
2026-08-23 18:27:10.120,578.2,11.850,0.240,3.180,0.0,0.0,0.4321,37.10,333.9,0.99,280.8,61.1,0
2026-08-23 18:27:11.136,579.3,11.850,0.160,1.890,0.0,0.0,0.4326,37.14,333.7,0.99,280.3,60.6,0
2026-08-23 18:27:12.226,580.4,11.850,0.280,2.750,0.0,0.0,0.4334,37.23,334.3,0.99,282.2,60.6,0
2026-08-23 18:27:13.317,581.4,11.850,0.190,2.230,0.0,0.0,0.4341,37.29,334.9,0.99,283.2,60.6,0
2026-08-23 18:27:14.336,582.5,11.850,0.240,2.830,0.0,0.0,0.4349,37.35,333.3,0.99,281.0,60.6,0
2026-08-23 18:27:15.371,583.5,11.850,0.260,2.340,0.0,0.0,0.4356,37.43,333.6,0.99,280.8,60.6,0
2026-08-23 18:27:16.406,584.5,11.850,0.210,2.510,0.0,0.0,0.4363,37.49,333.9,0.99,280.8,61.1,0
2026-08-23 18:27:17.446,585.6,11.850,0.170,2.040,0.0,0.0,0.4369,37.54,333.6,0.99,280.3,61.1,0
2026-08-23 18:27:18.453,586.6,11.850,0.290,3.360,0.0,0.0,0.4378,37.62,333.9,0.99,281.0,60.6,0
2026-08-23 18:27:19.489,587.6,11.850,0.200,2.070,0.0,0.0,0.4384,37.68,333.5,0.99,280.4,60.6,0
2026-08-23 18:27:20.529,588.7,11.850,0.200,2.380,0.0,0.0,0.4391,37.74,332.7,0.99,279.4,60.6,0
2026-08-23 18:27:21.567,589.7,11.850,0.180,1.530,0.0,0.0,0.4396,37.79,333.3,0.99,279.7,60.6,0
2026-08-23 18:27:22.575,590.7,11.850,0.170,2.680,0.0,0.0,0.4403,37.83,333.8,0.99,281.3,60.6,0
2026-08-23 18:27:23.653,591.8,11.860,0.310,3.680,1.0,4.4,0.4414,37.93,333.3,0.99,280.6,60.6,0
2026-08-23 18:27:24.677,592.8,11.850,0.230,2.480,0.0,0.0,0.4421,37.99,334.0,0.99,281.3,61.1,0
2026-08-23 18:27:25.731,593.9,11.850,0.220,2.640,0.0,0.0,0.4429,38.06,333.5,0.99,280.4,60.6,0
2026-08-23 18:27:26.801,594.9,11.850,0.140,1.690,0.0,0.0,0.4434,38.10,334.6,0.99,282.4,60.6,0
2026-08-23 18:27:27.808,595.9,11.850,0.180,2.070,0.0,0.0,0.4440,38.15,332.9,0.99,279.5,60.6,0
2026-08-23 18:27:28.844,597.0,11.860,0.280,3.460,1.0,4.4,0.4450,38.23,333.0,0.99,280.2,60.6,0
2026-08-23 18:27:29.883,598.0,11.850,0.220,2.610,0.0,0.0,0.4457,38.29,332.7,0.99,279.6,60.6,0
2026-08-23 18:27:30.920,599.0,11.850,0.200,2.340,0.0,0.0,0.4464,38.35,333.2,0.99,280.0,60.6,0
2026-08-23 18:27:31.986,600.1,11.850,0.200,2.150,0.0,0.0,0.4470,38.41,333.2,0.99,280.4,60.6,0
2026-08-23 18:27:33.040,601.2,11.850,0.190,1.630,0.0,0.0,0.4475,38.47,333.0,0.99,280.1,60.6,0
2026-08-23 18:27:34.077,602.2,11.860,0.280,3.310,1.0,4.4,0.4485,38.55,332.2,0.99,278.4,60.6,0
2026-08-23 18:27:35.143,603.3,11.850,0.180,2.190,0.0,0.0,0.4491,38.60,333.9,0.99,281.3,60.6,0
2026-08-23 18:27:36.234,604.4,11.850,0.230,2.670,0.0,0.0,0.4499,38.67,333.6,0.99,280.7,60.6,0
2026-08-23 18:27:37.259,605.4,11.850,0.160,1.950,0.0,0.0,0.4505,38.72,334.8,1.00,283.6,61.1,0
2026-08-23 18:27:38.365,606.5,11.850,0.240,2.900,0.0,0.0,0.4514,38.79,332.9,0.99,279.9,60.6,0
2026-08-23 18:27:39.448,607.6,11.850,0.290,2.650,0.0,0.0,0.4522,38.88,333.2,0.99,279.5,60.6,0
2026-08-23 18:27:40.528,608.7,11.850,0.270,3.250,0.0,0.0,0.4532,38.96,333.4,0.99,280.0,60.6,0
2026-08-23 18:27:41.583,609.7,11.860,0.260,3.110,1.0,4.4,0.4541,39.03,333.1,0.99,279.5,60.0,0
2026-08-23 18:27:42.619,610.7,11.850,0.240,2.630,0.0,0.0,0.4548,39.10,333.0,0.99,279.5,60.6,0
2026-08-23 18:27:43.685,611.8,11.850,0.190,2.300,0.0,0.0,0.4555,39.16,333.4,0.99,280.5,60.6,0
2026-08-23 18:27:44.740,612.9,11.850,0.190,2.630,0.0,0.0,0.4563,39.21,333.7,0.99,280.3,60.6,0
2026-08-23 18:27:45.777,613.9,11.850,0.230,3.360,0.0,0.0,0.4572,39.28,332.1,0.99,278.5,60.6,0
2026-08-23 18:27:46.844,615.0,11.850,0.230,3.440,0.0,0.0,0.4583,39.35,334.4,0.99,282.0,60.6,0
2026-08-23 18:27:47.918,616.0,11.850,0.160,2.350,0.0,0.0,0.4590,39.40,333.7,0.99,280.7,60.6,0
2026-08-23 18:27:49.002,617.1,11.850,0.260,3.110,0.0,0.0,0.4599,39.47,334.0,0.99,281.9,60.6,0
2026-08-23 18:27:50.026,618.2,11.850,0.140,2.250,0.0,0.0,0.4605,39.51,334.8,0.99,282.8,60.6,0
2026-08-23 18:27:51.075,619.2,11.850,0.240,2.830,0.0,0.0,0.4614,39.58,334.4,0.99,281.8,60.6,0
2026-08-23 18:27:52.110,620.2,11.850,0.280,2.620,0.0,0.0,0.4621,39.67,333.7,0.99,280.8,60.6,0
2026-08-23 18:27:53.117,621.2,11.850,0.180,2.460,0.0,0.0,0.4628,39.72,332.5,0.99,279.4,60.6,0
2026-08-23 18:27:54.186,622.3,11.850,0.170,2.430,0.0,0.0,0.4635,39.77,333.2,0.99,280.1,60.6,0
2026-08-23 18:27:55.252,623.4,11.850,0.170,1.980,0.0,0.0,0.4641,39.82,333.3,0.99,280.1,60.6,0
2026-08-23 18:27:56.286,624.4,11.850,0.220,3.350,0.0,0.0,0.4651,39.88,333.7,0.99,280.6,60.6,0
2026-08-23 18:27:57.378,625.5,11.860,0.300,2.830,1.0,4.4,0.4659,39.97,333.3,0.99,280.6,60.0,0
2026-08-23 18:27:58.445,626.6,11.850,0.190,1.750,0.0,0.0,0.4664,40.03,334.1,0.99,281.3,60.6,0
2026-08-23 18:27:59.480,627.6,11.850,0.150,2.430,0.0,0.0,0.4671,40.07,333.7,0.99,280.5,60.0,0
2026-08-23 18:28:00.535,628.7,11.850,0.150,2.430,0.0,0.0,0.4679,40.11,334.2,0.99,282.0,60.6,0
2026-08-23 18:28:01.560,629.7,11.860,0.300,3.500,1.0,4.4,0.4689,40.20,334.6,1.00,283.1,60.6,0
2026-08-23 18:28:02.585,630.7,11.850,0.220,1.950,0.0,0.0,0.4694,40.26,333.3,0.99,280.4,60.0,0
2026-08-23 18:28:03.596,631.7,11.850,0.170,1.970,0.0,0.0,0.4700,40.31,333.1,0.99,280.1,60.0,0
2026-08-23 18:28:04.661,632.8,11.850,0.190,2.360,0.0,0.0,0.4707,40.37,333.7,0.99,281.2,60.6,0
2026-08-23 18:28:05.696,633.8,11.850,0.280,3.300,0.0,0.0,0.4716,40.45,332.8,0.99,279.8,60.0,0
2026-08-23 18:28:06.737,634.9,11.850,0.260,2.620,0.0,0.0,0.4724,40.52,333.6,0.99,281.0,60.6,0
2026-08-23 18:28:07.773,635.9,11.850,0.250,2.990,0.0,0.0,0.4732,40.59,333.4,0.99,280.4,60.6,0
2026-08-23 18:28:08.808,636.9,11.850,0.210,2.540,0.0,0.0,0.4740,40.65,333.2,0.99,280.1,60.6,0
2026-08-23 18:28:09.847,638.0,11.850,0.240,2.460,0.0,0.0,0.4747,40.72,332.8,0.99,279.5,60.6,0
2026-08-23 18:28:10.913,639.0,11.860,0.320,3.850,1.0,4.4,0.4758,40.82,332.6,0.99,279.4,60.6,0
2026-08-23 18:28:12.008,640.1,11.850,0.230,2.090,0.0,0.0,0.4764,40.89,333.2,0.99,280.2,60.6,0
2026-08-23 18:28:13.099,641.2,11.850,0.200,2.420,0.0,0.0,0.4772,40.95,335.1,1.00,283.8,60.6,0
2026-08-23 18:28:14.137,642.3,11.850,0.160,1.410,0.0,0.0,0.4776,40.99,333.4,0.99,280.3,60.6,0
2026-08-23 18:28:15.212,643.3,11.850,0.230,2.730,0.0,0.0,0.4784,41.06,333.9,0.99,281.1,60.6,0
2026-08-23 18:28:16.279,644.4,11.860,0.300,3.280,1.0,4.4,0.4794,41.15,333.8,0.99,281.2,60.6,0
2026-08-23 18:28:17.313,645.4,11.850,0.220,2.590,0.0,0.0,0.4801,41.22,333.7,0.99,280.8,60.6,0
2026-08-23 18:28:18.316,646.4,11.850,0.250,2.830,0.0,0.0,0.4809,41.29,333.1,0.99,279.8,60.6,0
2026-08-23 18:28:19.351,647.5,11.850,0.170,1.440,0.0,0.0,0.4813,41.33,333.6,0.99,281.0,60.6,0
2026-08-23 18:28:20.418,648.5,11.850,0.210,2.520,0.0,0.0,0.4821,41.40,333.9,0.99,281.2,60.6,0
2026-08-23 18:28:21.487,649.6,11.860,0.340,3.780,1.0,4.4,0.4832,41.50,333.1,0.99,279.6,60.0,0
2026-08-23 18:28:22.495,650.6,11.850,0.240,2.170,0.0,0.0,0.4838,41.56,332.6,0.99,279.6,60.6,0
2026-08-23 18:28:23.530,651.7,11.850,0.250,2.950,0.0,0.0,0.4846,41.64,332.9,0.99,279.8,60.6,0
2026-08-23 18:28:24.579,652.7,11.850,0.140,1.690,0.0,0.0,0.4851,41.68,332.7,0.99,280.2,60.6,0
2026-08-23 18:28:25.596,653.7,11.850,0.210,2.480,0.0,0.0,0.4858,41.74,334.3,0.99,282.1,60.0,0
2026-08-23 18:28:26.619,654.7,11.850,0.240,2.790,0.0,0.0,0.4866,41.80,333.7,0.99,281.4,60.6,0
2026-08-23 18:28:27.667,655.8,11.850,0.230,3.230,0.0,0.0,0.4876,41.87,332.8,0.99,280.2,60.0,0
2026-08-23 18:28:28.702,656.8,11.850,0.180,2.090,0.0,0.0,0.4882,41.92,333.1,0.99,279.7,60.6,0
2026-08-23 18:28:29.767,657.9,11.850,0.220,2.550,0.0,0.0,0.4889,41.99,332.8,0.99,279.5,60.6,0
2026-08-23 18:28:30.858,659.0,11.850,0.170,2.060,0.0,0.0,0.4896,42.04,333.0,0.99,279.7,60.6,0
2026-08-23 18:28:31.864,660.0,11.860,0.290,3.020,1.0,4.4,0.4904,42.12,332.4,0.99,279.2,60.6,0
2026-08-23 18:28:32.902,661.0,11.860,0.310,3.640,1.0,4.4,0.4914,42.21,332.4,0.99,279.7,60.6,0
2026-08-23 18:28:33.942,662.1,11.850,0.160,1.880,0.0,0.0,0.4920,42.26,332.5,0.99,279.2,60.6,0
2026-08-23 18:28:34.977,663.1,11.850,0.150,1.790,0.0,0.0,0.4925,42.30,333.4,0.99,280.1,60.6,0
2026-08-23 18:28:35.985,664.1,11.860,0.280,3.890,1.0,4.4,0.4936,42.38,332.2,0.99,278.6,61.1,0
2026-08-23 18:28:37.102,665.2,11.860,0.290,2.770,1.0,4.4,0.4945,42.47,333.3,0.99,280.5,60.6,0
2026-08-23 18:28:38.222,666.3,11.850,0.190,2.510,0.0,0.0,0.4952,42.53,333.8,0.99,281.6,60.6,0
2026-08-23 18:28:39.342,667.5,11.850,0.230,2.760,0.0,0.0,0.4961,42.60,333.9,0.99,282.0,60.6,0
2026-08-23 18:28:40.380,668.5,11.850,0.180,1.980,0.0,0.0,0.4967,42.65,333.1,0.99,279.8,60.6,0
2026-08-23 18:28:41.445,669.6,11.850,0.170,2.040,0.0,0.0,0.4973,42.70,332.8,0.99,279.6,60.0,0
2026-08-23 18:28:42.536,670.7,11.860,0.280,2.870,1.0,4.4,0.4981,42.79,332.9,0.99,279.6,60.6,0
2026-08-23 18:28:43.543,671.7,11.860,0.270,2.510,1.0,4.4,0.4988,42.86,332.1,0.99,278.8,60.0,0
2026-08-23 18:28:44.579,672.7,11.850,0.210,2.490,0.0,0.0,0.4996,42.92,332.8,0.99,280.0,60.6,0
2026-08-23 18:28:45.619,673.7,11.860,0.290,3.550,1.0,4.4,0.5006,43.01,332.7,0.99,279.5,60.6,0
2026-08-23 18:28:46.655,674.8,11.850,0.190,1.960,0.0,0.0,0.5011,43.06,332.6,0.99,279.1,60.6,0
2026-08-23 18:28:47.722,675.8,11.850,0.190,2.960,0.0,0.0,0.5020,43.12,332.9,0.99,280.3,60.6,0
2026-08-23 18:28:48.797,676.9,11.850,0.190,2.770,0.0,0.0,0.5028,43.17,332.3,0.99,279.0,60.6,0
2026-08-23 18:28:49.822,677.9,11.850,0.130,1.560,0.0,0.0,0.5033,43.21,333.8,0.99,281.8,60.6,0
2026-08-23 18:28:50.843,679.0,11.860,0.280,3.280,1.0,4.4,0.5042,43.29,333.9,0.99,281.3,60.6,0
2026-08-23 18:28:51.894,680.0,11.850,0.200,1.740,0.0,0.0,0.5047,43.35,333.2,0.99,280.8,60.0,0
2026-08-23 18:28:52.960,681.1,11.850,0.240,2.820,0.0,0.0,0.5056,43.42,333.2,0.99,280.8,60.6,0
2026-08-23 18:28:53.995,682.1,11.850,0.210,3.120,0.0,0.0,0.5065,43.48,333.4,0.99,280.4,60.0,0
2026-08-23 18:28:54.998,683.1,11.850,0.240,2.810,0.0,0.0,0.5072,43.55,332.7,0.99,279.2,60.0,0
2026-08-23 18:28:56.079,684.2,11.850,0.200,2.390,0.0,0.0,0.5080,43.61,332.8,0.99,280.0,60.6,0
2026-08-23 18:28:57.160,685.3,11.850,0.190,2.300,0.0,0.0,0.5087,43.66,332.5,0.99,279.7,60.6,0
2026-08-23 18:28:58.229,686.4,11.860,0.250,2.890,1.0,4.4,0.5095,43.74,334.1,0.99,281.5,60.0,0
2026-08-23 18:28:59.295,687.4,11.860,0.270,3.160,1.0,4.4,0.5104,43.82,332.5,0.99,279.2,60.6,0
2026-08-23 18:29:00.330,688.5,11.850,0.140,2.330,0.0,0.0,0.5111,43.86,332.6,0.99,279.4,60.6,0
2026-08-23 18:29:01.342,689.5,11.860,0.260,3.440,1.0,4.4,0.5121,43.93,332.2,0.99,279.5,60.6,0
2026-08-23 18:29:02.425,690.6,11.850,0.220,2.030,0.0,0.0,0.5127,44.00,333.5,0.99,281.5,60.6,0
2026-08-23 18:29:03.449,691.6,11.860,0.280,3.700,1.0,4.4,0.5137,44.08,333.2,0.99,280.6,60.6,0
2026-08-23 18:29:04.479,692.6,11.850,0.250,2.930,0.0,0.0,0.5146,44.15,331.9,0.99,278.7,60.6,0
2026-08-23 18:29:05.515,693.6,11.850,0.190,2.210,0.0,0.0,0.5152,44.20,332.5,0.99,279.5,60.6,0
2026-08-23 18:29:06.536,694.7,11.860,0.240,3.040,1.0,4.4,0.5161,44.27,331.9,0.99,278.3,60.6,0
2026-08-23 18:29:07.576,695.7,11.850,0.160,2.610,0.0,0.0,0.5168,44.32,332.9,0.99,279.9,60.6,0
2026-08-23 18:29:08.612,696.7,11.860,0.230,2.670,1.0,4.4,0.5176,44.38,333.1,0.99,279.8,60.6,0
2026-08-23 18:29:09.678,697.8,11.850,0.250,3.060,0.0,0.0,0.5185,44.46,333.6,0.99,281.1,60.6,0
2026-08-23 18:29:10.687,698.8,11.850,0.170,2.540,0.0,0.0,0.5192,44.51,332.3,0.99,278.7,60.0,0
2026-08-23 18:29:11.754,699.9,11.850,0.190,1.710,0.0,0.0,0.5197,44.56,332.0,0.99,278.5,60.0,0
2026-08-23 18:29:12.790,700.9,11.860,0.220,2.760,1.0,4.4,0.5205,44.62,332.4,0.99,279.0,60.6,0
2026-08-23 18:29:13.876,702.0,11.860,0.240,3.290,1.0,4.4,0.5215,44.70,333.5,0.99,280.7,60.0,0
2026-08-23 18:29:14.959,703.1,11.860,0.220,2.760,1.0,4.4,0.5223,44.76,333.5,0.99,281.5,60.0,0
2026-08-23 18:29:15.980,704.1,11.850,0.170,2.470,0.0,0.0,0.5230,44.81,332.9,0.99,280.0,60.0,0
2026-08-23 18:29:17.048,705.2,11.860,0.260,2.710,1.0,4.4,0.5239,44.89,331.8,0.99,278.6,60.0,0
2026-08-23 18:29:18.113,706.2,11.850,0.210,1.970,0.0,0.0,0.5244,44.95,332.0,0.99,278.6,60.0,0
2026-08-23 18:29:19.204,707.3,11.860,0.300,3.040,1.0,4.4,0.5254,45.04,333.0,0.99,279.2,60.6,0
2026-08-23 18:29:20.269,708.4,11.850,0.180,2.190,0.0,0.0,0.5260,45.09,332.1,0.99,278.8,60.6,0
2026-08-23 18:29:21.276,709.4,11.850,0.140,1.970,0.0,0.0,0.5266,45.13,330.9,0.98,276.9,60.0,0
2026-08-23 18:29:22.347,710.5,11.860,0.220,2.620,1.0,4.4,0.5273,45.20,331.4,0.99,277.8,60.0,0
2026-08-23 18:29:23.412,711.5,11.860,0.250,2.660,1.0,4.4,0.5281,45.27,333.3,0.99,280.5,60.0,0
2026-08-23 18:29:24.448,712.6,11.850,0.240,3.070,0.0,0.0,0.5290,45.34,332.8,0.99,279.0,60.6,0
2026-08-23 18:29:25.496,713.6,11.850,0.180,2.180,0.0,0.0,0.5296,45.40,332.3,0.99,279.6,60.0,0
2026-08-23 18:29:26.550,714.7,11.850,0.170,1.390,0.0,0.0,0.5300,45.44,333.3,0.99,280.4,60.0,0
2026-08-23 18:29:27.634,715.8,11.860,0.260,3.110,1.0,4.4,0.5310,45.52,332.6,0.99,279.7,60.0,0
2026-08-23 18:29:28.682,716.8,11.850,0.200,2.300,0.0,0.0,0.5317,45.58,332.3,0.99,279.9,60.0,0
2026-08-23 18:29:29.747,717.9,11.860,0.270,3.190,1.0,4.4,0.5326,45.66,331.7,0.99,278.3,60.0,0
2026-08-23 18:29:30.782,718.9,11.860,0.250,2.470,1.0,4.4,0.5333,45.73,332.9,0.99,279.3,60.6,0
2026-08-23 18:29:31.784,719.9,11.850,0.180,2.180,0.0,0.0,0.5339,45.78,331.8,0.99,278.6,60.0,0
2026-08-23 18:29:32.850,721.0,11.850,0.160,2.430,0.0,0.0,0.5346,45.83,331.7,0.99,278.0,60.0,0
2026-08-23 18:29:33.886,722.0,11.860,0.230,2.770,1.0,4.4,0.5354,45.90,332.5,0.99,278.7,60.0,0
2026-08-23 18:29:34.912,723.0,11.860,0.240,2.860,1.0,4.4,0.5362,45.97,331.4,0.99,278.0,60.0,0
2026-08-23 18:29:35.948,724.1,11.850,0.230,2.180,0.0,0.0,0.5369,46.03,331.7,0.99,278.6,60.0,0
2026-08-23 18:29:36.985,725.1,11.850,0.170,2.320,0.0,0.0,0.5375,46.08,331.4,0.99,277.7,60.0,0
2026-08-23 18:29:38.069,726.2,11.860,0.300,3.580,1.0,4.4,0.5386,46.17,333.4,0.99,280.5,60.0,0
2026-08-23 18:29:39.152,727.3,11.850,0.230,2.610,0.0,0.0,0.5394,46.24,333.3,0.99,281.0,60.6,0
2026-08-23 18:29:40.214,728.3,11.860,0.280,3.340,1.0,4.4,0.5404,46.32,333.3,0.99,280.6,60.0,0
2026-08-23 18:29:41.228,729.4,11.850,0.200,2.420,0.0,0.0,0.5411,46.38,331.5,0.99,278.4,60.0,0
2026-08-23 18:29:42.262,730.4,11.850,0.120,2.090,0.0,0.0,0.5417,46.41,332.3,0.99,278.8,60.0,0
2026-08-23 18:29:43.270,731.4,11.850,0.210,2.490,0.0,0.0,0.5424,46.47,332.4,0.99,279.2,60.6,0
2026-08-23 18:29:44.309,732.4,11.850,0.210,2.530,0.0,0.0,0.5431,46.53,333.1,0.99,279.9,60.0,0
2026-08-23 18:29:45.345,733.5,11.860,0.310,3.620,1.0,4.4,0.5441,46.62,332.0,0.99,278.7,60.6,0
2026-08-23 18:29:46.351,734.5,11.860,0.240,2.850,1.0,4.4,0.5449,46.69,332.3,0.99,278.7,60.6,0
2026-08-23 18:29:47.391,735.5,11.850,0.150,2.160,0.0,0.0,0.5456,46.73,332.3,0.99,278.7,60.0,0
2026-08-23 18:29:48.399,736.5,11.850,0.160,1.940,0.0,0.0,0.5461,46.78,331.9,0.99,278.7,60.0,0
2026-08-23 18:29:49.434,737.6,11.860,0.290,3.980,1.0,4.4,0.5472,46.86,332.2,0.99,278.7,60.0,0
2026-08-23 18:29:50.463,738.6,11.850,0.250,2.950,0.0,0.0,0.5481,46.93,332.4,0.99,279.7,60.0,0
2026-08-23 18:29:51.490,739.6,11.860,0.270,3.200,1.0,4.4,0.5490,47.01,333.1,0.99,280.7,60.0,0
2026-08-23 18:29:52.514,740.6,11.860,0.280,3.870,1.0,4.4,0.5501,47.09,333.2,0.99,280.3,60.6,0
2026-08-23 18:29:53.583,741.7,11.850,0.170,2.650,0.0,0.0,0.5509,47.14,331.5,0.99,278.0,60.6,0
2026-08-23 18:29:54.617,742.7,11.860,0.320,3.030,1.0,4.4,0.5518,47.23,333.0,0.99,279.4,60.6,0
2026-08-23 18:29:55.738,743.9,11.860,0.230,2.140,1.0,4.4,0.5524,47.30,331.0,0.99,277.7,60.0,0
2026-08-23 18:29:56.745,744.9,11.850,0.240,2.980,0.0,0.0,0.5533,47.37,332.5,0.99,279.2,60.6,0
2026-08-23 18:29:57.782,745.9,11.850,0.140,1.660,0.0,0.0,0.5537,47.41,333.2,0.99,280.0,60.0,0
2026-08-23 18:29:58.822,746.9,11.850,0.200,1.750,0.0,0.0,0.5542,47.47,332.6,0.99,279.7,60.0,0
2026-08-23 18:29:59.887,748.0,11.860,0.330,3.260,1.0,4.4,0.5552,47.57,332.2,0.99,279.3,60.6,0
2026-08-23 18:30:00.894,749.0,11.850,0.220,2.590,0.0,0.0,0.5559,47.63,331.6,0.99,277.9,60.6,0
2026-08-23 18:30:01.970,750.1,11.850,0.180,2.840,0.0,0.0,0.5568,47.68,332.2,0.99,279.2,60.6,0
2026-08-23 18:30:03.054,751.2,11.860,0.170,2.490,1.0,4.4,0.5575,47.73,333.4,0.99,281.3,60.6,0
2026-08-23 18:30:04.075,752.2,11.850,0.210,2.720,0.0,0.0,0.5583,47.79,333.1,0.99,280.0,60.0,0
2026-08-23 18:30:05.127,753.3,11.860,0.280,3.310,1.0,4.4,0.5593,47.87,332.9,0.99,280.3,60.0,0
2026-08-23 18:30:06.163,754.3,11.860,0.270,3.180,1.0,4.4,0.5602,47.95,336.4,0.99,283.0,60.6,0
2026-08-23 18:30:07.170,755.3,11.850,0.140,1.640,0.0,0.0,0.5606,47.99,333.4,0.99,280.6,60.6,0
2026-08-23 18:30:08.209,756.3,11.850,0.200,2.620,0.0,0.0,0.5614,48.05,333.0,0.99,279.9,60.6,0
2026-08-23 18:30:09.276,757.4,11.860,0.260,2.940,1.0,4.4,0.5623,48.12,331.9,0.99,278.7,60.6,0
2026-08-23 18:30:10.311,758.4,11.850,0.200,2.360,0.0,0.0,0.5630,48.18,332.3,0.99,279.2,60.6,0
2026-08-23 18:30:11.352,759.5,11.860,0.210,1.840,1.0,4.4,0.5635,48.24,332.8,0.99,279.6,60.6,0
2026-08-23 18:30:12.387,760.5,11.850,0.160,1.840,0.0,0.0,0.5640,48.29,332.1,0.99,279.4,60.6,0
2026-08-23 18:30:13.453,761.6,11.850,0.210,2.790,0.0,0.0,0.5648,48.35,332.6,0.99,279.3,60.0,0
2026-08-23 18:30:14.556,762.7,11.850,0.190,2.250,0.0,0.0,0.5655,48.41,333.3,0.99,280.8,60.6,0
2026-08-23 18:30:15.676,763.8,11.860,0.210,3.130,1.0,4.4,0.5665,48.47,333.4,0.99,280.5,60.6,0
2026-08-23 18:30:16.761,764.9,11.860,0.250,2.910,1.0,4.4,0.5674,48.55,333.7,0.99,281.5,60.6,0
2026-08-23 18:30:17.803,765.9,11.860,0.250,2.710,1.0,4.4,0.5682,48.62,332.7,0.99,279.0,60.0,0
2026-08-23 18:30:18.810,766.9,11.850,0.250,3.400,0.0,0.0,0.5691,48.69,333.0,0.99,279.8,60.6,0
2026-08-23 18:30:19.846,768.0,11.850,0.150,1.800,0.0,0.0,0.5696,48.74,333.3,0.99,279.8,60.6,0
2026-08-23 18:30:20.885,769.0,11.850,0.290,3.050,0.0,0.0,0.5705,48.82,332.5,0.99,279.4,60.6,0
2026-08-23 18:30:21.951,770.1,11.860,0.270,3.140,1.0,4.4,0.5714,48.90,332.7,0.99,279.2,60.6,0
2026-08-23 18:30:23.042,771.2,11.850,0.150,1.810,0.0,0.0,0.5720,48.94,333.0,0.99,279.6,60.0,0
2026-08-23 18:30:24.108,772.2,11.860,0.330,3.880,1.0,4.4,0.5731,49.04,332.4,0.99,279.7,60.6,0
2026-08-23 18:30:25.130,773.3,11.860,0.220,2.550,1.0,4.4,0.5739,49.10,332.0,0.99,278.7,60.6,0
2026-08-23 18:30:26.146,774.3,11.860,0.250,3.270,1.0,4.4,0.5748,49.18,331.9,0.99,278.9,60.0,0
2026-08-23 18:30:27.207,775.3,11.860,0.270,3.010,1.0,4.4,0.5757,49.26,333.6,0.99,281.3,60.0,0
2026-08-23 18:30:28.357,776.5,11.850,0.200,2.310,0.0,0.0,0.5764,49.32,333.1,0.99,280.7,60.0,0
2026-08-23 18:30:29.378,777.5,11.860,0.280,3.340,1.0,4.4,0.5774,49.40,333.3,0.99,280.4,60.0,0
2026-08-23 18:30:30.385,778.5,11.860,0.230,2.160,1.0,4.4,0.5780,49.46,332.8,0.99,279.1,60.0,0
2026-08-23 18:30:31.420,779.5,11.860,0.230,2.760,1.0,4.4,0.5788,49.53,331.4,0.99,278.2,60.6,0
2026-08-23 18:30:32.430,780.6,11.860,0.210,2.470,1.0,4.4,0.5794,49.59,331.6,0.99,278.2,60.0,0
2026-08-23 18:30:33.465,781.6,11.860,0.220,2.590,1.0,4.4,0.5802,49.65,332.1,0.99,278.4,60.0,0
2026-08-23 18:30:34.473,782.6,11.860,0.230,2.780,1.0,4.4,0.5810,49.72,331.7,0.99,278.4,60.0,0
2026-08-23 18:30:35.513,783.6,11.860,0.300,3.510,1.0,4.4,0.5820,49.80,332.2,0.99,279.0,60.0,0
2026-08-23 18:30:36.549,784.7,11.860,0.190,2.830,1.0,4.4,0.5828,49.86,332.2,0.99,278.3,60.0,0
2026-08-23 18:30:37.557,785.7,11.850,0.250,2.920,0.0,0.0,0.5836,49.93,331.4,0.99,277.7,60.0,0
2026-08-23 18:30:38.620,786.7,11.850,0.150,2.260,0.0,0.0,0.5843,49.97,332.5,0.99,279.7,60.0,0
2026-08-23 18:30:39.704,787.8,11.860,0.230,2.830,1.0,4.4,0.5851,50.04,332.9,0.99,280.9,60.0,0
2026-08-23 18:30:40.724,788.9,11.860,0.300,3.140,1.0,4.4,0.5860,50.13,332.4,0.99,278.7,60.0,0
2026-08-23 18:30:41.772,789.9,11.860,0.190,2.840,1.0,4.4,0.5869,50.18,331.6,0.99,278.4,60.0,0
2026-08-23 18:30:42.837,791.0,11.860,0.220,2.660,1.0,4.4,0.5876,50.25,332.2,0.99,278.8,60.0,0
2026-08-23 18:30:43.872,792.0,11.850,0.190,1.830,0.0,0.0,0.5882,50.30,331.6,0.99,277.7,60.0,0
2026-08-23 18:30:44.875,793.0,11.850,0.190,2.230,0.0,0.0,0.5888,50.35,331.8,0.99,278.2,60.0,0
2026-08-23 18:30:45.940,794.1,11.860,0.290,3.420,1.0,4.4,0.5898,50.44,331.3,0.98,277.2,59.4,0
2026-08-23 18:30:47.005,795.1,11.860,0.230,2.780,1.0,4.4,0.5906,50.51,330.8,0.98,276.9,59.4,0
2026-08-23 18:30:48.098,796.2,11.860,0.260,3.100,1.0,4.4,0.5916,50.59,332.3,0.99,278.7,59.4,0
2026-08-23 18:30:49.134,797.3,11.860,0.230,2.740,1.0,4.4,0.5924,50.65,331.1,0.98,276.5,60.0,0
2026-08-23 18:30:50.200,798.3,11.850,0.160,1.860,0.0,0.0,0.5929,50.70,331.7,0.99,278.2,59.4,0
2026-08-23 18:30:51.224,799.4,11.860,0.270,3.170,1.0,4.4,0.5938,50.78,331.2,0.99,277.7,59.4,0
2026-08-23 18:30:52.245,800.4,11.860,0.220,2.560,1.0,4.4,0.5945,50.84,332.2,0.99,278.7,59.4,0
2026-08-23 18:30:53.329,801.5,11.860,0.230,2.700,1.0,4.4,0.5953,50.91,332.2,0.99,279.5,59.4,0
2026-08-23 18:30:54.371,802.5,11.850,0.140,1.690,0.0,0.0,0.5958,50.95,331.2,0.99,277.4,60.0,0
2026-08-23 18:30:55.377,803.5,11.850,0.150,1.830,0.0,0.0,0.5963,50.99,331.8,0.99,278.3,59.4,0
2026-08-23 18:30:56.443,804.6,11.860,0.280,3.840,1.0,4.4,0.5975,51.07,331.1,0.99,277.8,59.4,0
2026-08-23 18:30:57.497,805.6,11.860,0.210,2.500,1.0,4.4,0.5982,51.13,332.4,0.99,278.6,59.4,0
2026-08-23 18:30:58.533,806.7,11.860,0.190,2.820,1.0,4.4,0.5990,51.19,332.1,0.99,278.5,59.4,0
2026-08-23 18:30:59.654,807.8,11.850,0.180,2.130,0.0,0.0,0.5997,51.25,331.5,0.99,277.9,59.4,0
2026-08-23 18:31:00.661,808.8,11.860,0.220,2.570,1.0,4.4,0.6004,51.31,330.9,0.99,277.1,60.0,0
2026-08-23 18:31:01.697,809.8,11.860,0.320,3.370,1.0,4.4,0.6014,51.40,331.8,0.99,278.6,59.4,0
2026-08-23 18:31:02.740,810.9,11.860,0.230,2.190,1.0,4.4,0.6020,51.47,332.5,0.99,279.1,59.4,0
2026-08-23 18:31:03.860,812.0,11.850,0.220,2.590,0.0,0.0,0.6028,51.53,332.4,0.99,278.8,59.4,0
2026-08-23 18:31:04.944,813.1,11.860,0.220,2.580,1.0,4.4,0.6036,51.60,332.3,0.99,279.7,59.4,0
2026-08-23 18:31:05.996,814.1,11.860,0.190,2.540,1.0,4.4,0.6043,51.66,332.0,0.99,279.1,60.0,0
2026-08-23 18:31:07.030,815.2,11.860,0.260,3.110,1.0,4.4,0.6052,51.73,331.8,0.99,277.9,60.0,0
2026-08-23 18:31:08.095,816.2,11.860,0.280,3.430,1.0,4.4,0.6062,51.81,330.1,0.98,275.9,60.0,0
2026-08-23 18:31:09.164,817.3,11.860,0.250,2.980,1.0,4.4,0.6071,51.89,332.7,0.99,279.8,60.0,0
2026-08-23 18:31:10.229,818.4,11.850,0.170,2.150,0.0,0.0,0.6078,51.94,331.2,0.99,277.7,60.0,0
2026-08-23 18:31:11.295,819.4,11.860,0.240,2.890,1.0,4.4,0.6086,52.01,331.3,0.99,277.6,60.0,0
2026-08-23 18:31:12.386,820.5,11.860,0.250,2.910,1.0,4.4,0.6095,52.08,331.7,0.98,277.7,60.0,0
2026-08-23 18:31:13.392,821.5,11.860,0.240,2.930,1.0,4.4,0.6103,52.15,331.1,0.98,277.2,59.4,0
2026-08-23 18:31:14.428,822.6,11.860,0.240,3.590,1.0,4.4,0.6114,52.22,331.5,0.98,277.5,60.0,0
2026-08-23 18:31:15.449,823.6,11.850,0.190,2.200,0.0,0.0,0.6120,52.27,331.7,0.99,278.2,60.0,0
2026-08-23 18:31:16.487,824.6,11.860,0.260,3.030,1.0,4.4,0.6129,52.35,332.2,0.99,278.7,60.0,0
2026-08-23 18:31:17.510,825.6,11.860,0.290,3.440,1.0,4.4,0.6138,52.43,332.1,0.99,278.6,60.0,0
2026-08-23 18:31:18.541,826.7,11.860,0.240,2.900,1.0,4.4,0.6147,52.50,331.2,0.99,277.6,59.4,0
2026-08-23 18:31:19.577,827.7,11.850,0.240,2.810,0.0,0.0,0.6155,52.57,331.4,0.99,278.1,60.0,0
2026-08-23 18:31:20.583,828.7,11.860,0.220,2.550,1.0,4.4,0.6162,52.63,330.5,0.98,276.6,60.0,0
2026-08-23 18:31:21.623,829.8,11.850,0.240,2.730,0.0,0.0,0.6170,52.70,331.2,0.99,277.5,59.4,0
2026-08-23 18:31:22.660,830.8,11.860,0.220,3.170,1.0,4.4,0.6179,52.76,331.5,0.99,278.1,59.4,0
2026-08-23 18:31:23.667,831.8,11.860,0.250,2.990,1.0,4.4,0.6187,52.83,330.4,0.98,276.2,59.4,0
2026-08-23 18:31:24.707,832.8,11.860,0.200,2.430,1.0,4.4,0.6194,52.89,330.8,0.99,277.0,59.4,0
2026-08-23 18:31:25.744,833.9,11.850,0.170,1.970,0.0,0.0,0.6200,52.94,331.2,0.99,277.5,59.4,0
2026-08-23 18:31:26.751,834.9,11.860,0.300,2.770,1.0,4.4,0.6208,53.02,329.9,0.98,275.4,59.4,0
2026-08-23 18:31:27.868,836.0,11.860,0.290,2.690,1.0,4.4,0.6216,53.11,331.4,0.99,277.9,59.4,0
2026-08-23 18:31:28.989,837.1,11.860,0.220,2.200,1.0,4.4,0.6223,53.18,330.9,0.98,276.8,59.4,0
2026-08-23 18:31:30.072,838.2,11.860,0.260,3.040,1.0,4.4,0.6232,53.26,331.6,0.99,278.7,58.9,0
2026-08-23 18:31:31.114,839.2,11.850,0.170,2.200,0.0,0.0,0.6238,53.31,331.8,0.98,277.6,59.4,0
2026-08-23 18:31:32.121,840.2,11.860,0.250,2.460,1.0,4.4,0.6245,53.38,331.9,0.99,278.0,59.4,0
2026-08-23 18:31:33.156,841.3,11.860,0.190,2.970,1.0,4.4,0.6254,53.44,330.3,0.98,276.5,59.4,0
2026-08-23 18:31:34.194,842.3,11.860,0.240,2.810,1.0,4.4,0.6262,53.50,331.4,0.98,277.5,58.9,0
2026-08-23 18:31:35.260,843.4,11.850,0.150,2.140,0.0,0.0,0.6268,53.55,331.0,0.98,277.1,59.4,0
2026-08-23 18:31:36.322,844.4,11.860,0.240,2.870,1.0,4.4,0.6277,53.62,330.0,0.98,276.2,59.4,0
2026-08-23 18:31:37.358,845.5,11.850,0.170,2.030,0.0,0.0,0.6283,53.67,330.4,0.99,276.6,59.4,0
2026-08-23 18:31:38.395,846.5,11.860,0.270,3.260,1.0,4.4,0.6292,53.75,330.9,0.98,277.0,59.4,0
2026-08-23 18:31:39.401,847.5,11.860,0.240,2.240,1.0,4.4,0.6298,53.81,331.0,0.99,277.3,59.4,0
2026-08-23 18:31:40.484,848.6,11.860,0.200,2.310,1.0,4.4,0.6305,53.87,331.8,0.99,278.8,59.4,0
2026-08-23 18:31:41.604,849.7,11.860,0.280,3.300,1.0,4.4,0.6315,53.96,331.8,0.99,278.8,60.0,0
2026-08-23 18:31:42.656,850.8,11.860,0.190,2.110,1.0,4.4,0.6322,54.02,331.2,0.99,277.4,59.4,0
2026-08-23 18:31:43.721,851.8,11.860,0.210,2.440,1.0,4.4,0.6329,54.08,330.9,0.99,277.7,59.4,0
2026-08-23 18:31:44.756,852.9,11.860,0.220,3.260,1.0,4.4,0.6338,54.14,330.1,0.98,275.8,59.4,0
2026-08-23 18:31:45.825,854.0,11.850,0.120,1.810,0.0,0.0,0.6344,54.18,331.0,0.99,277.6,59.4,0
2026-08-23 18:31:46.890,855.0,11.860,0.280,3.200,1.0,4.4,0.6353,54.26,330.5,0.98,276.6,59.4,0
2026-08-23 18:31:47.955,856.1,11.860,0.230,2.740,1.0,4.4,0.6361,54.33,331.1,0.99,277.4,59.4,0
2026-08-23 18:31:49.046,857.2,11.860,0.300,3.270,1.0,4.4,0.6371,54.42,331.2,0.98,277.0,59.4,0
2026-08-23 18:31:50.053,858.2,11.860,0.190,2.930,1.0,4.4,0.6379,54.47,330.9,0.98,277.0,59.4,0
2026-08-23 18:31:51.088,859.2,11.860,0.150,1.400,1.0,4.4,0.6383,54.52,330.9,0.98,277.0,59.4,0
2026-08-23 18:31:52.109,860.2,11.860,0.230,2.740,1.0,4.4,0.6391,54.58,331.0,0.99,277.6,59.4,0
2026-08-23 18:31:53.123,861.2,11.860,0.260,3.120,1.0,4.4,0.6400,54.65,331.3,0.98,277.1,60.0,0
2026-08-23 18:31:54.207,862.3,11.860,0.270,3.230,1.0,4.4,0.6409,54.74,331.7,0.99,279.0,60.0,0
2026-08-23 18:31:55.274,863.4,11.860,0.270,2.750,1.0,4.4,0.6418,54.82,331.7,0.99,278.0,59.4,0
2026-08-23 18:31:56.309,864.4,11.860,0.200,2.430,1.0,4.4,0.6425,54.87,331.2,0.98,276.7,60.0,0
2026-08-23 18:31:57.374,865.5,11.860,0.240,2.830,1.0,4.4,0.6433,54.94,331.2,0.99,277.9,60.0,0
2026-08-23 18:31:58.414,866.5,11.860,0.200,1.720,1.0,4.4,0.6438,55.00,332.6,0.99,279.9,60.0,0
2026-08-23 18:31:59.450,867.6,11.860,0.220,2.650,1.0,4.4,0.6446,55.06,332.9,0.99,279.7,60.0,0
2026-08-23 18:32:00.516,868.6,11.860,0.320,3.740,1.0,4.4,0.6457,55.16,332.6,0.99,279.4,60.0,0
2026-08-23 18:32:01.586,869.7,11.860,0.160,2.020,1.0,4.4,0.6463,55.21,331.8,0.99,277.9,60.0,0
2026-08-23 18:32:02.593,870.7,11.860,0.210,2.440,1.0,4.4,0.6469,55.27,332.2,0.99,278.8,60.0,0
2026-08-23 18:32:03.629,871.8,11.860,0.330,3.870,1.0,4.4,0.6481,55.36,332.0,0.99,278.3,60.0,0
2026-08-23 18:32:04.715,872.8,11.860,0.310,3.470,1.0,4.4,0.6491,55.45,333.0,0.99,279.5,60.0,0
2026-08-23 18:32:05.799,873.9,11.860,0.220,2.600,1.0,4.4,0.6499,55.52,331.7,0.99,278.9,60.0,0
2026-08-23 18:32:06.848,875.0,11.860,0.170,2.030,1.0,4.4,0.6505,55.57,332.6,0.99,279.8,59.4,0
2026-08-23 18:32:07.855,876.0,11.850,0.200,2.370,0.0,0.0,0.6511,55.63,331.2,0.99,277.6,60.6,0
2026-08-23 18:32:08.891,877.0,11.860,0.230,2.310,1.0,4.4,0.6518,55.69,331.2,0.99,277.9,60.0,0
2026-08-23 18:32:09.931,878.1,11.860,0.250,3.010,1.0,4.4,0.6527,55.76,331.5,0.99,278.0,60.0,0
2026-08-23 18:32:10.938,879.1,11.860,0.180,2.820,1.0,4.4,0.6535,55.81,331.5,0.98,277.5,60.0,0
2026-08-23 18:32:11.974,880.1,11.860,0.190,2.230,1.0,4.4,0.6541,55.87,331.3,0.99,277.9,60.0,0
2026-08-23 18:32:13.014,881.1,11.860,0.230,3.010,1.0,4.4,0.6550,55.94,331.4,0.99,277.7,60.0,0
2026-08-23 18:32:14.021,882.1,11.860,0.320,3.250,1.0,4.4,0.6559,56.03,331.1,0.99,277.5,60.0,0
2026-08-23 18:32:15.057,883.2,11.860,0.250,2.290,1.0,4.4,0.6566,56.10,331.3,0.99,277.7,60.0,0
2026-08-23 18:32:16.100,884.2,11.860,0.270,2.950,1.0,4.4,0.6574,56.18,331.4,0.98,277.3,59.4,0
2026-08-23 18:32:17.220,885.3,11.860,0.190,2.280,1.0,4.4,0.6581,56.23,332.5,0.99,279.2,60.0,0
2026-08-23 18:32:18.340,886.5,11.860,0.280,3.310,1.0,4.4,0.6591,56.32,331.4,0.98,277.3,60.0,0
2026-08-23 18:32:19.392,887.5,11.860,0.220,2.650,1.0,4.4,0.6599,56.39,331.8,0.99,278.9,60.0,0
2026-08-23 18:32:20.427,888.6,11.860,0.300,2.960,1.0,4.4,0.6608,56.47,332.5,0.99,279.0,60.0,0
2026-08-23 18:32:21.434,889.6,11.860,0.220,3.190,1.0,4.4,0.6617,56.53,331.6,0.99,278.3,60.0,0
2026-08-23 18:32:22.474,890.6,11.860,0.130,1.510,1.0,4.4,0.6621,56.57,332.8,0.99,279.4,60.0,0
2026-08-23 18:32:23.509,891.6,11.860,0.200,2.780,1.0,4.4,0.6629,56.63,331.7,0.99,278.1,60.0,0
2026-08-23 18:32:24.517,892.6,11.860,0.270,3.840,1.0,4.4,0.6640,56.70,332.3,0.99,278.7,60.0,0
2026-08-23 18:32:25.556,893.7,11.860,0.260,3.080,1.0,4.4,0.6649,56.78,331.1,0.99,277.6,60.0,0
2026-08-23 18:32:26.593,894.7,11.860,0.180,2.770,1.0,4.4,0.6657,56.83,330.4,0.98,276.2,60.0,0
2026-08-23 18:32:27.601,895.7,11.860,0.270,3.730,1.0,4.4,0.6667,56.91,331.9,0.99,278.4,60.0,0
2026-08-23 18:32:28.649,896.8,11.850,0.200,2.320,0.0,0.0,0.6674,56.97,332.3,0.99,279.8,60.6,0
2026-08-23 18:32:29.670,897.8,11.860,0.290,2.770,1.0,4.4,0.6682,57.05,332.5,0.99,279.5,60.6,0
2026-08-23 18:32:30.753,898.9,11.860,0.230,2.560,1.0,4.4,0.6689,57.12,331.8,0.99,279.2,59.4,0
2026-08-23 18:32:31.801,899.9,11.850,0.200,2.340,0.0,0.0,0.6696,57.17,332.2,0.99,278.2,60.0,0
2026-08-23 18:32:32.866,901.0,11.860,0.270,2.430,1.0,4.4,0.6703,57.25,330.9,0.98,276.7,59.4,0
2026-08-23 18:32:33.901,902.0,11.860,0.240,2.260,1.0,4.4,0.6710,57.32,331.4,0.99,278.0,60.0,0
2026-08-23 18:32:34.941,903.1,11.860,0.230,2.780,1.0,4.4,0.6718,57.39,331.3,0.99,278.0,60.0,0
2026-08-23 18:32:35.977,904.1,11.860,0.220,2.640,1.0,4.4,0.6725,57.45,330.7,0.98,276.5,59.4,0
2026-08-23 18:32:37.043,905.2,11.850,0.160,2.570,0.0,0.0,0.6733,57.50,330.9,0.99,277.3,59.4,0
2026-08-23 18:32:38.083,906.2,11.860,0.260,3.030,1.0,4.4,0.6742,57.58,332.6,0.99,279.0,59.4,0
2026-08-23 18:32:39.118,907.2,11.860,0.220,2.640,1.0,4.4,0.6749,57.64,331.1,0.98,276.4,59.4,0
2026-08-23 18:32:40.184,908.3,11.860,0.260,3.090,1.0,4.4,0.6759,57.72,332.1,0.99,279.0,59.4,0
2026-08-23 18:32:41.209,909.3,11.860,0.200,2.850,1.0,4.4,0.6767,57.77,331.0,0.99,277.5,59.4,0
2026-08-23 18:32:42.230,910.4,11.850,0.190,2.500,0.0,0.0,0.6774,57.83,331.9,0.99,279.0,59.4,0
2026-08-23 18:32:43.350,911.5,11.860,0.250,3.630,1.0,4.4,0.6785,57.90,331.2,0.99,277.5,60.0,0
2026-08-23 18:32:44.419,912.5,11.860,0.220,2.630,1.0,4.4,0.6793,57.97,330.2,0.98,275.9,59.4,0
2026-08-23 18:32:45.453,913.6,11.860,0.210,2.520,1.0,4.4,0.6800,58.03,330.5,0.98,276.4,59.4,0
2026-08-23 18:32:46.574,914.7,11.860,0.250,2.760,1.0,4.4,0.6809,58.11,331.7,0.99,277.9,60.0,0
2026-08-23 18:32:47.610,915.7,11.860,0.200,2.440,1.0,4.4,0.6816,58.17,330.4,0.98,276.0,59.4,0
2026-08-23 18:32:48.676,916.8,11.860,0.170,1.960,1.0,4.4,0.6822,58.22,330.2,0.99,276.5,59.4,0
2026-08-23 18:32:49.731,917.9,11.850,0.170,2.290,0.0,0.0,0.6828,58.27,331.0,0.98,277.0,59.4,0
2026-08-23 18:32:50.797,918.9,11.860,0.280,3.340,1.0,4.4,0.6838,58.35,331.2,0.99,277.9,60.0,0
2026-08-23 18:32:51.832,920.0,11.860,0.230,2.680,1.0,4.4,0.6846,58.42,331.0,0.99,277.2,59.4,0
2026-08-23 18:32:52.881,921.0,11.860,0.260,3.050,1.0,4.4,0.6855,58.49,331.7,0.99,278.7,59.4,0
2026-08-23 18:32:53.936,922.1,11.850,0.180,2.180,0.0,0.0,0.6861,58.54,331.5,0.99,278.8,59.4,0
2026-08-23 18:32:54.960,923.1,11.860,0.190,2.260,1.0,4.4,0.6868,58.60,330.4,0.98,275.8,59.4,0
2026-08-23 18:32:56.008,924.1,11.860,0.310,3.700,1.0,4.4,0.6878,58.69,331.4,0.99,278.2,59.4,0
2026-08-23 18:32:57.043,925.2,11.860,0.230,2.450,1.0,4.4,0.6885,58.75,331.0,0.98,277.0,58.9,0
2026-08-23 18:32:58.108,926.2,11.860,0.230,2.750,1.0,4.4,0.6894,58.82,330.4,0.98,275.9,59.4,0
2026-08-23 18:32:59.200,927.3,11.860,0.110,1.300,1.0,4.4,0.6897,58.86,329.9,0.98,275.5,59.4,0
2026-08-23 18:33:00.265,928.4,11.860,0.230,2.730,1.0,4.4,0.6906,58.92,330.0,0.99,276.4,59.4,0
2026-08-23 18:33:01.301,929.4,11.860,0.340,3.320,1.0,4.4,0.6915,59.02,330.0,0.98,275.7,59.4,0
2026-08-23 18:33:02.340,930.5,11.860,0.260,3.090,1.0,4.4,0.6924,59.10,331.9,0.99,278.2,59.4,0
2026-08-23 18:33:03.406,931.5,11.850,0.200,2.170,0.0,0.0,0.6930,59.16,331.5,0.99,278.2,60.0,0
2026-08-23 18:33:04.442,932.6,11.850,0.170,2.120,0.0,0.0,0.6937,59.20,331.6,0.98,277.2,59.4,0
2026-08-23 18:33:05.526,933.7,11.860,0.190,2.210,1.0,4.4,0.6943,59.26,332.1,0.99,279.7,59.4,0
2026-08-23 18:33:06.549,934.7,11.860,0.290,3.210,1.0,4.4,0.6952,59.34,330.8,0.98,276.7,59.4,0
2026-08-23 18:33:07.633,935.8,11.860,0.270,3.230,1.0,4.4,0.6962,59.43,332.2,0.99,280.0,59.4,0
2026-08-23 18:33:08.675,936.8,11.860,0.260,3.050,1.0,4.4,0.6971,59.50,331.1,0.98,277.0,59.4,0
2026-08-23 18:33:09.682,937.8,11.860,0.220,2.800,1.0,4.4,0.6979,59.56,331.5,0.98,277.3,59.4,0
2026-08-23 18:33:10.716,938.8,11.860,0.230,2.690,1.0,4.4,0.6986,59.63,330.9,0.98,276.9,60.0,0
2026-08-23 18:33:11.755,939.9,11.860,0.320,3.830,1.0,4.4,0.6997,59.72,331.4,0.99,277.7,59.4,0
2026-08-23 18:33:12.821,940.9,11.860,0.240,3.110,1.0,4.4,0.7007,59.79,330.9,0.99,277.2,59.4,0
2026-08-23 18:33:13.912,942.0,11.860,0.270,3.480,1.0,4.4,0.7017,59.87,331.8,0.99,278.0,59.4,0
2026-08-23 18:33:14.918,943.0,11.860,0.180,2.110,1.0,4.4,0.7023,59.92,331.0,0.99,277.3,59.4,0
2026-08-23 18:33:15.954,944.1,11.860,0.220,2.610,1.0,4.4,0.7031,59.99,331.5,0.98,277.4,59.4,0
2026-08-23 18:33:16.997,945.1,11.860,0.310,3.690,1.0,4.4,0.7041,60.08,330.5,0.98,276.6,59.4,0
2026-08-23 18:33:18.080,946.2,11.860,0.230,2.760,1.0,4.4,0.7050,60.15,331.4,0.99,277.9,59.4,0
2026-08-23 18:33:19.200,947.3,11.860,0.270,3.430,1.0,4.4,0.7060,60.23,331.3,0.99,277.6,59.4,0
2026-08-23 18:33:20.252,948.4,11.860,0.220,2.110,1.0,4.4,0.7066,60.29,331.6,0.99,278.5,59.4,0
2026-08-23 18:33:21.287,949.4,11.860,0.170,2.240,1.0,4.4,0.7073,60.34,331.2,0.99,277.3,59.4,0
2026-08-23 18:33:22.294,950.4,11.860,0.290,3.350,1.0,4.4,0.7082,60.42,330.8,0.99,277.2,60.0,0
2026-08-23 18:33:23.334,951.5,11.860,0.230,2.780,1.0,4.4,0.7090,60.49,331.9,0.99,278.5,60.0,0
2026-08-23 18:33:24.369,952.5,11.860,0.210,2.950,1.0,4.4,0.7099,60.55,332.0,0.99,278.1,59.4,0
2026-08-23 18:33:25.377,953.5,11.860,0.200,2.370,1.0,4.4,0.7105,60.61,331.6,0.99,278.1,59.4,0
2026-08-23 18:33:26.416,954.5,11.860,0.170,1.790,1.0,4.4,0.7111,60.66,332.3,0.99,278.8,60.0,0
2026-08-23 18:33:27.452,955.6,11.860,0.270,2.770,1.0,4.4,0.7119,60.73,332.2,0.99,278.4,60.0,0
2026-08-23 18:33:28.460,956.6,11.860,0.250,2.630,1.0,4.4,0.7126,60.80,331.4,0.99,278.1,60.0,0
2026-08-23 18:33:29.523,957.6,11.850,0.140,1.680,0.0,0.0,0.7131,60.85,332.4,0.99,279.8,60.0,0
2026-08-23 18:33:30.606,958.7,11.860,0.300,3.520,1.0,4.4,0.7141,60.94,332.6,0.99,280.5,60.0,0
2026-08-23 18:33:31.626,959.8,11.850,0.170,2.030,0.0,0.0,0.7147,60.98,332.4,0.99,279.2,60.0,0
2026-08-23 18:33:32.674,960.8,11.860,0.240,2.880,1.0,4.4,0.7156,61.05,331.1,0.99,277.9,60.0,0
2026-08-23 18:33:33.739,961.9,11.860,0.220,2.660,1.0,4.4,0.7163,61.12,331.4,0.99,277.8,60.0,0
2026-08-23 18:33:34.773,962.9,11.860,0.170,2.480,1.0,4.4,0.7171,61.17,332.3,0.99,278.7,60.0,0
2026-08-23 18:33:35.776,963.9,11.860,0.210,2.500,1.0,4.4,0.7178,61.23,330.8,0.99,277.3,59.4,0
2026-08-23 18:33:36.842,965.0,11.860,0.290,2.970,1.0,4.4,0.7186,61.31,331.7,0.99,278.0,60.0,0
2026-08-23 18:33:37.877,966.0,11.860,0.190,2.230,1.0,4.4,0.7193,61.37,332.5,0.99,279.0,59.4,0
2026-08-23 18:33:38.918,967.0,11.860,0.280,2.790,1.0,4.4,0.7201,61.45,331.9,0.99,279.0,60.0,0
2026-08-23 18:33:39.954,968.1,11.860,0.110,1.910,1.0,4.4,0.7206,61.48,331.9,0.99,278.1,60.0,0
2026-08-23 18:33:41.020,969.1,11.860,0.210,2.650,1.0,4.4,0.7214,61.54,331.8,0.99,279.1,60.0,0
2026-08-23 18:33:42.041,970.2,11.860,0.290,3.400,1.0,4.4,0.7224,61.62,332.3,0.99,279.2,60.0,0
2026-08-23 18:33:43.161,971.3,11.860,0.230,2.690,1.0,4.4,0.7232,61.70,332.5,0.99,279.6,60.0,0
2026-08-23 18:33:44.282,972.4,11.860,0.290,3.450,1.0,4.4,0.7243,61.79,332.4,0.99,279.1,60.0,0
2026-08-23 18:33:45.350,973.5,11.860,0.130,1.600,1.0,4.4,0.7248,61.82,331.6,0.99,277.9,60.0,0
2026-08-23 18:33:46.385,974.5,11.860,0.230,2.450,1.0,4.4,0.7255,61.89,331.3,0.99,278.1,60.0,0
2026-08-23 18:33:47.506,975.6,11.860,0.250,3.020,1.0,4.4,0.7264,61.97,332.2,0.99,279.1,60.0,0
2026-08-23 18:33:48.542,976.7,11.860,0.210,2.950,1.0,4.4,0.7273,62.03,333.2,0.99,280.0,60.6,0
2026-08-23 18:33:49.549,977.7,11.860,0.290,3.420,1.0,4.4,0.7282,62.11,332.1,0.99,278.5,60.0,0
2026-08-23 18:33:50.619,978.7,11.860,0.200,1.740,1.0,4.4,0.7287,62.17,331.3,0.99,278.1,60.6,0
2026-08-23 18:33:51.685,979.8,11.860,0.300,2.840,1.0,4.4,0.7296,62.26,333.0,0.99,280.3,60.0,0
2026-08-23 18:33:52.721,980.8,11.860,0.230,2.690,1.0,4.4,0.7303,62.32,332.8,0.99,279.5,60.0,0
2026-08-23 18:33:53.799,981.9,11.860,0.310,3.670,1.0,4.4,0.7314,62.42,333.3,0.99,281.1,60.0,0
2026-08-23 18:33:54.824,983.0,11.860,0.160,1.930,1.0,4.4,0.7320,62.46,333.1,0.99,280.7,60.0,0
2026-08-23 18:33:55.847,984.0,11.860,0.150,1.800,1.0,4.4,0.7325,62.51,332.3,0.99,279.2,60.6,0
2026-08-23 18:33:56.896,985.0,11.860,0.300,3.520,1.0,4.4,0.7335,62.59,333.2,0.99,280.8,60.0,0
2026-08-23 18:33:57.930,986.1,11.860,0.220,2.090,1.0,4.4,0.7341,62.66,332.4,0.99,279.1,60.6,0
2026-08-23 18:33:58.995,987.1,11.860,0.240,3.180,1.0,4.4,0.7351,62.73,331.8,0.99,278.6,60.0,0
2026-08-23 18:34:00.087,988.2,11.860,0.220,2.590,1.0,4.4,0.7359,62.79,333.4,0.99,280.4,60.6,0
2026-08-23 18:34:01.094,989.2,11.850,0.150,1.360,0.0,0.0,0.7362,62.84,332.4,0.99,279.3,61.1,0
2026-08-23 18:34:02.130,990.3,11.860,0.220,2.640,1.0,4.4,0.7370,62.90,332.5,0.99,279.4,60.0,0
2026-08-23 18:34:03.170,991.3,11.860,0.170,2.590,1.0,4.4,0.7377,62.95,332.4,0.99,279.0,60.6,0
2026-08-23 18:34:04.192,992.3,11.860,0.230,3.330,1.0,4.4,0.7387,63.01,332.3,0.99,278.8,60.6,0
2026-08-23 18:34:05.228,993.4,11.860,0.200,2.840,1.0,4.4,0.7395,63.07,331.8,0.99,278.4,60.6,0
2026-08-23 18:34:06.312,994.4,11.860,0.180,2.080,1.0,4.4,0.7401,63.12,331.8,0.99,278.9,60.6,0
2026-08-23 18:34:07.334,995.5,11.860,0.230,2.760,1.0,4.4,0.7409,63.19,334.4,0.99,282.3,60.0,0
2026-08-23 18:34:08.454,996.6,11.860,0.230,2.780,1.0,4.4,0.7418,63.26,334.1,0.99,282.0,60.6,0
2026-08-23 18:34:09.482,997.6,11.860,0.230,2.480,1.0,4.4,0.7425,63.33,333.9,0.99,281.0,60.6,0
2026-08-23 18:34:10.517,998.6,11.860,0.190,2.210,1.0,4.4,0.7431,63.38,333.0,0.99,279.9,60.6,0
2026-08-23 18:34:11.524,999.7,11.860,0.180,2.110,1.0,4.4,0.7437,63.43,332.4,0.99,279.5,60.6,0
2026-08-23 18:34:12.579,1000.7,11.860,0.140,1.720,1.0,4.4,0.7442,63.47,332.5,0.99,279.3,60.6,0
2026-08-23 18:34:13.614,1001.7,11.860,0.270,3.570,1.0,4.4,0.7453,63.55,333.2,0.99,280.0,60.0,0
2026-08-23 18:34:14.737,1002.9,11.860,0.230,2.200,1.0,4.4,0.7459,63.62,333.2,0.99,280.5,60.6,0
2026-08-23 18:34:15.774,1003.9,11.860,0.240,2.850,1.0,4.4,0.7468,63.69,333.5,0.99,280.5,60.6,0
2026-08-23 18:34:16.795,1004.9,11.860,0.240,2.880,1.0,4.4,0.7476,63.76,332.7,0.99,279.3,60.6,0
2026-08-23 18:34:17.811,1005.9,11.860,0.220,2.600,1.0,4.4,0.7483,63.82,332.4,0.99,279.6,60.6,0
2026-08-23 18:34:18.836,1007.0,11.860,0.270,2.560,1.0,4.4,0.7490,63.90,333.7,0.99,281.4,60.6,0
2026-08-23 18:34:19.920,1008.0,11.860,0.260,3.080,1.0,4.4,0.7500,63.98,333.6,0.99,281.7,60.6,0
2026-08-23 18:34:20.971,1009.1,11.850,0.150,2.250,0.0,0.0,0.7506,64.02,333.0,0.99,281.2,60.6,0
2026-08-23 18:34:22.007,1010.1,11.860,0.190,2.280,1.0,4.4,0.7513,64.08,333.6,0.99,280.8,60.6,0
2026-08-23 18:34:23.072,1011.2,11.860,0.190,1.810,1.0,4.4,0.7518,64.13,333.5,0.99,280.9,60.6,0
2026-08-23 18:34:24.141,1012.3,11.860,0.220,3.330,1.0,4.4,0.7528,64.20,333.2,0.99,280.4,60.0,0
2026-08-23 18:34:25.148,1013.3,11.860,0.300,3.010,1.0,4.4,0.7536,64.28,333.4,0.99,280.3,60.0,0
2026-08-23 18:34:26.184,1014.3,11.860,0.150,1.740,1.0,4.4,0.7541,64.32,332.7,0.99,279.2,60.6,0
2026-08-23 18:34:27.225,1015.4,11.860,0.140,2.230,1.0,4.4,0.7548,64.36,331.7,0.99,278.3,60.6,0
2026-08-23 18:34:28.232,1016.4,11.860,0.300,3.010,1.0,4.4,0.7556,64.45,331.9,0.99,279.0,60.0,0
2026-08-23 18:34:29.269,1017.4,11.860,0.200,2.340,1.0,4.4,0.7563,64.51,332.5,0.99,279.3,60.6,0
2026-08-23 18:34:30.318,1018.4,11.860,0.210,2.550,1.0,4.4,0.7571,64.57,332.3,0.99,279.6,60.6,0
2026-08-23 18:34:31.335,1019.5,11.860,0.140,1.970,1.0,4.4,0.7576,64.61,333.8,0.99,281.5,60.0,0
2026-08-23 18:34:32.419,1020.5,11.860,0.220,2.570,1.0,4.4,0.7584,64.67,333.7,0.99,282.1,60.6,0
2026-08-23 18:34:33.486,1021.6,11.860,0.300,3.550,1.0,4.4,0.7594,64.76,331.8,0.99,278.7,60.6,0
2026-08-23 18:34:34.521,1022.6,11.860,0.220,1.890,1.0,4.4,0.7600,64.83,332.4,0.99,279.3,60.6,0
2026-08-23 18:34:35.543,1023.7,11.860,0.180,2.600,1.0,4.4,0.7607,64.88,331.8,0.99,278.3,60.6,0
2026-08-23 18:34:36.583,1024.7,11.860,0.140,2.200,1.0,4.4,0.7613,64.92,332.3,0.99,279.1,60.0,0
2026-08-23 18:34:37.618,1025.7,11.860,0.200,2.830,1.0,4.4,0.7622,64.97,332.7,0.99,279.6,60.6,0
2026-08-23 18:34:38.684,1026.8,11.860,0.320,3.840,1.0,4.4,0.7633,65.07,332.1,0.99,279.5,60.6,0
2026-08-23 18:34:39.693,1027.8,11.860,0.260,3.080,1.0,4.4,0.7642,65.14,332.6,0.99,279.5,60.0,0
2026-08-23 18:34:40.760,1028.9,11.860,0.200,2.390,1.0,4.4,0.7649,65.20,332.9,0.99,280.2,60.6,0
2026-08-23 18:34:41.795,1029.9,11.860,0.120,2.030,1.0,4.4,0.7655,65.24,332.5,0.99,280.0,60.6,0
2026-08-23 18:34:42.820,1030.9,11.860,0.200,2.320,1.0,4.4,0.7661,65.29,333.5,0.99,281.0,60.6,0
2026-08-23 18:34:43.844,1032.0,11.860,0.270,3.190,1.0,4.4,0.7670,65.37,332.7,0.99,279.5,60.6,0
2026-08-23 18:34:44.865,1033.0,11.860,0.230,2.310,1.0,4.4,0.7677,65.43,333.7,0.99,281.0,60.6,0
2026-08-23 18:34:45.908,1034.0,11.860,0.240,2.870,1.0,4.4,0.7685,65.50,332.4,0.99,278.8,60.0,0
2026-08-23 18:34:46.914,1035.0,11.870,0.320,3.040,2.0,8.9,0.7694,65.59,332.9,0.99,279.8,60.0,0
2026-08-23 18:34:47.949,1036.1,11.860,0.200,2.320,1.0,4.4,0.7700,65.65,332.7,0.99,279.4,60.6,0
2026-08-23 18:34:48.989,1037.1,11.860,0.210,3.200,1.0,4.4,0.7710,65.71,332.2,0.99,279.1,60.6,0
2026-08-23 18:34:50.025,1038.2,11.860,0.260,2.810,1.0,4.4,0.7718,65.79,332.3,0.99,278.9,60.6,0
2026-08-23 18:34:51.147,1039.3,11.860,0.220,2.650,1.0,4.4,0.7726,65.86,333.1,0.99,280.1,60.6,0
2026-08-23 18:34:52.183,1040.3,11.860,0.190,2.220,1.0,4.4,0.7732,65.91,332.5,0.99,279.6,60.6,0
2026-08-23 18:34:53.220,1041.3,11.860,0.230,2.680,1.0,4.4,0.7740,65.98,332.1,0.99,278.6,60.0,0
2026-08-23 18:34:54.226,1042.4,11.860,0.260,3.070,1.0,4.4,0.7749,66.05,332.9,0.99,279.9,60.6,0
2026-08-23 18:34:55.346,1043.5,11.860,0.270,2.840,1.0,4.4,0.7757,66.13,333.4,0.99,281.3,60.6,0
2026-08-23 18:34:56.466,1044.6,11.860,0.190,2.830,1.0,4.4,0.7766,66.19,333.4,0.99,281.6,60.6,0
2026-08-23 18:34:57.487,1045.6,11.860,0.130,1.990,1.0,4.4,0.7772,66.23,332.9,0.99,280.6,60.0,0
2026-08-23 18:34:58.495,1046.6,11.860,0.250,2.520,1.0,4.4,0.7779,66.30,332.1,0.99,279.2,60.6,0
2026-08-23 18:34:59.530,1047.7,11.870,0.330,3.970,2.0,8.9,0.7790,66.39,332.9,0.99,280.0,60.6,0
2026-08-23 18:35:00.569,1048.7,11.860,0.290,2.890,1.0,4.4,0.7799,66.48,332.5,0.99,279.6,60.6,0
2026-08-23 18:35:01.664,1049.8,11.860,0.230,3.400,1.0,4.4,0.7809,66.55,332.6,0.99,279.4,60.6,0
2026-08-23 18:35:02.671,1050.8,11.860,0.150,1.830,1.0,4.4,0.7814,66.59,333.3,0.99,280.3,60.6,0
2026-08-23 18:35:03.740,1051.9,11.860,0.210,2.740,1.0,4.4,0.7822,66.65,333.3,0.99,280.1,60.6,0
2026-08-23 18:35:04.806,1052.9,11.860,0.180,2.190,1.0,4.4,0.7829,66.71,332.7,0.99,279.3,60.6,0
2026-08-23 18:35:05.841,1054.0,11.860,0.260,3.490,1.0,4.4,0.7839,66.78,332.7,0.99,279.5,61.1,0
2026-08-23 18:35:06.915,1055.0,11.860,0.260,3.100,1.0,4.4,0.7848,66.86,334.0,0.99,282.4,60.0,0
2026-08-23 18:35:07.953,1056.1,11.860,0.150,1.820,1.0,4.4,0.7853,66.90,333.6,0.99,281.3,60.6,0
2026-08-23 18:35:09.007,1057.1,11.860,0.230,2.080,1.0,4.4,0.7859,66.97,332.8,0.99,279.9,60.6,0
2026-08-23 18:35:10.009,1058.1,11.860,0.290,3.380,1.0,4.4,0.7869,67.05,332.3,0.99,278.9,60.6,0
2026-08-23 18:35:11.074,1059.2,11.860,0.220,3.140,1.0,4.4,0.7878,67.11,332.2,0.99,279.4,60.0,0
2026-08-23 18:35:12.110,1060.2,11.860,0.150,1.830,1.0,4.4,0.7883,67.16,332.6,0.99,278.8,60.0,0
2026-08-23 18:35:13.150,1061.3,11.860,0.170,2.030,1.0,4.4,0.7889,67.21,333.2,0.99,281.0,60.6,0
2026-08-23 18:35:14.185,1062.3,11.860,0.200,2.130,1.0,4.4,0.7895,67.26,332.5,0.99,279.6,60.0,0
2026-08-23 18:35:15.251,1063.4,11.860,0.240,3.510,1.0,4.4,0.7906,67.33,332.6,0.99,280.2,60.0,0
2026-08-23 18:35:16.260,1064.4,11.860,0.230,2.710,1.0,4.4,0.7913,67.40,332.7,0.99,279.4,60.6,0
2026-08-23 18:35:17.282,1065.4,11.860,0.260,3.060,1.0,4.4,0.7922,67.47,332.2,0.99,279.0,60.6,0
2026-08-23 18:35:18.318,1066.4,11.860,0.310,3.700,1.0,4.4,0.7933,67.56,332.3,0.99,279.0,60.6,0
2026-08-23 18:35:19.346,1067.5,11.860,0.230,2.690,1.0,4.4,0.7940,67.63,333.1,0.99,280.6,60.0,0
2026-08-23 18:35:20.400,1068.5,11.860,0.260,2.660,1.0,4.4,0.7948,67.70,332.5,0.99,279.7,60.6,0
2026-08-23 18:35:21.509,1069.6,11.860,0.250,2.950,1.0,4.4,0.7957,67.78,333.6,0.99,281.8,60.0,0
2026-08-23 18:35:22.545,1070.7,11.860,0.200,2.710,1.0,4.4,0.7965,67.84,332.2,0.99,278.5,60.6,0
2026-08-23 18:35:23.610,1071.7,11.860,0.220,2.560,1.0,4.4,0.7973,67.90,332.3,0.99,279.5,60.0,0
2026-08-23 18:35:24.679,1072.8,11.860,0.190,2.250,1.0,4.4,0.7979,67.96,331.9,0.98,277.8,60.6,0
2026-08-23 18:35:25.746,1073.9,11.860,0.270,3.960,1.0,4.4,0.7991,68.04,332.0,0.99,279.1,60.6,0
2026-08-23 18:35:26.781,1074.9,11.860,0.200,3.070,1.0,4.4,0.8000,68.10,332.6,0.99,278.8,60.6,0
2026-08-23 18:35:27.850,1076.0,11.860,0.250,2.460,1.0,4.4,0.8007,68.17,333.0,0.99,280.2,60.0,0
2026-08-23 18:35:28.858,1077.0,11.860,0.300,2.830,1.0,4.4,0.8015,68.26,331.9,0.99,278.8,60.6,0
2026-08-23 18:35:29.893,1078.0,11.860,0.130,2.180,1.0,4.4,0.8021,68.29,331.9,0.99,278.4,60.0,0
2026-08-23 18:35:30.942,1079.1,11.860,0.230,2.740,1.0,4.4,0.8029,68.36,332.7,0.99,280.5,60.0,0
2026-08-23 18:35:32.003,1080.1,11.860,0.230,2.760,1.0,4.4,0.8037,68.43,332.6,0.99,279.9,60.0,0
2026-08-23 18:35:33.093,1081.2,11.860,0.190,2.820,1.0,4.4,0.8046,68.49,332.1,0.99,279.4,60.6,0
2026-08-23 18:35:34.164,1082.3,11.860,0.160,2.570,1.0,4.4,0.8054,68.53,332.4,0.99,280.2,60.0,0
2026-08-23 18:35:35.199,1083.3,11.860,0.200,2.410,1.0,4.4,0.8061,68.59,331.4,0.99,277.8,60.6,0
2026-08-23 18:35:36.265,1084.4,11.870,0.330,3.220,2.0,8.9,0.8070,68.69,331.7,0.99,278.4,60.0,0
2026-08-23 18:35:37.320,1085.4,11.860,0.220,1.940,1.0,4.4,0.8076,68.75,331.5,0.99,278.4,60.0,0
2026-08-23 18:35:38.355,1086.5,11.860,0.240,2.240,1.0,4.4,0.8082,68.82,331.5,0.99,278.7,60.6,0
2026-08-23 18:35:39.422,1087.5,11.860,0.160,1.320,1.0,4.4,0.8086,68.87,331.8,0.99,278.9,60.0,0
2026-08-23 18:35:40.477,1088.6,11.860,0.160,2.290,1.0,4.4,0.8093,68.92,330.7,0.99,277.1,60.6,0
2026-08-23 18:35:41.513,1089.6,11.860,0.310,2.870,1.0,4.4,0.8101,69.01,331.6,0.99,278.0,60.0,0
2026-08-23 18:35:42.579,1090.7,11.860,0.200,2.060,1.0,4.4,0.8107,69.06,331.8,0.99,278.3,60.0,0
2026-08-23 18:35:43.606,1091.7,11.860,0.230,3.060,1.0,4.4,0.8116,69.13,332.1,0.99,279.1,60.0,0
2026-08-23 18:35:44.661,1092.8,11.860,0.170,2.050,1.0,4.4,0.8122,69.18,333.0,0.99,280.1,60.0,0
2026-08-23 18:35:45.744,1093.9,11.860,0.200,2.800,1.0,4.4,0.8130,69.24,332.1,0.99,279.8,60.0,0
2026-08-23 18:35:46.813,1094.9,11.870,0.330,3.920,2.0,8.9,0.8142,69.34,332.1,0.99,278.5,60.0,0
2026-08-23 18:35:47.848,1096.0,11.860,0.230,2.570,1.0,4.4,0.8149,69.40,331.1,0.99,277.6,60.0,0
2026-08-23 18:35:48.968,1097.1,11.860,0.250,3.220,1.0,4.4,0.8159,69.48,330.8,0.99,277.5,60.0,0
2026-08-23 18:35:49.975,1098.1,11.860,0.170,2.700,1.0,4.4,0.8167,69.53,331.4,0.99,277.5,60.0,0
2026-08-23 18:35:51.011,1099.1,11.860,0.200,2.390,1.0,4.4,0.8174,69.59,331.1,0.99,277.9,60.0,0
2026-08-23 18:35:52.051,1100.2,11.860,0.280,2.490,1.0,4.4,0.8181,69.67,331.3,0.98,277.3,60.0,0
2026-08-23 18:35:53.058,1101.2,11.860,0.230,2.670,1.0,4.4,0.8188,69.73,330.6,0.98,276.7,60.0,0
2026-08-23 18:35:54.095,1102.2,11.860,0.190,2.510,1.0,4.4,0.8196,69.79,331.4,0.99,278.0,60.0,0
2026-08-23 18:35:55.170,1103.3,11.860,0.170,1.840,1.0,4.4,0.8201,69.84,331.3,0.99,277.8,60.0,0
2026-08-23 18:35:56.196,1104.3,11.860,0.230,2.240,1.0,4.4,0.8208,69.90,332.4,0.99,280.0,60.0,0
2026-08-23 18:35:57.217,1105.3,11.860,0.300,3.050,1.0,4.4,0.8216,69.99,332.5,0.99,279.6,60.0,0
2026-08-23 18:35:58.269,1106.4,11.860,0.230,2.700,1.0,4.4,0.8224,70.06,331.7,0.99,278.4,60.0,0
2026-08-23 18:35:59.335,1107.5,11.860,0.260,2.500,1.0,4.4,0.8232,70.13,331.8,0.99,279.6,60.0,0
2026-08-23 18:36:00.370,1108.5,11.860,0.130,1.550,1.0,4.4,0.8236,70.17,330.8,0.99,277.2,60.0,0
2026-08-23 18:36:01.438,1109.6,11.860,0.220,2.660,1.0,4.4,0.8244,70.24,332.7,0.99,279.9,60.0,0
2026-08-23 18:36:02.504,1110.6,11.860,0.270,3.640,1.0,4.4,0.8255,70.32,331.2,0.99,277.8,60.0,0
2026-08-23 18:36:03.570,1111.7,11.860,0.230,2.670,1.0,4.4,0.8263,70.38,333.0,0.99,280.0,60.0,0
2026-08-23 18:36:04.661,1112.8,11.860,0.230,3.340,1.0,4.4,0.8273,70.45,334.5,0.99,281.8,60.0,0
2026-08-23 18:36:05.668,1113.8,11.860,0.200,2.410,1.0,4.4,0.8279,70.51,334.5,0.99,281.9,60.0,0
2026-08-23 18:36:06.705,1114.8,11.860,0.220,3.060,1.0,4.4,0.8288,70.57,333.4,0.99,281.0,60.0,0
2026-08-23 18:36:07.786,1115.9,11.860,0.210,2.540,1.0,4.4,0.8296,70.64,332.8,0.99,279.8,60.0,0
2026-08-23 18:36:08.869,1117.0,11.860,0.220,3.260,1.0,4.4,0.8306,70.70,332.9,0.99,280.5,60.6,0
2026-08-23 18:36:09.990,1118.1,11.860,0.220,2.120,1.0,4.4,0.8312,70.77,333.1,0.99,280.6,60.0,0
2026-08-23 18:36:11.032,1119.2,11.860,0.150,1.730,1.0,4.4,0.8317,70.81,332.2,0.99,278.7,60.0,0
2026-08-23 18:36:12.038,1120.2,11.860,0.290,3.450,1.0,4.4,0.8327,70.89,331.7,0.99,278.6,60.0,0
2026-08-23 18:36:13.045,1121.2,11.860,0.220,1.830,1.0,4.4,0.8332,70.96,331.7,0.99,278.8,60.0,0
2026-08-23 18:36:14.085,1122.2,11.860,0.260,3.120,1.0,4.4,0.8341,71.03,332.4,0.99,280.0,60.6,0
2026-08-23 18:36:15.121,1123.2,11.860,0.250,2.780,1.0,4.4,0.8349,71.10,332.1,0.99,278.9,60.6,0
2026-08-23 18:36:16.129,1124.3,11.860,0.150,1.990,1.0,4.4,0.8355,71.15,331.9,0.99,279.1,60.0,0
2026-08-23 18:36:17.169,1125.3,11.860,0.210,2.430,1.0,4.4,0.8362,71.21,332.5,0.99,279.8,60.6,0
2026-08-23 18:36:18.205,1126.3,11.860,0.310,2.940,1.0,4.4,0.8370,71.29,332.9,0.99,280.0,60.0,0
2026-08-23 18:36:19.213,1127.3,11.860,0.190,2.210,1.0,4.4,0.8376,71.35,332.1,0.99,279.2,60.0,0
2026-08-23 18:36:20.238,1128.4,11.860,0.230,2.630,1.0,4.4,0.8384,71.41,333.4,0.99,280.8,60.0,0
2026-08-23 18:36:21.321,1129.4,11.860,0.210,1.730,1.0,4.4,0.8389,71.48,333.9,0.99,282.0,60.0,0
2026-08-23 18:36:22.345,1130.5,11.860,0.210,2.090,1.0,4.4,0.8395,71.54,333.6,0.99,281.0,60.0,0
2026-08-23 18:36:23.413,1131.5,11.860,0.320,3.770,1.0,4.4,0.8406,71.63,332.3,0.99,279.5,60.0,0
2026-08-23 18:36:24.448,1132.6,11.860,0.240,2.450,1.0,4.4,0.8413,71.70,333.4,0.99,280.2,60.0,0
2026-08-23 18:36:25.569,1133.7,11.860,0.240,2.150,1.0,4.4,0.8420,71.78,333.1,0.99,280.3,60.6,0
2026-08-23 18:36:26.606,1134.7,11.860,0.150,2.070,1.0,4.4,0.8426,71.82,332.3,0.99,279.4,60.0,0
2026-08-23 18:36:27.672,1135.8,11.860,0.240,2.480,1.0,4.4,0.8433,71.89,333.3,0.99,280.6,60.0,0
2026-08-23 18:36:28.712,1136.8,11.860,0.330,3.880,1.0,4.4,0.8444,71.98,333.4,0.99,280.9,60.0,0
2026-08-23 18:36:29.747,1137.9,11.860,0.220,2.570,1.0,4.4,0.8452,72.05,333.0,0.99,279.6,60.0,0
2026-08-23 18:36:30.814,1138.9,11.860,0.240,2.900,1.0,4.4,0.8460,72.12,333.8,0.99,281.4,60.0,0
2026-08-23 18:36:31.889,1140.0,11.860,0.180,2.110,1.0,4.4,0.8467,72.17,331.6,0.99,278.0,60.0,0
2026-08-23 18:36:32.972,1141.1,11.860,0.220,2.660,1.0,4.4,0.8475,72.24,334.3,0.99,282.1,60.0,0
2026-08-23 18:36:34.056,1142.2,11.860,0.160,2.570,1.0,4.4,0.8482,72.29,333.5,0.99,281.3,60.6,0
2026-08-23 18:36:35.104,1143.2,11.860,0.230,3.520,1.0,4.4,0.8493,72.35,333.6,0.99,281.3,60.0,0
2026-08-23 18:36:36.169,1144.3,11.860,0.260,2.680,1.0,4.4,0.8501,72.43,332.3,0.99,279.5,60.0,0
2026-08-23 18:36:37.204,1145.3,11.860,0.160,1.950,1.0,4.4,0.8506,72.48,333.4,0.99,280.6,60.0,0
2026-08-23 18:36:38.207,1146.3,11.860,0.180,2.380,1.0,4.4,0.8513,72.53,332.5,0.99,279.6,60.6,0
2026-08-23 18:36:39.273,1147.4,11.860,0.270,2.410,1.0,4.4,0.8520,72.61,333.4,0.99,280.6,60.6,0
2026-08-23 18:36:40.308,1148.4,11.860,0.220,2.560,1.0,4.4,0.8527,72.67,333.3,0.99,280.4,60.6,0
2026-08-23 18:36:41.334,1149.5,11.860,0.160,1.900,1.0,4.4,0.8533,72.72,333.0,0.99,280.4,60.6,0
2026-08-23 18:36:42.371,1150.5,11.860,0.170,1.390,1.0,4.4,0.8537,72.77,334.5,0.99,282.7,60.0,0
2026-08-23 18:36:43.408,1151.5,11.860,0.230,2.260,1.0,4.4,0.8543,72.83,334.2,0.99,281.7,60.6,0
2026-08-23 18:36:44.491,1152.6,11.860,0.270,3.180,1.0,4.4,0.8553,72.91,336.5,1.00,285.1,60.6,0
2026-08-23 18:36:45.575,1153.7,11.860,0.260,3.600,1.0,4.4,0.8564,72.99,336.0,1.00,285.0,60.6,0
2026-08-23 18:36:46.596,1154.7,11.860,0.290,3.480,1.0,4.4,0.8573,73.07,335.2,0.99,283.2,60.6,0
2026-08-23 18:36:47.608,1155.7,11.860,0.230,2.680,1.0,4.4,0.8581,73.14,332.8,0.99,280.5,60.6,0
2026-08-23 18:36:48.674,1156.8,11.860,0.160,1.910,1.0,4.4,0.8587,73.19,333.5,0.99,281.5,60.0,0
2026-08-23 18:36:49.709,1157.8,11.860,0.280,3.230,1.0,4.4,0.8596,73.27,333.5,0.99,280.8,60.6,0
2026-08-23 18:36:50.750,1158.9,11.860,0.210,3.170,1.0,4.4,0.8605,73.33,333.1,0.99,280.5,60.6,0
2026-08-23 18:36:51.785,1159.9,11.860,0.230,3.040,1.0,4.4,0.8614,73.39,332.9,0.99,280.1,60.6,0
2026-08-23 18:36:52.793,1160.9,11.860,0.180,1.780,1.0,4.4,0.8619,73.44,333.9,0.99,281.4,60.0,0
2026-08-23 18:36:53.832,1162.0,11.860,0.230,2.730,1.0,4.4,0.8627,73.51,333.3,0.99,280.5,60.0,0
2026-08-23 18:36:54.898,1163.0,11.860,0.250,3.570,1.0,4.4,0.8637,73.58,332.2,0.99,279.4,60.0,0
2026-08-23 18:36:55.934,1164.1,11.860,0.240,2.390,1.0,4.4,0.8644,73.65,332.1,0.99,279.3,60.0,0
2026-08-23 18:36:57.021,1165.1,11.860,0.220,2.020,1.0,4.4,0.8650,73.72,334.3,0.99,282.5,60.0,0
2026-08-23 18:36:58.024,1166.2,11.860,0.120,1.460,1.0,4.4,0.8654,73.75,333.1,0.99,280.2,60.0,0
2026-08-23 18:36:59.129,1167.3,11.860,0.260,2.550,1.0,4.4,0.8662,73.83,333.4,0.99,281.6,60.6,0
2026-08-23 18:37:00.135,1168.3,11.860,0.260,3.130,1.0,4.4,0.8671,73.90,332.9,0.99,279.8,60.6,0
2026-08-23 18:37:01.156,1169.3,11.860,0.260,3.070,1.0,4.4,0.8680,73.98,332.4,0.99,279.1,60.0,0
2026-08-23 18:37:02.196,1170.3,11.860,0.180,2.570,1.0,4.4,0.8687,74.03,332.2,0.99,278.9,60.0,0
2026-08-23 18:37:03.203,1171.3,11.860,0.280,3.700,1.0,4.4,0.8697,74.11,331.5,0.99,277.9,60.6,0
2026-08-23 18:37:04.239,1172.4,11.860,0.200,2.430,1.0,4.4,0.8704,74.17,332.2,0.99,279.6,60.6,0
2026-08-23 18:37:05.279,1173.4,11.860,0.260,3.050,1.0,4.4,0.8713,74.24,332.1,0.99,278.8,60.6,0
2026-08-23 18:37:06.286,1174.4,11.860,0.220,3.090,1.0,4.4,0.8722,74.30,331.8,0.99,278.5,60.0,0
2026-08-23 18:37:07.323,1175.5,11.860,0.160,1.500,1.0,4.4,0.8726,74.35,332.2,0.99,279.6,60.6,0
2026-08-23 18:37:08.399,1176.5,11.860,0.170,2.050,1.0,4.4,0.8732,74.40,332.5,0.99,279.3,60.0,0
2026-08-23 18:37:09.423,1177.6,11.860,0.300,4.090,1.0,4.4,0.8744,74.49,333.7,0.99,281.3,60.6,0
2026-08-23 18:37:10.507,1178.6,11.870,0.280,3.680,2.0,8.9,0.8755,74.57,334.0,0.99,282.3,60.0,0
2026-08-23 18:37:11.595,1179.7,11.860,0.210,3.150,1.0,4.4,0.8765,74.63,333.8,0.99,281.3,60.6,0
2026-08-23 18:37:12.630,1180.8,11.860,0.140,1.700,1.0,4.4,0.8769,74.67,332.5,0.99,279.7,60.6,0
2026-08-23 18:37:13.637,1181.8,11.860,0.200,1.780,1.0,4.4,0.8774,74.73,333.2,0.99,280.4,60.6,0
2026-08-23 18:37:14.676,1182.8,11.860,0.290,3.480,1.0,4.4,0.8784,74.81,331.7,0.99,278.9,60.6,0
2026-08-23 18:37:15.713,1183.8,11.860,0.260,3.390,1.0,4.4,0.8794,74.89,331.3,0.99,277.8,60.6,0
2026-08-23 18:37:16.721,1184.8,11.860,0.240,2.880,1.0,4.4,0.8802,74.96,333.4,0.99,280.5,60.0,0
2026-08-23 18:37:17.760,1185.9,11.860,0.180,2.100,1.0,4.4,0.8808,75.01,332.2,0.99,279.6,60.0,0
2026-08-23 18:37:18.782,1186.9,11.860,0.200,2.380,1.0,4.4,0.8815,75.06,332.7,0.99,280.1,60.6,0
2026-08-23 18:37:19.848,1188.0,11.860,0.310,3.720,1.0,4.4,0.8826,75.16,332.5,0.99,279.7,60.6,0
2026-08-23 18:37:20.926,1189.1,11.860,0.210,2.390,1.0,4.4,0.8833,75.22,333.2,0.99,280.5,60.6,0
2026-08-23 18:37:22.010,1190.1,11.860,0.290,3.480,1.0,4.4,0.8844,75.31,333.7,0.99,282.0,60.6,0
2026-08-23 18:37:23.013,1191.1,11.860,0.140,2.040,1.0,4.4,0.8849,75.34,333.6,0.99,281.2,61.1,0
2026-08-23 18:37:24.079,1192.2,11.860,0.250,3.000,1.0,4.4,0.8858,75.42,333.4,0.99,281.4,60.6,0
2026-08-23 18:37:25.101,1193.2,11.870,0.330,3.640,2.0,8.9,0.8869,75.51,332.7,0.99,279.7,60.6,0
2026-08-23 18:37:26.137,1194.3,11.860,0.220,2.830,1.0,4.4,0.8877,75.58,332.7,0.99,279.4,60.6,0
2026-08-23 18:37:27.176,1195.3,11.860,0.240,2.870,1.0,4.4,0.8885,75.65,333.9,0.99,281.6,60.6,0
2026-08-23 18:37:28.242,1196.4,11.860,0.170,1.770,1.0,4.4,0.8890,75.70,333.7,0.99,281.7,60.6,0
2026-08-23 18:37:29.278,1197.4,11.860,0.170,1.380,1.0,4.4,0.8894,75.74,333.9,0.99,280.8,60.6,0
2026-08-23 18:37:30.317,1198.4,11.860,0.270,3.200,1.0,4.4,0.8904,75.82,332.8,0.99,280.4,60.6,0
2026-08-23 18:37:31.399,1199.5,11.860,0.260,3.070,1.0,4.4,0.8913,75.90,333.4,0.99,281.1,60.6,0
2026-08-23 18:37:32.480,1200.6,11.860,0.250,3.020,1.0,4.4,0.8922,75.98,333.0,0.99,280.5,60.6,0
2026-08-23 18:37:33.537,1201.7,11.860,0.130,2.060,1.0,4.4,0.8928,76.01,334.0,0.99,281.8,60.6,0
2026-08-23 18:37:34.621,1202.7,11.860,0.210,2.500,1.0,4.4,0.8935,76.08,333.4,0.99,281.4,60.6,0
2026-08-23 18:37:35.667,1203.8,11.860,0.240,3.480,1.0,4.4,0.8946,76.15,333.6,0.99,281.6,60.6,0
2026-08-23 18:37:36.674,1204.8,11.860,0.210,3.100,1.0,4.4,0.8954,76.21,333.2,0.99,280.2,60.6,0
2026-08-23 18:37:37.710,1205.8,11.860,0.260,3.030,1.0,4.4,0.8963,76.28,334.7,0.99,282.3,60.6,0
2026-08-23 18:37:38.749,1206.9,11.860,0.190,1.780,1.0,4.4,0.8968,76.34,333.9,0.99,281.2,60.6,0
2026-08-23 18:37:39.756,1207.9,11.860,0.220,2.340,1.0,4.4,0.8975,76.40,332.9,0.99,280.1,60.6,0
2026-08-23 18:37:40.791,1208.9,11.860,0.250,3.020,1.0,4.4,0.8983,76.47,333.5,0.99,280.5,60.6,0
2026-08-23 18:37:41.801,1209.9,11.860,0.250,3.420,1.0,4.4,0.8993,76.54,332.1,0.99,278.8,60.0,0
2026-08-23 18:37:42.838,1211.0,11.860,0.200,2.330,1.0,4.4,0.9000,76.60,332.2,0.99,279.3,60.6,0
2026-08-23 18:37:43.874,1212.0,11.860,0.160,2.170,1.0,4.4,0.9006,76.64,332.0,0.99,279.2,60.6,0
2026-08-23 18:37:44.916,1213.0,11.860,0.190,2.290,1.0,4.4,0.9012,76.70,332.3,0.99,279.1,60.0,0
2026-08-23 18:37:46.000,1214.1,11.870,0.300,3.100,2.0,8.9,0.9022,76.79,333.9,0.99,281.2,60.0,0
2026-08-23 18:37:47.083,1215.2,11.860,0.160,2.580,1.0,4.4,0.9030,76.84,334.2,0.99,282.4,60.6,0
2026-08-23 18:37:48.135,1216.3,11.860,0.180,2.170,1.0,4.4,0.9036,76.89,333.4,0.99,281.1,60.6,0
2026-08-23 18:37:49.170,1217.3,11.860,0.290,3.460,1.0,4.4,0.9046,76.97,331.9,0.99,278.8,60.6,0
2026-08-23 18:37:50.176,1218.3,11.860,0.210,2.530,1.0,4.4,0.9053,77.03,332.0,0.99,279.3,60.6,0
2026-08-23 18:37:51.178,1219.3,11.860,0.230,2.110,1.0,4.4,0.9059,77.09,332.4,0.99,279.7,60.6,0
2026-08-23 18:37:52.214,1220.3,11.860,0.210,2.640,1.0,4.4,0.9066,77.15,332.5,0.99,279.5,60.6,0
2026-08-23 18:37:53.281,1221.4,11.860,0.220,2.830,1.0,4.4,0.9075,77.22,331.6,0.99,278.5,60.6,0
2026-08-23 18:37:54.321,1222.4,11.860,0.240,2.130,1.0,4.4,0.9081,77.29,331.9,0.99,279.8,60.0,0
2026-08-23 18:37:55.357,1223.5,11.870,0.290,3.430,2.0,8.9,0.9091,77.37,332.2,0.99,279.2,60.0,0
2026-08-23 18:37:56.379,1224.5,11.860,0.220,2.470,1.0,4.4,0.9098,77.44,332.1,0.99,278.8,60.6,0
2026-08-23 18:37:57.428,1225.6,11.860,0.200,2.860,1.0,4.4,0.9106,77.49,332.8,0.99,280.1,60.6,0
2026-08-23 18:37:58.452,1226.6,11.860,0.140,1.630,1.0,4.4,0.9111,77.53,334.0,1.00,282.5,60.6,0
2026-08-23 18:37:59.470,1227.6,11.860,0.180,2.690,1.0,4.4,0.9118,77.58,334.2,1.00,282.6,60.0,0
2026-08-23 18:38:00.517,1228.6,11.860,0.250,3.720,1.0,4.4,0.9129,77.66,333.9,0.99,281.9,60.6,0
2026-08-23 18:38:01.583,1229.7,11.860,0.270,3.200,1.0,4.4,0.9139,77.74,333.6,0.99,280.9,60.6,0
2026-08-23 18:38:02.617,1230.7,11.860,0.230,3.060,1.0,4.4,0.9147,77.80,332.8,0.99,279.8,60.6,0
2026-08-23 18:38:03.620,1231.7,11.870,0.290,3.400,2.0,8.9,0.9157,77.88,332.6,0.99,279.8,60.6,0
2026-08-23 18:38:04.686,1232.8,11.860,0.220,2.560,1.0,4.4,0.9165,77.95,333.0,0.99,280.2,60.6,0
2026-08-23 18:38:05.721,1233.8,11.860,0.260,3.040,1.0,4.4,0.9173,78.02,332.7,0.99,279.8,60.6,0
2026-08-23 18:38:06.747,1234.9,11.860,0.220,2.670,1.0,4.4,0.9181,78.09,332.8,0.99,280.2,60.6,0
2026-08-23 18:38:07.784,1235.9,11.860,0.180,2.450,1.0,4.4,0.9188,78.14,332.7,0.99,280.1,60.6,0
2026-08-23 18:38:08.791,1236.9,11.860,0.260,2.970,1.0,4.4,0.9196,78.21,331.4,0.99,278.0,60.6,0
2026-08-23 18:38:09.909,1238.0,11.860,0.200,1.750,1.0,4.4,0.9202,78.27,332.8,0.99,280.2,60.6,0
2026-08-23 18:38:11.029,1239.2,11.870,0.280,3.860,2.0,8.9,0.9214,78.36,332.9,0.99,280.1,60.6,0
2026-08-23 18:38:12.113,1240.2,11.860,0.170,1.980,1.0,4.4,0.9220,78.41,333.4,0.99,281.7,60.6,0
2026-08-23 18:38:13.154,1241.3,11.860,0.230,2.770,1.0,4.4,0.9228,78.48,333.0,0.99,279.6,60.6,0
2026-08-23 18:38:14.162,1242.3,11.860,0.310,3.650,1.0,4.4,0.9238,78.56,332.9,0.99,280.2,60.6,0
2026-08-23 18:38:15.198,1243.3,11.860,0.170,2.730,1.0,4.4,0.9246,78.61,333.0,0.99,280.0,60.6,0
2026-08-23 18:38:16.236,1244.4,11.860,0.230,3.300,1.0,4.4,0.9255,78.68,332.0,0.99,279.2,60.6,0
2026-08-23 18:38:17.302,1245.4,11.860,0.210,2.950,1.0,4.4,0.9264,78.74,332.4,0.99,279.1,60.6,0
2026-08-23 18:38:18.394,1246.5,11.860,0.220,2.910,1.0,4.4,0.9273,78.81,332.2,0.99,279.2,60.6,0
2026-08-23 18:38:19.401,1247.5,11.860,0.250,2.960,1.0,4.4,0.9281,78.88,332.3,0.99,279.1,60.6,0
2026-08-23 18:38:20.437,1248.6,11.860,0.240,2.890,1.0,4.4,0.9289,78.95,332.8,0.99,280.5,60.6,0
2026-08-23 18:38:21.480,1249.6,11.860,0.210,3.140,1.0,4.4,0.9298,79.01,332.2,0.99,279.1,60.6,0
2026-08-23 18:38:22.600,1250.7,11.860,0.250,2.990,1.0,4.4,0.9308,79.09,333.3,0.99,280.8,60.6,0
2026-08-23 18:38:23.720,1251.8,11.860,0.240,2.330,1.0,4.4,0.9315,79.16,332.5,0.99,279.5,60.6,0
2026-08-23 18:38:24.773,1252.9,11.860,0.160,1.870,1.0,4.4,0.9320,79.21,333.1,0.99,281.1,60.6,0
2026-08-23 18:38:25.807,1253.9,11.860,0.200,2.130,1.0,4.4,0.9327,79.27,332.2,0.99,279.2,60.6,0
2026-08-23 18:38:26.815,1254.9,11.870,0.310,3.440,2.0,8.9,0.9336,79.35,331.8,0.99,278.8,60.6,0
2026-08-23 18:38:27.854,1256.0,11.860,0.210,2.490,1.0,4.4,0.9343,79.41,332.7,0.99,280.4,60.6,0
2026-08-23 18:38:28.890,1257.0,11.860,0.240,2.900,1.0,4.4,0.9352,79.48,332.9,0.99,280.0,60.6,0
2026-08-23 18:38:29.898,1258.0,11.860,0.290,3.380,1.0,4.4,0.9361,79.56,332.3,0.99,279.8,60.6,0
2026-08-23 18:38:30.938,1259.1,11.860,0.160,1.930,1.0,4.4,0.9367,79.61,332.5,0.99,280.0,60.6,0
2026-08-23 18:38:31.974,1260.1,11.860,0.240,3.420,1.0,4.4,0.9377,79.68,332.4,0.99,279.4,60.6,0
2026-08-23 18:38:33.011,1261.1,11.860,0.280,2.970,1.0,4.4,0.9385,79.76,331.7,0.99,278.2,60.6,0
2026-08-23 18:38:34.030,1262.2,11.860,0.230,2.590,1.0,4.4,0.9393,79.82,332.8,0.99,280.4,60.6,0
2026-08-23 18:38:35.085,1263.2,11.860,0.190,2.830,1.0,4.4,0.9401,79.88,334.9,1.00,283.7,60.6,0
2026-08-23 18:38:36.106,1264.2,11.860,0.220,2.630,1.0,4.4,0.9408,79.94,333.7,0.99,281.4,60.6,0
2026-08-23 18:38:37.154,1265.3,11.860,0.250,2.950,1.0,4.4,0.9417,80.01,333.0,0.99,280.8,60.6,0
2026-08-23 18:38:38.219,1266.3,11.870,0.300,3.570,2.0,8.9,0.9427,80.10,332.3,0.99,279.5,60.6,0
2026-08-23 18:38:39.254,1267.4,11.860,0.150,2.430,1.0,4.4,0.9434,80.15,333.0,0.99,280.2,60.6,0
2026-08-23 18:38:40.257,1268.4,11.860,0.260,3.100,1.0,4.4,0.9443,80.22,333.1,0.99,280.2,60.6,0
2026-08-23 18:38:41.323,1269.4,11.870,0.270,2.650,2.0,8.9,0.9451,80.30,332.5,0.99,279.4,60.6,0
2026-08-23 18:38:42.358,1270.5,11.860,0.230,3.020,1.0,4.4,0.9460,80.37,332.4,0.99,279.7,60.6,0
2026-08-23 18:38:43.450,1271.6,11.860,0.270,3.580,1.0,4.4,0.9470,80.45,332.3,0.99,279.5,60.6,0
2026-08-23 18:38:44.516,1272.6,11.860,0.160,2.140,1.0,4.4,0.9477,80.49,332.8,0.99,280.2,60.6,0
2026-08-23 18:38:45.551,1273.7,11.860,0.120,1.480,1.0,4.4,0.9481,80.53,331.9,0.99,278.4,60.6,0
2026-08-23 18:38:46.636,1274.8,11.860,0.200,2.430,1.0,4.4,0.9488,80.59,333.8,0.99,282.3,60.6,0
2026-08-23 18:38:47.660,1275.8,11.870,0.250,3.000,2.0,8.9,0.9497,80.66,332.9,0.99,280.0,60.6,0
2026-08-23 18:38:48.743,1276.9,11.860,0.230,2.680,1.0,4.4,0.9505,80.73,334.3,1.00,283.2,60.6,0
2026-08-23 18:38:49.781,1277.9,11.860,0.160,1.900,1.0,4.4,0.9510,80.78,332.2,0.99,279.1,61.1,0
2026-08-23 18:38:50.846,1279.0,11.860,0.230,2.750,1.0,4.4,0.9519,80.84,331.9,0.99,279.0,60.6,0
2026-08-23 18:38:51.967,1280.1,11.860,0.230,2.110,1.0,4.4,0.9525,80.92,332.5,0.99,279.9,60.6,0
2026-08-23 18:38:53.002,1281.1,11.860,0.240,3.140,1.0,4.4,0.9534,80.98,333.0,0.99,279.8,60.6,0
2026-08-23 18:38:54.009,1282.1,11.860,0.280,3.280,1.0,4.4,0.9543,81.06,332.3,0.99,279.3,60.6,0
2026-08-23 18:38:55.079,1283.2,11.860,0.180,1.650,1.0,4.4,0.9548,81.12,332.2,0.99,278.8,60.6,0
2026-08-23 18:38:56.146,1284.3,11.860,0.200,2.990,1.0,4.4,0.9557,81.18,333.1,0.99,280.5,60.6,0
2026-08-23 18:38:57.181,1285.3,11.860,0.220,2.370,1.0,4.4,0.9564,81.24,332.0,0.99,278.6,60.6,0
2026-08-23 18:38:58.230,1286.4,11.870,0.250,3.710,2.0,8.9,0.9575,81.31,332.6,0.99,280.3,60.6,0
2026-08-23 18:38:59.284,1287.4,11.860,0.240,3.340,1.0,4.4,0.9585,81.38,333.7,0.99,281.6,60.6,0
2026-08-23 18:39:00.368,1288.5,11.860,0.190,1.840,1.0,4.4,0.9590,81.44,333.0,0.99,280.8,60.6,0
2026-08-23 18:39:01.416,1289.5,11.860,0.210,2.950,1.0,4.4,0.9599,81.50,333.2,0.99,279.8,60.6,0
2026-08-23 18:39:02.481,1290.6,11.860,0.200,2.070,1.0,4.4,0.9605,81.56,332.2,0.99,278.9,60.6,0
2026-08-23 18:39:03.516,1291.6,11.860,0.280,3.300,1.0,4.4,0.9614,81.64,331.8,0.99,279.0,61.1,0
2026-08-23 18:39:04.607,1292.7,11.870,0.240,2.830,2.0,8.9,0.9623,81.71,332.6,0.99,279.9,61.1,0
2026-08-23 18:39:05.673,1293.8,11.860,0.170,1.960,1.0,4.4,0.9629,81.76,333.2,0.99,280.7,61.1,0
2026-08-23 18:39:06.709,1294.8,11.870,0.220,3.190,2.0,8.9,0.9638,81.83,332.1,0.99,278.6,60.6,0
2026-08-23 18:39:07.748,1295.9,11.860,0.180,2.430,1.0,4.4,0.9645,81.88,332.3,0.99,279.8,60.6,0
2026-08-23 18:39:08.830,1297.0,11.860,0.210,3.180,1.0,4.4,0.9654,81.94,332.5,0.99,279.9,60.6,0
2026-08-23 18:39:09.829,1298.0,11.870,0.230,3.430,2.0,8.9,0.9664,82.01,331.6,0.99,278.1,60.6,0
2026-08-23 18:39:10.857,1299.0,11.860,0.160,1.880,1.0,4.4,0.9669,82.05,334.0,0.99,281.7,60.6,0
2026-08-23 18:39:11.881,1300.0,11.860,0.210,2.050,1.0,4.4,0.9675,82.11,334.1,1.00,282.7,60.6,0
2026-08-23 18:39:12.902,1301.0,11.870,0.270,3.900,2.0,8.9,0.9686,82.19,334.1,0.99,282.5,60.6,0
2026-08-23 18:39:13.944,1302.1,11.860,0.250,3.100,1.0,4.4,0.9695,82.26,332.5,0.99,279.1,60.6,0
2026-08-23 18:39:14.952,1303.1,11.860,0.190,2.260,1.0,4.4,0.9701,82.31,333.0,0.99,280.5,61.1,0
2026-08-23 18:39:15.987,1304.1,11.870,0.320,3.140,2.0,8.9,0.9711,82.40,332.9,0.99,279.7,60.6,0
2026-08-23 18:39:17.025,1305.2,11.860,0.250,2.970,1.0,4.4,0.9719,82.48,332.5,0.99,279.2,60.6,0
2026-08-23 18:39:18.091,1306.2,11.860,0.220,3.350,1.0,4.4,0.9729,82.54,332.2,0.99,279.1,60.6,0
2026-08-23 18:39:19.183,1307.3,11.860,0.260,2.460,1.0,4.4,0.9736,82.62,332.6,0.99,279.8,60.6,0
2026-08-23 18:39:20.204,1308.3,11.860,0.170,2.640,1.0,4.4,0.9744,82.67,332.6,0.99,279.5,61.1,0
2026-08-23 18:39:21.241,1309.4,11.870,0.280,3.360,2.0,8.9,0.9754,82.75,332.8,0.99,279.9,60.6,0
2026-08-23 18:39:22.247,1310.4,11.860,0.220,2.000,1.0,4.4,0.9759,82.81,333.1,0.99,280.5,60.6,0
2026-08-23 18:39:23.368,1311.5,11.860,0.270,3.460,1.0,4.4,0.9770,82.90,333.9,0.99,281.8,60.6,0
2026-08-23 18:39:24.488,1312.6,11.860,0.210,2.510,1.0,4.4,0.9778,82.96,334.6,0.99,283.0,61.1,0
2026-08-23 18:39:25.510,1313.6,11.860,0.180,2.160,1.0,4.4,0.9784,83.01,334.4,0.99,282.0,60.6,0
2026-08-23 18:39:26.519,1314.6,11.860,0.290,3.390,1.0,4.4,0.9793,83.09,333.1,0.99,280.6,60.6,0
2026-08-23 18:39:27.553,1315.7,11.860,0.190,2.900,1.0,4.4,0.9802,83.15,332.8,0.99,279.9,60.6,0
2026-08-23 18:39:28.593,1316.7,11.860,0.250,2.320,1.0,4.4,0.9808,83.22,332.5,0.99,279.2,61.1,0
2026-08-23 18:39:29.593,1317.7,11.860,0.260,3.050,1.0,4.4,0.9817,83.29,332.6,0.99,278.8,60.6,0
2026-08-23 18:39:30.660,1318.8,11.860,0.150,1.750,1.0,4.4,0.9822,83.34,333.1,0.99,280.2,60.6,0
2026-08-23 18:39:31.729,1319.9,11.870,0.300,3.530,2.0,8.9,0.9833,83.43,334.1,0.99,281.3,60.6,0
2026-08-23 18:39:32.824,1321.0,11.860,0.230,2.750,1.0,4.4,0.9841,83.50,333.4,0.99,280.2,61.1,0
2026-08-23 18:39:33.890,1322.0,11.870,0.320,3.760,2.0,8.9,0.9852,83.59,332.4,0.99,279.4,60.6,0
2026-08-23 18:39:34.927,1323.1,11.860,0.230,3.260,1.0,4.4,0.9861,83.66,333.1,0.99,280.3,60.6,0
2026-08-23 18:39:36.018,1324.1,11.860,0.170,2.660,1.0,4.4,0.9870,83.71,334.4,1.00,283.5,61.1,0
2026-08-23 18:39:37.057,1325.2,11.860,0.180,1.950,1.0,4.4,0.9875,83.76,333.4,0.99,280.9,60.6,0
2026-08-23 18:39:38.150,1326.3,11.860,0.220,2.260,1.0,4.4,0.9882,83.83,332.7,0.99,280.0,60.6,0
2026-08-23 18:39:39.245,1327.4,11.870,0.280,3.410,2.0,8.9,0.9892,83.91,333.8,0.99,280.6,60.6,0
2026-08-23 18:39:40.253,1328.4,11.860,0.190,2.830,1.0,4.4,0.9900,83.97,333.2,0.99,280.6,61.1,0
2026-08-23 18:39:41.308,1329.4,11.860,0.210,2.570,1.0,4.4,0.9908,84.03,333.2,0.99,280.2,61.1,0
2026-08-23 18:39:42.343,1330.5,11.860,0.120,1.920,1.0,4.4,0.9913,84.06,333.2,0.99,280.3,60.6,0
2026-08-23 18:39:43.342,1331.5,11.860,0.180,2.410,1.0,4.4,0.9920,84.11,333.1,0.99,279.8,60.6,0
2026-08-23 18:39:44.382,1332.5,11.870,0.270,3.230,2.0,8.9,0.9929,84.19,332.7,0.99,279.6,61.1,0
2026-08-23 18:39:45.477,1333.6,11.860,0.180,2.150,1.0,4.4,0.9936,84.24,333.3,0.99,280.1,60.6,0
2026-08-23 18:39:46.572,1334.7,11.860,0.240,2.820,1.0,4.4,0.9945,84.32,333.4,0.99,281.1,61.1,0
2026-08-23 18:39:47.610,1335.7,11.860,0.160,1.840,1.0,4.4,0.9950,84.36,333.7,0.99,281.4,61.1,0
2026-08-23 18:39:48.664,1336.8,11.860,0.170,2.660,1.0,4.4,0.9958,84.41,333.4,0.99,280.7,61.1,0
2026-08-23 18:39:49.676,1337.8,11.870,0.300,2.780,2.0,8.9,0.9965,84.50,334.7,1.00,283.0,61.1,0
2026-08-23 18:39:50.711,1338.8,11.860,0.180,2.180,1.0,4.4,0.9972,84.55,333.1,0.99,280.6,61.1,0
2026-08-23 18:39:51.747,1339.9,11.860,0.200,2.390,1.0,4.4,0.9979,84.61,332.2,0.99,279.0,61.1,0
2026-08-23 18:39:52.750,1340.9,11.870,0.290,3.180,2.0,8.9,0.9987,84.69,333.4,0.99,281.0,61.1,0
2026-08-23 18:39:53.786,1341.9,11.860,0.150,2.300,1.0,4.4,0.9994,84.73,332.2,0.99,279.0,61.1,0
2026-08-23 18:39:54.852,1343.0,11.870,0.270,3.200,2.0,8.9,1.0004,84.81,333.5,0.99,281.4,61.1,0
2026-08-23 18:39:55.921,1344.0,11.860,0.220,3.250,1.0,4.4,1.0013,84.88,331.9,0.99,278.5,61.1,0
2026-08-23 18:39:56.988,1345.1,11.860,0.160,1.860,1.0,4.4,1.0019,84.92,332.9,0.99,280.9,61.1,0
2026-08-23 18:39:58.025,1346.2,11.870,0.270,3.200,2.0,8.9,1.0028,85.00,333.8,0.99,281.6,61.1,0
2026-08-23 18:39:59.103,1347.2,11.870,0.240,2.980,2.0,8.9,1.0037,85.07,333.8,0.99,281.7,60.6,0
2026-08-23 18:40:00.127,1348.3,11.860,0.240,2.900,1.0,4.4,1.0045,85.14,334.0,0.99,282.0,60.6,0
2026-08-23 18:40:01.217,1349.3,11.860,0.180,2.490,1.0,4.4,1.0053,85.20,333.6,0.99,281.4,61.1,0
2026-08-23 18:40:02.288,1350.4,11.860,0.160,2.560,1.0,4.4,1.0060,85.24,334.4,1.00,282.9,60.6,0
2026-08-23 18:40:03.323,1351.5,11.860,0.240,3.560,1.0,4.4,1.0070,85.31,333.5,0.99,280.4,60.6,0
2026-08-23 18:40:04.330,1352.5,11.860,0.160,2.260,1.0,4.4,1.0077,85.36,332.6,0.99,279.4,61.1,0
2026-08-23 18:40:05.400,1353.5,11.860,0.250,3.020,1.0,4.4,1.0086,85.43,333.2,0.99,280.5,61.1,0
2026-08-23 18:40:06.466,1354.6,11.860,0.230,2.710,1.0,4.4,1.0094,85.50,333.1,0.99,280.6,60.6,0
2026-08-23 18:40:07.502,1355.6,11.860,0.180,2.180,1.0,4.4,1.0100,85.55,334.4,0.99,281.9,61.1,0
2026-08-23 18:40:08.542,1356.7,11.860,0.170,2.030,1.0,4.4,1.0106,85.60,334.1,0.99,281.6,61.1,0
2026-08-23 18:40:09.578,1357.7,11.870,0.270,3.220,2.0,8.9,1.0115,85.68,333.6,0.99,281.2,61.1,0
2026-08-23 18:40:10.674,1358.8,11.870,0.230,2.740,2.0,8.9,1.0124,85.75,333.7,0.99,281.3,61.1,0
2026-08-23 18:40:11.698,1359.8,11.870,0.310,2.940,2.0,8.9,1.0132,85.84,334.2,0.99,282.1,60.6,0
2026-08-23 18:40:12.722,1360.8,11.860,0.170,2.690,1.0,4.4,1.0140,85.88,333.8,0.99,281.3,61.1,0
2026-08-23 18:40:13.744,1361.9,11.870,0.230,2.730,2.0,8.9,1.0147,85.95,334.5,0.99,282.8,61.1,0
2026-08-23 18:40:14.772,1362.9,11.870,0.280,2.940,2.0,8.9,1.0156,86.03,334.2,0.99,281.5,61.7,0
2026-08-23 18:40:15.807,1363.9,11.860,0.230,2.750,1.0,4.4,1.0164,86.10,333.6,0.99,280.9,61.1,0
2026-08-23 18:40:16.814,1364.9,11.860,0.210,1.940,1.0,4.4,1.0169,86.15,333.1,0.99,280.7,61.1,0
2026-08-23 18:40:17.884,1366.0,11.870,0.250,2.990,2.0,8.9,1.0178,86.23,333.4,0.99,280.6,61.1,0
2026-08-23 18:40:18.950,1367.1,11.860,0.190,2.800,1.0,4.4,1.0186,86.29,333.1,0.99,280.2,61.1,0
2026-08-23 18:40:20.041,1368.2,11.870,0.310,3.140,2.0,8.9,1.0196,86.38,333.2,0.99,280.2,61.1,0
2026-08-23 18:40:21.107,1369.2,11.860,0.210,2.870,1.0,4.4,1.0204,86.44,333.9,0.99,281.6,61.1,0
2026-08-23 18:40:22.143,1370.3,11.860,0.280,2.880,1.0,4.4,1.0213,86.52,333.6,0.99,280.8,61.1,0
2026-08-23 18:40:23.189,1371.3,11.860,0.120,1.940,1.0,4.4,1.0218,86.56,333.3,0.99,280.5,61.1,0
2026-08-23 18:40:24.280,1372.4,11.860,0.210,3.000,1.0,4.4,1.0227,86.62,334.0,0.99,282.2,61.1,0
2026-08-23 18:40:25.331,1373.5,11.870,0.280,3.810,2.0,8.9,1.0238,86.70,334.1,1.00,282.7,61.1,0
2026-08-23 18:40:26.352,1374.5,11.860,0.210,3.040,1.0,4.4,1.0247,86.76,334.4,0.99,282.0,61.1,0
2026-08-23 18:40:27.360,1375.5,11.860,0.240,2.740,1.0,4.4,1.0255,86.83,333.0,0.99,280.6,61.1,0
2026-08-23 18:40:28.395,1376.5,11.860,0.140,1.610,1.0,4.4,1.0259,86.87,333.2,0.99,280.6,60.6,0
2026-08-23 18:40:29.435,1377.6,11.860,0.170,2.020,1.0,4.4,1.0265,86.92,332.6,0.99,279.6,61.1,0
2026-08-23 18:40:30.443,1378.6,11.860,0.200,2.420,1.0,4.4,1.0272,86.97,332.8,0.99,280.4,61.1,0
2026-08-23 18:40:31.479,1379.6,11.870,0.290,3.430,2.0,8.9,1.0282,87.06,332.5,0.99,279.6,61.1,0
2026-08-23 18:40:32.534,1380.7,11.860,0.180,2.110,1.0,4.4,1.0288,87.11,332.5,0.99,279.8,61.1,0
2026-08-23 18:40:33.600,1381.7,11.870,0.280,2.750,2.0,8.9,1.0296,87.19,333.1,0.99,280.3,61.1,0
2026-08-23 18:40:34.635,1382.8,11.860,0.160,2.640,1.0,4.4,1.0304,87.24,332.8,0.99,279.8,60.6,0
2026-08-23 18:40:35.709,1383.8,11.870,0.310,3.340,2.0,8.9,1.0314,87.33,333.9,0.99,282.4,61.1,0
2026-08-23 18:40:36.859,1385.0,11.860,0.250,3.110,1.0,4.4,1.0324,87.41,333.6,0.99,281.6,60.6,0
2026-08-23 18:40:37.979,1386.1,11.870,0.230,2.750,2.0,8.9,1.0332,87.48,334.0,0.99,282.3,60.6,0
2026-08-23 18:40:39.017,1387.1,11.860,0.170,1.970,1.0,4.4,1.0338,87.53,333.3,0.99,280.3,61.1,0
2026-08-23 18:40:40.082,1388.2,11.860,0.180,2.110,1.0,4.4,1.0344,87.59,332.9,0.99,279.9,61.1,0
2026-08-23 18:40:41.203,1389.3,11.860,0.220,2.740,1.0,4.4,1.0353,87.65,332.0,0.99,279.4,61.1,0
2026-08-23 18:40:42.240,1390.4,11.870,0.290,3.240,2.0,8.9,1.0362,87.74,333.0,0.99,280.5,61.1,0
2026-08-23 18:40:43.261,1391.4,11.870,0.290,3.420,2.0,8.9,1.0372,87.82,332.5,0.99,279.4,61.1,0
2026-08-23 18:40:44.301,1392.4,11.860,0.200,2.420,1.0,4.4,1.0379,87.88,332.5,0.99,279.9,61.1,0
2026-08-23 18:40:45.337,1393.5,11.870,0.230,2.770,2.0,8.9,1.0387,87.94,333.4,0.99,280.5,61.1,0
2026-08-23 18:40:46.404,1394.5,11.860,0.190,2.120,1.0,4.4,1.0393,88.00,333.3,0.99,281.2,60.6,0
2026-08-23 18:40:47.479,1395.6,11.870,0.290,3.380,2.0,8.9,1.0403,88.09,332.7,0.99,280.0,60.6,0
2026-08-23 18:40:48.562,1396.7,11.860,0.220,2.560,1.0,4.4,1.0411,88.15,333.8,0.99,282.2,61.1,0
2026-08-23 18:40:49.586,1397.7,11.860,0.180,2.090,1.0,4.4,1.0417,88.20,334.7,0.99,282.9,61.1,0
2026-08-23 18:40:50.635,1398.8,11.870,0.290,3.490,2.0,8.9,1.0427,88.29,334.0,0.99,281.7,61.1,0
2026-08-23 18:40:51.670,1399.8,11.860,0.170,2.500,1.0,4.4,1.0434,88.34,332.9,0.99,280.5,61.1,0
2026-08-23 18:40:52.677,1400.8,11.870,0.270,2.570,2.0,8.9,1.0441,88.41,333.7,0.99,280.8,60.6,0
2026-08-23 18:40:53.716,1401.8,11.860,0.230,2.680,1.0,4.4,1.0449,88.48,332.6,0.99,279.9,61.1,0
2026-08-23 18:40:54.751,1402.9,11.860,0.170,1.700,1.0,4.4,1.0454,88.53,333.1,0.99,280.5,61.1,0
2026-08-23 18:40:55.817,1403.9,11.870,0.220,2.260,2.0,8.9,1.0460,88.59,332.5,0.99,279.5,61.1,0
2026-08-23 18:40:56.909,1405.0,11.870,0.270,3.230,2.0,8.9,1.0470,88.68,332.6,0.99,279.9,61.1,0
2026-08-23 18:40:57.946,1406.1,11.860,0.180,2.190,1.0,4.4,1.0477,88.73,333.0,0.99,280.1,60.6,0
2026-08-23 18:40:59.011,1407.1,11.870,0.290,2.820,2.0,8.9,1.0485,88.81,333.1,0.99,281.1,61.1,0
2026-08-23 18:41:00.033,1408.2,11.860,0.180,2.150,1.0,4.4,1.0491,88.86,333.3,0.99,280.2,61.1,0
2026-08-23 18:41:01.117,1409.2,11.860,0.140,2.120,1.0,4.4,1.0497,88.91,334.3,0.99,282.7,61.1,0
2026-08-23 18:41:02.238,1410.4,11.860,0.200,2.120,1.0,4.4,1.0504,88.97,334.3,1.00,283.4,60.6,0
2026-08-23 18:41:03.280,1411.4,11.870,0.210,2.500,2.0,8.9,1.0511,89.03,333.1,0.99,280.4,60.6,0
2026-08-23 18:41:04.287,1412.4,11.870,0.250,3.010,2.0,8.9,1.0520,89.10,332.9,0.99,280.6,61.1,0
2026-08-23 18:41:05.322,1413.4,11.860,0.130,1.910,1.0,4.4,1.0525,89.14,332.9,0.99,280.2,61.1,0
2026-08-23 18:41:06.362,1414.5,11.860,0.220,2.430,1.0,4.4,1.0532,89.20,333.6,0.99,281.2,61.1,0
2026-08-23 18:41:07.397,1415.5,11.870,0.270,3.170,2.0,8.9,1.0541,89.28,333.4,0.99,280.4,61.1,0
2026-08-23 18:41:08.519,1416.6,11.870,0.290,3.400,2.0,8.9,1.0552,89.37,333.6,0.99,281.3,61.1,0
2026-08-23 18:41:09.556,1417.7,11.860,0.260,2.820,1.0,4.4,1.0560,89.44,333.0,0.99,280.2,61.1,0
2026-08-23 18:41:10.622,1418.7,11.860,0.230,2.760,1.0,4.4,1.0568,89.51,333.3,0.99,281.1,61.1,0
2026-08-23 18:41:11.697,1419.8,11.860,0.140,2.270,1.0,4.4,1.0575,89.55,332.9,0.99,280.2,61.1,0
2026-08-23 18:41:12.722,1420.8,11.870,0.320,3.790,2.0,8.9,1.0586,89.64,334.0,0.99,282.4,61.1,0
2026-08-23 18:41:13.744,1421.9,11.860,0.250,3.000,1.0,4.4,1.0594,89.71,334.5,0.99,282.5,60.6,0
2026-08-23 18:41:14.795,1422.9,11.860,0.200,2.750,1.0,4.4,1.0602,89.77,333.9,0.99,281.7,61.1,0
2026-08-23 18:41:15.876,1424.0,11.860,0.200,2.110,1.0,4.4,1.0609,89.83,333.3,0.99,281.1,61.1,0
2026-08-23 18:41:16.942,1425.1,11.860,0.210,2.470,1.0,4.4,1.0616,89.90,333.5,0.99,281.6,61.1,0
2026-08-23 18:41:18.011,1426.1,11.860,0.200,2.380,1.0,4.4,1.0623,89.95,332.9,0.99,280.1,61.1,0
2026-08-23 18:41:19.046,1427.2,11.860,0.190,3.020,1.0,4.4,1.0632,90.01,333.3,0.99,280.5,61.1,0
2026-08-23 18:41:20.112,1428.2,11.870,0.270,2.930,2.0,8.9,1.0640,90.09,333.1,0.99,280.3,61.1,0
2026-08-23 18:41:21.204,1429.3,11.860,0.150,1.790,1.0,4.4,1.0646,90.13,332.9,0.99,280.3,61.7,0
2026-08-23 18:41:22.271,1430.4,11.870,0.210,3.280,2.0,8.9,1.0656,90.20,333.1,0.99,280.6,61.1,0
2026-08-23 18:41:23.306,1431.4,11.860,0.210,2.440,1.0,4.4,1.0663,90.26,333.1,0.99,280.3,61.1,0
2026-08-23 18:41:24.390,1432.5,11.860,0.240,2.900,1.0,4.4,1.0671,90.33,333.0,0.99,280.7,61.1,0
2026-08-23 18:41:25.412,1433.5,11.870,0.230,2.740,2.0,8.9,1.0679,90.40,334.6,1.00,283.1,61.1,0
2026-08-23 18:41:26.532,1434.7,11.870,0.220,2.550,2.0,8.9,1.0687,90.46,334.7,0.99,282.9,61.1,0
2026-08-23 18:41:27.575,1435.7,11.860,0.200,1.710,1.0,4.4,1.0692,90.52,333.9,0.99,281.0,61.1,0
2026-08-23 18:41:28.583,1436.7,11.870,0.250,2.320,2.0,8.9,1.0698,90.59,333.5,0.99,281.1,61.1,0
2026-08-23 18:41:29.618,1437.7,11.870,0.280,3.320,2.0,8.9,1.0708,90.67,333.3,0.99,280.5,61.1,0
2026-08-23 18:41:30.657,1438.8,11.870,0.200,2.320,2.0,8.9,1.0715,90.73,333.5,0.99,280.7,61.1,0
2026-08-23 18:41:31.693,1439.8,11.860,0.140,2.310,1.0,4.4,1.0721,90.77,333.5,0.99,280.8,61.1,0
2026-08-23 18:41:32.815,1440.9,11.860,0.160,2.140,1.0,4.4,1.0728,90.82,334.2,0.99,281.9,61.1,0
2026-08-23 18:41:33.851,1442.0,11.860,0.200,2.370,1.0,4.4,1.0735,90.88,333.9,0.99,281.1,61.1,0
2026-08-23 18:41:34.858,1443.0,11.870,0.290,2.760,2.0,8.9,1.0743,90.96,333.0,0.99,280.0,61.1,0
2026-08-23 18:41:35.934,1444.1,11.860,0.250,2.920,1.0,4.4,1.0751,91.03,333.1,0.99,280.8,61.1,0
2026-08-23 18:41:36.955,1445.1,11.860,0.140,1.640,1.0,4.4,1.0756,91.07,334.1,0.99,281.7,61.1,0
2026-08-23 18:41:38.076,1446.2,11.860,0.180,2.170,1.0,4.4,1.0763,91.13,333.6,0.99,281.1,61.1,0
2026-08-23 18:41:39.098,1447.2,11.860,0.230,2.680,1.0,4.4,1.0770,91.19,333.2,0.99,281.2,61.1,0
2026-08-23 18:41:40.105,1448.2,11.870,0.280,3.310,2.0,8.9,1.0780,91.27,333.9,0.99,281.7,61.1,0
2026-08-23 18:41:41.140,1449.3,11.870,0.220,3.100,2.0,8.9,1.0788,91.34,333.4,0.99,280.8,61.1,0
2026-08-23 18:41:42.181,1450.3,11.860,0.190,2.290,1.0,4.4,1.0795,91.39,333.6,0.99,281.1,61.1,0
2026-08-23 18:41:43.189,1451.3,11.860,0.190,2.300,1.0,4.4,1.0802,91.44,333.5,0.99,281.4,61.1,0
2026-08-23 18:41:44.224,1452.4,11.870,0.260,3.090,2.0,8.9,1.0810,91.52,333.2,0.99,280.8,61.7,0
2026-08-23 18:41:45.279,1453.4,11.870,0.250,2.960,2.0,8.9,1.0819,91.59,332.8,0.99,280.2,61.1,0
2026-08-23 18:41:46.345,1454.5,11.870,0.270,3.190,2.0,8.9,1.0829,91.67,333.6,0.99,280.9,61.1,0
2026-08-23 18:41:47.381,1455.5,11.860,0.150,1.780,1.0,4.4,1.0834,91.72,333.0,0.99,280.4,61.1,0
2026-08-23 18:41:48.455,1456.6,11.860,0.180,2.390,1.0,4.4,1.0841,91.77,334.7,1.00,283.7,61.1,0
2026-08-23 18:41:49.493,1457.6,11.860,0.290,3.440,1.0,4.4,1.0851,91.85,333.8,0.99,281.4,61.1,0
2026-08-23 18:41:50.516,1458.6,11.860,0.220,2.660,1.0,4.4,1.0858,91.92,333.7,0.99,281.6,61.1,0
2026-08-23 18:41:51.518,1459.6,11.870,0.240,2.880,2.0,8.9,1.0866,91.98,334.2,1.00,282.8,61.1,0
2026-08-23 18:41:52.553,1460.7,11.870,0.250,2.260,2.0,8.9,1.0873,92.05,332.4,0.99,279.1,61.1,0
2026-08-23 18:41:53.619,1461.7,11.860,0.220,2.560,1.0,4.4,1.0880,92.12,334.0,0.99,282.0,61.1,0
2026-08-23 18:41:54.688,1462.8,11.870,0.310,4.010,2.0,8.9,1.0892,92.21,332.1,0.99,278.6,61.1,0
2026-08-23 18:41:55.710,1463.8,11.870,0.280,3.100,2.0,8.9,1.0901,92.29,333.5,0.99,281.0,60.6,0
2026-08-23 18:41:56.776,1464.9,11.860,0.240,2.840,1.0,4.4,1.0909,92.36,334.1,0.99,281.5,61.1,0
2026-08-23 18:41:57.846,1466.0,11.860,0.170,2.240,1.0,4.4,1.0916,92.41,333.5,0.99,280.7,61.1,0
2026-08-23 18:41:58.854,1467.0,11.860,0.200,2.360,1.0,4.4,1.0923,92.47,333.4,0.99,281.2,61.1,0
2026-08-23 18:41:59.890,1468.0,11.870,0.290,3.400,2.0,8.9,1.0932,92.55,333.5,0.99,280.9,61.1,0
2026-08-23 18:42:00.917,1469.0,11.870,0.250,3.260,2.0,8.9,1.0942,92.62,334.4,0.99,282.6,61.1,0
2026-08-23 18:42:01.938,1470.1,11.860,0.130,1.580,1.0,4.4,1.0946,92.66,334.5,0.99,282.6,61.1,0
2026-08-23 18:42:02.962,1471.1,11.870,0.290,3.480,2.0,8.9,1.0956,92.74,333.5,0.99,280.8,61.1,0
2026-08-23 18:42:04.030,1472.2,11.860,0.200,2.330,1.0,4.4,1.0963,92.80,333.0,0.99,280.1,61.1,0
2026-08-23 18:42:05.065,1473.2,11.870,0.240,2.280,2.0,8.9,1.0970,92.87,332.9,0.99,280.3,61.1,0
2026-08-23 18:42:06.186,1474.3,11.860,0.250,3.000,1.0,4.4,1.0979,92.95,333.0,0.99,280.6,61.1,0
2026-08-23 18:42:07.223,1475.3,11.860,0.190,2.860,1.0,4.4,1.0987,93.00,334.0,0.99,281.7,61.1,0
2026-08-23 18:42:08.244,1476.4,11.870,0.290,2.860,2.0,8.9,1.0995,93.09,333.5,0.99,280.8,61.1,0
2026-08-23 18:42:09.255,1477.4,11.870,0.210,2.500,2.0,8.9,1.1002,93.14,332.3,0.99,279.7,61.1,0
2026-08-23 18:42:10.321,1478.4,11.870,0.210,3.220,2.0,8.9,1.1012,93.21,333.3,0.99,281.1,61.1,0
2026-08-23 18:42:11.417,1479.5,11.860,0.250,2.960,1.0,4.4,1.1021,93.28,333.5,0.99,281.3,61.1,0
2026-08-23 18:42:12.465,1480.6,11.860,0.190,2.280,1.0,4.4,1.1028,93.34,332.8,0.99,280.3,61.1,0
2026-08-23 18:42:13.555,1481.7,11.860,0.170,1.450,1.0,4.4,1.1032,93.39,334.2,0.99,282.3,61.1,0
2026-08-23 18:42:14.580,1482.7,11.860,0.150,2.410,1.0,4.4,1.1039,93.43,334.8,1.00,283.7,61.1,0
2026-08-23 18:42:15.667,1483.8,11.870,0.280,3.330,2.0,8.9,1.1049,93.52,333.7,0.99,281.3,61.7,0
2026-08-23 18:42:16.733,1484.9,11.870,0.240,2.860,2.0,8.9,1.1057,93.59,333.8,0.99,281.1,61.1,0
2026-08-23 18:42:17.768,1485.9,11.870,0.250,2.410,2.0,8.9,1.1064,93.66,333.6,0.99,280.9,61.1,0
2026-08-23 18:42:18.770,1486.9,11.860,0.170,1.610,1.0,4.4,1.1069,93.71,333.1,0.99,280.4,61.1,0
2026-08-23 18:42:19.836,1488.0,11.860,0.200,2.430,1.0,4.4,1.1076,93.77,333.3,0.99,280.5,61.7,0
2026-08-23 18:42:20.872,1489.0,11.870,0.280,3.760,2.0,8.9,1.1087,93.85,333.3,0.99,280.7,61.1,0
2026-08-23 18:42:21.964,1490.1,11.870,0.240,2.850,2.0,8.9,1.1095,93.92,334.8,0.99,283.2,61.1,0
2026-08-23 18:42:23.030,1491.2,11.870,0.230,2.730,2.0,8.9,1.1103,93.99,333.6,0.99,281.9,61.1,0
2026-08-23 18:42:24.067,1492.2,11.860,0.160,1.300,1.0,4.4,1.1107,94.03,333.7,0.99,281.7,61.1,0
2026-08-23 18:42:25.092,1493.2,11.860,0.150,2.510,1.0,4.4,1.1114,94.08,333.9,0.99,282.0,61.1,0
2026-08-23 18:42:26.113,1494.2,11.870,0.320,3.060,2.0,8.9,1.1123,94.17,334.7,1.00,283.4,61.1,0
2026-08-23 18:42:27.233,1495.4,11.870,0.250,2.600,2.0,8.9,1.1131,94.24,334.9,1.00,283.5,61.1,0
2026-08-23 18:42:28.271,1496.4,11.860,0.210,2.880,1.0,4.4,1.1139,94.31,334.0,0.99,281.5,61.1,0
2026-08-23 18:42:29.336,1497.5,11.860,0.170,2.090,1.0,4.4,1.1146,94.36,333.9,0.99,281.6,61.7,0
2026-08-23 18:42:30.427,1498.6,11.860,0.200,2.400,1.0,4.4,1.1153,94.42,333.1,0.99,280.7,61.1,0
2026-08-23 18:42:31.493,1499.6,11.860,0.240,2.820,1.0,4.4,1.1161,94.49,333.7,0.99,281.3,61.1,0
2026-08-23 18:42:32.529,1500.7,11.870,0.290,3.430,2.0,8.9,1.1171,94.57,333.4,0.99,280.6,61.1,0
2026-08-23 18:42:33.532,1501.7,11.870,0.250,2.970,2.0,8.9,1.1179,94.64,333.2,0.99,281.2,61.1,0
2026-08-23 18:42:34.540,1502.7,11.860,0.190,2.200,1.0,4.4,1.1186,94.69,332.9,0.99,279.8,61.1,0
2026-08-23 18:42:35.577,1503.7,11.860,0.180,2.250,1.0,4.4,1.1192,94.75,334.1,0.99,282.0,61.7,0
2026-08-23 18:42:36.652,1504.8,11.870,0.300,3.600,2.0,8.9,1.1203,94.84,334.2,0.99,281.7,61.1,0
2026-08-23 18:42:37.736,1505.9,11.860,0.220,3.010,1.0,4.4,1.1212,94.90,333.9,0.99,281.8,61.1,0
2026-08-23 18:42:38.819,1506.9,11.860,0.240,3.090,1.0,4.4,1.1221,94.97,335.5,1.00,284.7,61.1,0
2026-08-23 18:42:39.868,1508.0,11.860,0.180,2.680,1.0,4.4,1.1229,95.03,334.1,0.99,282.3,61.1,0
2026-08-23 18:42:40.903,1509.0,11.870,0.260,3.040,2.0,8.9,1.1238,95.10,334.1,0.99,281.4,61.1,0
2026-08-23 18:42:41.911,1510.0,11.870,0.310,3.720,2.0,8.9,1.1248,95.19,333.1,0.99,280.9,61.7,0
2026-08-23 18:42:42.979,1511.1,11.870,0.250,2.280,2.0,8.9,1.1255,95.26,333.6,0.99,281.0,61.1,0
2026-08-23 18:42:44.045,1512.2,11.870,0.220,2.640,2.0,8.9,1.1263,95.33,333.5,0.99,280.6,61.1,0
2026-08-23 18:42:45.081,1513.2,11.860,0.160,1.340,1.0,4.4,1.1267,95.37,333.8,0.99,281.0,61.1,0
2026-08-23 18:42:46.121,1514.2,11.860,0.210,2.440,1.0,4.4,1.1274,95.43,333.7,0.99,281.5,61.1,0
2026-08-23 18:42:47.158,1515.3,11.870,0.320,3.790,2.0,8.9,1.1285,95.53,332.8,0.99,280.1,61.7,0
2026-08-23 18:42:48.166,1516.3,11.870,0.200,2.400,2.0,8.9,1.1291,95.58,333.2,0.99,280.6,61.1,0
2026-08-23 18:42:49.221,1517.3,11.860,0.240,3.080,1.0,4.4,1.1300,95.65,334.8,0.99,282.9,61.1,0
2026-08-23 18:42:50.304,1518.4,11.860,0.160,2.120,1.0,4.4,1.1307,95.70,334.2,1.00,282.7,61.1,0
2026-08-23 18:42:51.325,1519.5,11.860,0.200,1.780,1.0,4.4,1.1312,95.76,334.7,1.00,283.3,61.1,0
2026-08-23 18:42:52.339,1520.5,11.870,0.250,2.820,2.0,8.9,1.1320,95.83,334.6,1.00,283.1,61.1,0
2026-08-23 18:42:53.374,1521.5,11.860,0.230,2.740,1.0,4.4,1.1327,95.89,334.5,0.99,282.1,61.1,0
2026-08-23 18:42:54.440,1522.6,11.860,0.110,1.920,1.0,4.4,1.1333,95.93,334.2,0.99,282.3,61.1,0
2026-08-23 18:42:55.510,1523.6,11.870,0.310,3.630,2.0,8.9,1.1344,96.02,333.5,0.99,280.9,61.1,0
2026-08-23 18:42:56.517,1524.6,11.870,0.210,1.890,2.0,8.9,1.1349,96.08,333.0,0.99,280.8,61.1,0
2026-08-23 18:42:57.553,1525.7,11.870,0.270,3.240,2.0,8.9,1.1359,96.15,333.2,0.99,280.4,61.1,0
2026-08-23 18:42:58.594,1526.7,11.870,0.290,2.770,2.0,8.9,1.1367,96.24,333.5,0.99,280.7,61.1,0
2026-08-23 18:42:59.629,1527.8,11.870,0.230,2.750,2.0,8.9,1.1374,96.30,333.0,0.99,280.3,61.1,0
2026-08-23 18:43:00.724,1528.9,11.860,0.140,1.690,1.0,4.4,1.1380,96.35,332.9,0.99,280.6,61.1,0
2026-08-23 18:43:01.808,1529.9,11.860,0.180,2.080,1.0,4.4,1.1386,96.40,334.1,0.99,281.4,61.1,0
2026-08-23 18:43:02.862,1531.0,11.870,0.210,3.240,2.0,8.9,1.1395,96.46,334.6,1.00,283.3,61.1,0
2026-08-23 18:43:03.883,1532.0,11.870,0.190,2.960,2.0,8.9,1.1404,96.52,335.0,1.00,283.7,61.1,0
2026-08-23 18:43:04.948,1533.1,11.860,0.190,2.240,1.0,4.4,1.1410,96.57,333.9,0.99,282.0,61.1,0
2026-08-23 18:43:05.984,1534.1,11.860,0.200,1.870,1.0,4.4,1.1416,96.63,333.7,0.99,281.0,61.1,0
2026-08-23 18:43:06.987,1535.1,11.870,0.250,3.690,2.0,8.9,1.1426,96.70,335.3,1.00,284.0,61.1,0
2026-08-23 18:43:08.022,1536.1,11.870,0.200,2.410,2.0,8.9,1.1433,96.76,332.5,0.99,279.4,61.1,0
2026-08-23 18:43:09.088,1537.2,11.860,0.240,2.290,1.0,4.4,1.1440,96.83,334.2,0.99,282.4,61.7,0
2026-08-23 18:43:10.158,1538.3,11.860,0.150,1.750,1.0,4.4,1.1445,96.87,333.3,0.99,279.4,61.1,0
2026-08-23 18:43:11.224,1539.4,11.870,0.250,3.020,2.0,8.9,1.1454,96.95,333.5,0.99,281.0,61.1,0
2026-08-23 18:43:12.260,1540.4,11.870,0.330,3.930,2.0,8.9,1.1465,97.04,333.9,0.99,281.3,61.1,0
2026-08-23 18:43:13.309,1541.4,11.870,0.260,3.070,2.0,8.9,1.1474,97.12,334.2,0.99,282.4,61.1,0
2026-08-23 18:43:14.326,1542.5,11.860,0.220,2.610,1.0,4.4,1.1482,97.18,334.9,1.00,283.6,61.1,0
2026-08-23 18:43:15.409,1543.5,11.860,0.230,2.750,1.0,4.4,1.1490,97.25,335.1,1.00,283.9,61.1,0
2026-08-23 18:43:16.476,1544.6,11.860,0.190,2.200,1.0,4.4,1.1496,97.31,333.2,0.99,280.9,61.1,0
2026-08-23 18:43:17.512,1545.6,11.870,0.230,3.370,2.0,8.9,1.1506,97.37,333.1,0.99,280.8,61.1,0
2026-08-23 18:43:18.548,1546.7,11.870,0.230,2.770,2.0,8.9,1.1514,97.44,333.5,0.99,280.7,61.1,0
2026-08-23 18:43:19.587,1547.7,11.860,0.220,3.070,1.0,4.4,1.1523,97.50,334.8,0.99,283.0,61.7,0
2026-08-23 18:43:20.653,1548.8,11.870,0.230,2.760,2.0,8.9,1.1531,97.57,333.9,0.99,282.0,61.1,0
2026-08-23 18:43:21.688,1549.8,11.870,0.240,2.210,2.0,8.9,1.1537,97.64,333.6,0.99,281.2,61.1,0
2026-08-23 18:43:22.729,1550.9,11.870,0.300,3.540,2.0,8.9,1.1548,97.73,334.1,1.00,282.6,61.1,0
2026-08-23 18:43:23.765,1551.9,11.870,0.220,2.640,2.0,8.9,1.1555,97.79,333.2,0.99,281.1,61.1,0
2026-08-23 18:43:24.860,1553.0,11.860,0.270,3.220,1.0,4.4,1.1565,97.87,333.4,0.99,280.5,61.1,0
2026-08-23 18:43:25.873,1554.0,11.860,0.160,1.950,1.0,4.4,1.1571,97.92,334.5,0.99,282.5,61.1,0
2026-08-23 18:43:26.927,1555.1,11.870,0.220,2.960,2.0,8.9,1.1579,97.98,334.7,0.99,282.6,61.7,0
2026-08-23 18:43:28.011,1556.1,11.870,0.170,2.670,2.0,8.9,1.1587,98.03,334.3,0.99,282.6,61.1,0
2026-08-23 18:43:29.079,1557.2,11.870,0.290,2.800,2.0,8.9,1.1596,98.12,334.1,0.99,281.5,61.1,0
2026-08-23 18:43:30.114,1558.2,11.870,0.270,3.250,2.0,8.9,1.1605,98.20,333.9,0.99,281.2,61.7,0
2026-08-23 18:43:31.235,1559.4,11.870,0.220,2.170,2.0,8.9,1.1612,98.26,334.2,0.99,281.7,61.1,0
2026-08-23 18:43:32.271,1560.4,11.870,0.300,2.860,2.0,8.9,1.1620,98.35,333.0,0.99,280.4,61.7,0
2026-08-23 18:43:33.278,1561.4,11.860,0.180,2.400,1.0,4.4,1.1627,98.40,333.1,0.99,280.6,61.7,0
2026-08-23 18:43:34.348,1562.5,11.870,0.260,3.140,2.0,8.9,1.1636,98.48,332.9,0.99,280.7,61.1,0
2026-08-23 18:43:35.414,1563.5,11.870,0.240,2.840,2.0,8.9,1.1644,98.55,334.4,0.99,282.8,61.7,0
2026-08-23 18:43:36.450,1564.6,11.860,0.160,2.130,1.0,4.4,1.1650,98.59,333.7,0.99,281.4,61.7,0
2026-08-23 18:43:37.528,1565.7,11.870,0.300,3.540,2.0,8.9,1.1661,98.68,335.4,1.00,284.2,61.1,0
2026-08-23 18:43:38.611,1566.7,11.870,0.220,1.880,2.0,8.9,1.1667,98.75,335.2,1.00,284.3,61.7,0
2026-08-23 18:43:39.632,1567.8,11.870,0.230,3.270,2.0,8.9,1.1676,98.82,335.0,1.00,283.7,61.1,0
2026-08-23 18:43:40.679,1568.8,11.870,0.250,2.790,2.0,8.9,1.1684,98.89,334.2,0.99,281.7,61.1,0
2026-08-23 18:43:41.714,1569.8,11.860,0.150,1.820,1.0,4.4,1.1689,98.93,333.9,0.99,281.4,61.1,0
2026-08-23 18:43:42.779,1570.9,11.870,0.300,3.600,2.0,8.9,1.1700,99.02,333.5,0.99,280.9,61.7,0
2026-08-23 18:43:43.871,1572.0,11.860,0.210,2.790,1.0,4.4,1.1708,99.08,333.2,0.99,280.5,61.1,0
2026-08-23 18:43:44.878,1573.0,11.870,0.260,3.140,2.0,8.9,1.1717,99.16,332.9,0.99,280.3,61.1,0
2026-08-23 18:43:45.915,1574.0,11.870,0.260,2.360,2.0,8.9,1.1724,99.23,333.1,0.99,280.9,61.1,0
2026-08-23 18:43:46.955,1575.1,11.860,0.180,2.040,1.0,4.4,1.1730,99.28,333.3,0.99,280.7,61.7,0
2026-08-23 18:43:47.991,1576.1,11.870,0.210,3.200,2.0,8.9,1.1739,99.34,333.8,0.99,281.0,61.1,0
2026-08-23 18:43:48.998,1577.1,11.870,0.200,2.370,2.0,8.9,1.1746,99.40,333.2,0.99,280.4,61.1,0
2026-08-23 18:43:50.115,1578.2,11.870,0.280,3.300,2.0,8.9,1.1756,99.49,334.0,0.99,282.0,61.7,0
2026-08-23 18:43:51.236,1579.4,11.870,0.230,2.390,2.0,8.9,1.1763,99.56,335.3,1.00,284.2,61.7,0
2026-08-23 18:43:52.327,1580.5,11.870,0.240,2.470,2.0,8.9,1.1771,99.63,335.0,1.00,283.8,61.7,0
2026-08-23 18:43:53.339,1581.5,11.860,0.170,2.220,1.0,4.4,1.1777,99.68,332.9,0.99,280.6,61.1,0
2026-08-23 18:43:54.376,1582.5,11.860,0.130,1.560,1.0,4.4,1.1782,99.72,333.5,0.99,280.8,61.1,0
2026-08-23 18:43:55.382,1583.5,11.870,0.310,2.970,2.0,8.9,1.1790,99.80,333.9,0.99,281.8,61.7,0
2026-08-23 18:43:56.422,1584.5,11.860,0.190,2.760,1.0,4.4,1.1798,99.86,333.8,0.99,281.6,61.7,0
2026-08-23 18:43:57.458,1585.6,11.860,0.150,1.770,1.0,4.4,1.1803,99.90,333.9,0.99,281.4,61.1,0
2026-08-23 18:43:58.480,1586.6,11.870,0.280,2.890,2.0,8.9,1.1811,99.98,333.6,0.99,280.8,61.1,0
2026-08-23 18:43:59.521,1587.6,11.870,0.160,2.450,2.0,8.9,1.1818,100.03,333.2,0.99,280.5,61.1,0
2026-08-23 18:44:00.557,1588.7,11.870,0.260,3.040,2.0,8.9,1.1827,100.10,332.9,0.99,280.1,61.1,0
2026-08-23 18:44:01.592,1589.7,11.870,0.270,3.350,2.0,8.9,1.1837,100.18,333.4,0.99,280.9,61.7,0
2026-08-23 18:44:02.686,1590.8,11.860,0.180,2.030,1.0,4.4,1.1843,100.23,334.2,0.99,282.2,61.1,0
2026-08-23 18:44:03.740,1591.9,11.870,0.280,3.300,2.0,8.9,1.1853,100.32,334.7,0.99,282.8,61.1,0
2026-08-23 18:44:04.750,1592.9,11.870,0.230,2.720,2.0,8.9,1.1860,100.38,334.9,1.00,283.6,61.7,0
2026-08-23 18:44:05.786,1593.9,11.870,0.250,3.330,2.0,8.9,1.1870,100.45,333.7,0.99,280.9,61.1,0
2026-08-23 18:44:06.852,1595.0,11.870,0.260,3.100,2.0,8.9,1.1879,100.53,333.9,0.99,281.7,61.1,0
2026-08-23 18:44:07.921,1596.0,11.860,0.140,1.730,1.0,4.4,1.1884,100.57,333.3,0.99,279.9,61.1,0
2026-08-23 18:44:08.987,1597.1,11.870,0.300,3.510,2.0,8.9,1.1894,100.66,334.1,0.99,282.0,61.1,0
2026-08-23 18:44:10.023,1598.1,11.870,0.230,2.770,2.0,8.9,1.1902,100.73,333.8,0.99,281.3,61.1,0
2026-08-23 18:44:11.092,1599.2,11.870,0.260,3.070,2.0,8.9,1.1912,100.80,334.5,0.99,282.6,61.1,0
2026-08-23 18:44:12.099,1600.2,11.870,0.230,2.680,2.0,8.9,1.1919,100.87,333.0,0.99,280.7,61.1,0
2026-08-23 18:44:13.136,1601.3,11.860,0.160,1.920,1.0,4.4,1.1925,100.91,333.7,0.99,281.2,61.1,0
2026-08-23 18:44:14.221,1602.3,11.870,0.260,3.080,2.0,8.9,1.1934,100.99,333.5,0.99,280.9,61.1,0
2026-08-23 18:44:15.241,1603.4,11.860,0.160,2.570,1.0,4.4,1.1941,101.04,334.7,0.99,283.1,61.1,0
2026-08-23 18:44:16.265,1604.4,11.870,0.300,3.830,2.0,8.9,1.1952,101.12,334.1,0.99,282.1,61.1,0
2026-08-23 18:44:17.283,1605.4,11.870,0.290,3.410,2.0,8.9,1.1962,101.21,335.0,1.00,283.5,61.1,0
2026-08-23 18:44:18.349,1606.5,11.860,0.170,2.040,1.0,4.4,1.1968,101.26,333.4,0.99,280.7,61.1,0
2026-08-23 18:44:19.383,1607.5,11.860,0.170,2.250,1.0,4.4,1.1974,101.30,333.3,0.99,280.6,61.1,0
2026-08-23 18:44:20.386,1608.5,11.870,0.250,2.950,2.0,8.9,1.1982,101.37,333.5,0.99,281.3,61.1,0
2026-08-23 18:44:21.421,1609.5,11.870,0.230,2.670,2.0,8.9,1.1990,101.44,333.0,0.99,280.0,60.6,0
2026-08-23 18:44:22.487,1610.6,11.870,0.220,1.940,2.0,8.9,1.1996,101.51,333.3,0.99,280.2,61.1,0
2026-08-23 18:44:23.578,1611.7,11.870,0.230,1.980,2.0,8.9,1.2002,101.58,332.7,0.99,279.9,61.1,0
2026-08-23 18:44:24.615,1612.7,11.870,0.240,2.730,2.0,8.9,1.2010,101.64,333.3,0.99,280.5,61.1,0
2026-08-23 18:44:25.681,1613.8,11.870,0.230,3.390,2.0,8.9,1.2020,101.71,333.5,0.99,281.1,61.1,0
2026-08-23 18:44:26.772,1614.9,11.870,0.280,3.280,2.0,8.9,1.2030,101.80,334.3,0.99,282.7,61.1,0
2026-08-23 18:44:27.833,1616.0,11.870,0.290,3.250,2.0,8.9,1.2039,101.88,333.6,0.99,281.9,61.1,0
2026-08-23 18:44:28.871,1617.0,11.870,0.180,2.330,2.0,8.9,1.2046,101.93,333.2,0.99,280.8,60.6,0
2026-08-23 18:44:29.964,1618.1,11.860,0.160,2.320,1.0,4.4,1.2053,101.98,332.4,0.99,279.5,61.1,0
2026-08-23 18:44:31.000,1619.1,11.870,0.300,3.650,2.0,8.9,1.2063,102.07,332.4,0.99,279.3,61.1,0
2026-08-23 18:44:32.008,1620.1,11.870,0.230,2.760,2.0,8.9,1.2071,102.13,334.1,0.99,281.4,61.1,0
2026-08-23 18:44:33.047,1621.2,11.870,0.260,3.070,2.0,8.9,1.2080,102.21,333.4,0.99,280.8,60.6,0
2026-08-23 18:44:34.083,1622.2,11.860,0.180,1.690,1.0,4.4,1.2085,102.26,333.2,0.99,280.3,61.1,0
2026-08-23 18:44:35.090,1623.2,11.870,0.250,2.950,2.0,8.9,1.2093,102.33,332.2,0.99,279.9,61.1,0
2026-08-23 18:44:36.145,1624.3,11.870,0.260,3.030,2.0,8.9,1.2102,102.41,333.2,0.99,280.4,61.1,0
2026-08-23 18:44:37.181,1625.3,11.870,0.270,3.240,2.0,8.9,1.2111,102.48,332.7,0.99,279.8,61.1,0
2026-08-23 18:44:38.189,1626.3,11.860,0.160,1.910,1.0,4.4,1.2117,102.53,333.0,0.99,280.6,61.1,0
2026-08-23 18:44:39.210,1627.3,11.870,0.250,2.930,2.0,8.9,1.2125,102.60,332.7,0.99,279.3,61.7,0
2026-08-23 18:44:40.234,1628.4,11.870,0.290,3.520,2.0,8.9,1.2135,102.68,333.6,0.99,281.8,61.1,0
2026-08-23 18:44:41.257,1629.4,11.870,0.240,2.720,2.0,8.9,1.2143,102.75,334.1,0.99,282.3,60.6,0
2026-08-23 18:44:42.259,1630.4,11.870,0.270,3.180,2.0,8.9,1.2152,102.83,333.1,0.99,280.1,61.1,0
2026-08-23 18:44:43.266,1631.4,11.870,0.320,3.310,2.0,8.9,1.2161,102.92,333.4,0.99,280.7,61.1,0
2026-08-23 18:44:44.301,1632.4,11.860,0.160,1.900,1.0,4.4,1.2166,102.96,333.0,0.99,280.1,61.1,0
2026-08-23 18:44:45.340,1633.5,11.870,0.230,3.260,2.0,8.9,1.2176,103.03,332.9,0.99,280.1,61.1,0
2026-08-23 18:44:46.435,1634.6,11.870,0.220,2.450,2.0,8.9,1.2183,103.09,333.4,0.99,280.2,61.1,0
2026-08-23 18:44:47.557,1635.7,11.870,0.240,2.550,2.0,8.9,1.2191,103.17,333.0,0.99,280.7,61.7,0
2026-08-23 18:44:48.579,1636.7,11.860,0.170,1.910,1.0,4.4,1.2197,103.22,333.1,0.99,280.2,61.1,0
2026-08-23 18:44:49.615,1637.7,11.860,0.210,2.440,1.0,4.4,1.2204,103.28,333.6,0.99,280.9,60.6,0
2026-08-23 18:44:50.632,1638.8,11.870,0.330,3.900,2.0,8.9,1.2215,103.37,333.4,0.99,280.9,60.6,0
2026-08-23 18:44:51.656,1639.8,11.870,0.240,3.060,2.0,8.9,1.2223,103.44,333.8,0.99,281.5,61.1,0
2026-08-23 18:44:52.740,1640.9,11.870,0.270,3.230,2.0,8.9,1.2233,103.52,334.2,1.00,282.8,61.1,0
2026-08-23 18:44:53.806,1641.9,11.860,0.120,1.980,1.0,4.4,1.2239,103.56,333.5,0.99,281.4,61.1,0
2026-08-23 18:44:54.872,1643.0,11.860,0.180,2.130,1.0,4.4,1.2245,103.61,333.7,0.99,281.7,61.1,0
2026-08-23 18:44:55.908,1644.0,11.870,0.300,3.470,2.0,8.9,1.2255,103.70,332.7,0.99,280.1,61.1,0
2026-08-23 18:44:56.910,1645.0,11.870,0.270,2.750,2.0,8.9,1.2263,103.77,333.1,0.99,280.6,60.6,0
2026-08-23 18:44:57.946,1646.1,11.870,0.190,2.540,2.0,8.9,1.2270,103.83,333.7,0.99,281.3,61.1,0
2026-08-23 18:44:59.013,1647.1,11.870,0.210,2.440,2.0,8.9,1.2277,103.89,334.0,0.99,281.7,61.1,0
2026-08-23 18:45:00.082,1648.2,11.860,0.150,1.880,1.0,4.4,1.2283,103.93,333.9,0.99,280.9,60.6,0
2026-08-23 18:45:01.090,1649.2,11.870,0.290,3.290,2.0,8.9,1.2292,104.01,333.0,0.99,280.4,61.1,0
2026-08-23 18:45:02.126,1650.3,11.860,0.160,2.680,1.0,4.4,1.2300,104.06,332.8,0.99,279.9,61.1,0
2026-08-23 18:45:03.189,1651.3,11.870,0.250,2.940,2.0,8.9,1.2309,104.13,332.6,0.99,280.1,61.1,0
2026-08-23 18:45:04.213,1652.3,11.870,0.310,3.680,2.0,8.9,1.2319,104.22,333.9,0.99,281.9,61.1,0
2026-08-23 18:45:05.267,1653.4,11.870,0.240,2.360,2.0,8.9,1.2326,104.29,333.8,0.99,281.3,60.6,0
2026-08-23 18:45:06.337,1654.5,11.870,0.310,3.330,2.0,8.9,1.2336,104.38,334.4,1.00,283.2,61.1,0
2026-08-23 18:45:07.343,1655.5,11.860,0.190,2.250,1.0,4.4,1.2342,104.44,332.1,0.99,278.9,61.1,0
2026-08-23 18:45:08.380,1656.5,11.870,0.180,2.150,2.0,8.9,1.2348,104.49,333.1,0.99,280.6,61.1,0
2026-08-23 18:45:09.420,1657.5,11.870,0.300,3.500,2.0,8.9,1.2358,104.58,333.4,0.99,280.7,60.6,0
2026-08-23 18:45:10.456,1658.6,11.860,0.150,1.760,1.0,4.4,1.2364,104.62,333.8,0.99,280.9,61.1,0
2026-08-23 18:45:11.463,1659.6,11.870,0.250,2.500,2.0,8.9,1.2371,104.69,332.5,0.99,279.4,61.1,0
2026-08-23 18:45:12.519,1660.6,11.870,0.200,2.420,2.0,8.9,1.2378,104.75,332.6,0.99,280.0,61.1,0
2026-08-23 18:45:13.555,1661.7,11.870,0.170,2.020,2.0,8.9,1.2383,104.80,332.6,0.99,279.5,61.1,0
2026-08-23 18:45:14.562,1662.7,11.870,0.170,2.070,2.0,8.9,1.2389,104.84,332.3,0.99,279.4,61.1,0
2026-08-23 18:45:15.617,1663.7,11.870,0.310,3.640,2.0,8.9,1.2400,104.94,334.3,0.99,282.4,60.6,0
2026-08-23 18:45:16.700,1664.8,11.870,0.190,2.910,2.0,8.9,1.2409,104.99,334.3,1.00,283.1,61.1,0
2026-08-23 18:45:17.791,1665.9,11.870,0.210,3.160,2.0,8.9,1.2418,105.06,334.3,1.00,282.7,61.1,0
2026-08-23 18:45:18.862,1667.0,11.870,0.190,2.390,2.0,8.9,1.2425,105.11,333.3,0.99,280.3,61.1,0
2026-08-23 18:45:19.869,1668.0,11.870,0.220,2.360,2.0,8.9,1.2432,105.17,332.8,0.99,280.4,61.1,0
2026-08-23 18:45:20.904,1669.0,11.870,0.270,3.230,2.0,8.9,1.2441,105.25,332.4,0.99,279.8,60.6,0
2026-08-23 18:45:21.944,1670.1,11.870,0.170,2.800,2.0,8.9,1.2449,105.30,333.1,0.99,280.2,61.7,0
2026-08-23 18:45:22.979,1671.1,11.870,0.240,2.840,2.0,8.9,1.2457,105.37,333.4,0.99,280.5,61.1,0
2026-08-23 18:45:24.101,1672.2,11.860,0.200,2.370,1.0,4.4,1.2465,105.43,333.4,0.99,280.9,61.1,0
2026-08-23 18:45:25.138,1673.3,11.860,0.200,2.420,1.0,4.4,1.2472,105.49,334.0,0.99,281.1,61.1,0
2026-08-23 18:45:26.144,1674.3,11.870,0.290,3.120,2.0,8.9,1.2481,105.57,332.7,0.99,280.0,61.1,0
2026-08-23 18:45:27.220,1675.3,11.870,0.250,2.850,2.0,8.9,1.2489,105.65,333.9,0.99,281.9,61.1,0
2026-08-23 18:45:28.242,1676.4,11.870,0.270,3.190,2.0,8.9,1.2498,105.72,334.6,1.00,283.1,61.1,0
2026-08-23 18:45:29.362,1677.5,11.860,0.140,2.410,1.0,4.4,1.2506,105.77,334.5,1.00,283.1,61.1,0
2026-08-23 18:45:30.383,1678.5,11.860,0.210,2.540,1.0,4.4,1.2513,105.83,334.0,0.99,282.2,61.1,0
2026-08-23 18:45:31.391,1679.5,11.870,0.330,3.210,2.0,8.9,1.2522,105.92,333.1,0.99,280.7,61.1,0
2026-08-23 18:45:32.426,1680.6,11.860,0.240,2.520,1.0,4.4,1.2529,105.99,332.9,0.99,280.2,61.1,0
2026-08-23 18:45:33.451,1681.6,11.870,0.230,2.910,2.0,8.9,1.2537,106.05,332.7,0.99,280.5,61.1,0
2026-08-23 18:45:34.487,1682.6,11.870,0.280,3.330,2.0,8.9,1.2547,106.13,333.1,0.99,281.1,61.1,0
2026-08-23 18:45:35.582,1683.7,11.860,0.170,2.340,1.0,4.4,1.2554,106.18,333.1,0.99,280.0,61.1,0
2026-08-23 18:45:36.622,1684.7,11.870,0.290,3.860,2.0,8.9,1.2565,106.27,333.9,0.99,280.8,61.1,0
2026-08-23 18:45:37.688,1685.8,11.870,0.240,2.850,2.0,8.9,1.2574,106.34,332.5,0.99,279.6,61.1,0
2026-08-23 18:45:38.724,1686.9,11.870,0.190,2.250,2.0,8.9,1.2580,106.39,332.7,0.99,279.9,61.1,0
2026-08-23 18:45:39.798,1687.9,11.860,0.150,2.040,1.0,4.4,1.2586,106.44,334.0,0.99,282.1,61.1,0
2026-08-23 18:45:40.881,1689.0,11.870,0.240,2.240,2.0,8.9,1.2593,106.51,333.5,0.99,281.5,61.1,0
2026-08-23 18:45:42.002,1690.1,11.870,0.160,1.900,2.0,8.9,1.2599,106.56,334.4,0.99,282.8,61.1,0
2026-08-23 18:45:43.016,1691.1,11.870,0.280,3.330,2.0,8.9,1.2608,106.64,332.9,0.99,281.1,61.1,0
2026-08-23 18:45:44.051,1692.2,11.870,0.240,2.770,2.0,8.9,1.2616,106.71,331.9,0.99,279.0,61.1,0
2026-08-23 18:45:45.131,1693.3,11.870,0.220,2.570,2.0,8.9,1.2624,106.77,333.4,0.99,281.0,60.6,0
2026-08-23 18:45:46.172,1694.3,11.860,0.160,2.110,1.0,4.4,1.2630,106.82,332.8,0.99,280.7,61.1,0
2026-08-23 18:45:47.207,1695.3,11.870,0.270,3.210,2.0,8.9,1.2639,106.90,333.4,0.99,280.9,61.1,0
2026-08-23 18:45:48.243,1696.4,11.870,0.230,2.730,2.0,8.9,1.2647,106.96,333.6,0.99,280.8,61.1,0
2026-08-23 18:45:49.282,1697.4,11.870,0.250,2.820,2.0,8.9,1.2655,107.04,333.4,0.99,280.6,61.1,0
2026-08-23 18:45:50.347,1698.5,11.870,0.230,2.430,2.0,8.9,1.2662,107.10,332.9,0.99,280.2,61.1,0
2026-08-23 18:45:51.442,1699.6,11.870,0.330,3.860,2.0,8.9,1.2674,107.21,333.3,0.99,280.7,61.1,0
2026-08-23 18:45:52.562,1700.7,11.870,0.240,2.740,2.0,8.9,1.2683,107.28,334.6,1.00,283.2,61.1,0
2026-08-23 18:45:53.682,1701.8,11.870,0.240,2.720,2.0,8.9,1.2691,107.35,334.7,1.00,283.3,61.1,0
2026-08-23 18:45:54.704,1702.8,11.870,0.300,2.940,2.0,8.9,1.2699,107.44,335.1,1.00,283.4,61.1,0
2026-08-23 18:45:55.711,1703.8,11.870,0.250,2.450,2.0,8.9,1.2706,107.51,333.5,0.99,281.3,61.1,0
2026-08-23 18:45:56.746,1704.9,11.860,0.180,2.150,1.0,4.4,1.2713,107.56,333.3,0.99,280.7,61.1,0
2026-08-23 18:45:57.786,1705.9,11.870,0.220,2.580,2.0,8.9,1.2720,107.62,332.2,0.99,279.7,60.6,0
2026-08-23 18:45:58.824,1707.0,11.870,0.290,2.750,2.0,8.9,1.2728,107.71,332.6,0.99,279.6,61.1,0
2026-08-23 18:45:59.831,1708.0,11.870,0.240,2.580,2.0,8.9,1.2735,107.78,334.0,0.99,281.3,61.1,0
2026-08-23 18:46:00.900,1709.0,11.870,0.230,2.510,2.0,8.9,1.2743,107.84,333.7,0.99,280.8,61.1,0
2026-08-23 18:46:01.965,1710.1,11.870,0.150,1.790,2.0,8.9,1.2748,107.89,333.3,0.99,280.5,61.7,0
2026-08-23 18:46:03.060,1711.2,11.870,0.270,2.730,2.0,8.9,1.2756,107.97,333.3,0.99,280.5,61.1,0
2026-08-23 18:46:04.163,1712.3,11.870,0.210,1.930,2.0,8.9,1.2762,108.03,333.3,0.99,280.6,61.1,0
2026-08-23 18:46:05.283,1713.4,11.870,0.300,3.600,2.0,8.9,1.2773,108.13,334.2,0.99,282.5,61.1,0
2026-08-23 18:46:06.403,1714.5,11.870,0.160,1.860,2.0,8.9,1.2779,108.18,334.1,0.99,282.3,61.1,0
2026-08-23 18:46:07.441,1715.6,11.870,0.280,3.320,2.0,8.9,1.2789,108.26,332.6,0.99,279.7,60.6,0
2026-08-23 18:46:08.506,1716.6,11.860,0.190,2.210,1.0,4.4,1.2795,108.31,332.6,0.99,279.6,61.1,0
2026-08-23 18:46:09.597,1717.7,11.870,0.200,2.430,2.0,8.9,1.2803,108.38,332.5,0.99,279.7,60.6,0
2026-08-23 18:46:10.604,1718.7,11.870,0.270,3.280,2.0,8.9,1.2812,108.45,332.2,0.99,279.0,60.6,0
2026-08-23 18:46:11.641,1719.8,11.870,0.200,2.370,2.0,8.9,1.2819,108.51,333.7,0.99,281.0,61.1,0
2026-08-23 18:46:12.711,1720.8,11.870,0.220,2.990,2.0,8.9,1.2827,108.57,332.4,0.99,279.3,60.6,0
2026-08-23 18:46:13.777,1721.9,11.870,0.120,1.750,2.0,8.9,1.2833,108.61,333.4,0.99,281.0,60.6,0
2026-08-23 18:46:14.813,1722.9,11.870,0.160,1.880,2.0,8.9,1.2838,108.66,332.8,0.99,280.1,61.1,0
2026-08-23 18:46:15.891,1724.0,11.870,0.280,3.530,2.0,8.9,1.2849,108.74,334.5,1.00,283.2,61.1,0
2026-08-23 18:46:16.915,1725.0,11.870,0.250,3.020,2.0,8.9,1.2857,108.81,333.6,0.99,281.3,61.1,0
2026-08-23 18:46:18.005,1726.1,11.870,0.190,2.350,2.0,8.9,1.2864,108.87,333.2,0.99,280.4,60.6,0
2026-08-23 18:46:19.082,1727.2,11.870,0.210,2.840,2.0,8.9,1.2873,108.93,333.1,0.99,280.7,60.6,0
2026-08-23 18:46:20.117,1728.2,11.870,0.200,2.320,2.0,8.9,1.2879,108.99,332.0,0.99,278.9,60.6,0
2026-08-23 18:46:21.182,1729.3,11.870,0.170,2.070,2.0,8.9,1.2886,109.04,331.9,0.99,279.0,60.6,0
2026-08-23 18:46:22.273,1730.4,11.870,0.230,3.410,2.0,8.9,1.2896,109.11,331.4,0.99,278.4,60.6,0
2026-08-23 18:46:23.309,1731.4,11.870,0.220,2.660,2.0,8.9,1.2904,109.17,332.1,0.99,279.1,60.6,0
2026-08-23 18:46:24.316,1732.4,11.860,0.210,2.290,1.0,4.4,1.2910,109.23,331.6,0.99,278.1,61.1,0
2026-08-23 18:46:25.372,1733.5,11.870,0.150,1.810,2.0,8.9,1.2915,109.27,332.0,0.99,279.2,60.6,0
2026-08-23 18:46:26.393,1734.5,11.870,0.310,3.620,2.0,8.9,1.2926,109.36,332.1,0.99,278.9,60.6,0
2026-08-23 18:46:27.429,1735.6,11.870,0.250,2.260,2.0,8.9,1.2932,109.43,332.1,0.99,279.1,60.6,0
2026-08-23 18:46:28.450,1736.6,11.870,0.240,3.180,2.0,8.9,1.2941,109.50,332.8,0.99,279.7,60.6,0
2026-08-23 18:46:29.571,1737.7,11.860,0.170,2.040,1.0,4.4,1.2947,109.56,333.4,0.99,281.4,60.6,0
2026-08-23 18:46:30.662,1738.8,11.870,0.170,1.960,2.0,8.9,1.2953,109.61,333.7,1.00,282.4,60.6,0
2026-08-23 18:46:31.673,1739.8,11.870,0.260,3.600,2.0,8.9,1.2964,109.68,331.5,0.99,278.2,60.6,0
2026-08-23 18:46:32.709,1740.8,11.870,0.170,2.010,2.0,8.9,1.2969,109.73,332.0,0.99,278.1,60.6,0
2026-08-23 18:46:33.717,1741.8,11.870,0.190,2.850,2.0,8.9,1.2977,109.78,332.1,0.99,279.0,60.0,0
2026-08-23 18:46:34.757,1742.9,11.870,0.240,2.820,2.0,8.9,1.2985,109.85,331.6,0.99,278.7,60.6,0
2026-08-23 18:46:35.793,1743.9,11.870,0.190,2.230,2.0,8.9,1.2992,109.91,332.0,0.99,278.8,60.0,0
2026-08-23 18:46:36.829,1745.0,11.870,0.220,3.190,2.0,8.9,1.3001,109.97,332.1,0.99,278.6,60.6,0
2026-08-23 18:46:37.868,1746.0,11.870,0.240,3.380,2.0,8.9,1.3011,110.04,331.2,0.99,278.0,60.6,0
2026-08-23 18:46:38.903,1747.0,11.870,0.240,2.820,2.0,8.9,1.3019,110.11,332.0,0.99,278.8,60.6,0
2026-08-23 18:46:39.998,1748.1,11.870,0.200,2.410,2.0,8.9,1.3026,110.17,332.1,0.99,279.0,60.6,0
2026-08-23 18:46:41.036,1749.2,11.870,0.230,3.200,2.0,8.9,1.3035,110.23,332.2,0.99,279.5,60.6,0
2026-08-23 18:46:42.089,1750.2,11.870,0.290,3.460,2.0,8.9,1.3046,110.32,332.4,0.99,279.7,60.6,0
2026-08-23 18:46:43.100,1751.2,11.870,0.200,2.890,2.0,8.9,1.3054,110.38,333.3,0.99,281.0,60.6,0
2026-08-23 18:46:44.136,1752.3,11.870,0.180,1.440,2.0,8.9,1.3058,110.43,331.4,0.99,278.4,60.6,0
2026-08-23 18:46:45.230,1753.4,11.870,0.150,1.780,2.0,8.9,1.3063,110.47,332.0,0.99,278.9,60.6,0
2026-08-23 18:46:46.233,1754.4,11.870,0.290,3.980,2.0,8.9,1.3074,110.55,330.8,0.99,277.4,60.6,0
2026-08-23 18:46:47.270,1755.4,11.870,0.230,3.130,2.0,8.9,1.3083,110.62,332.2,0.99,279.0,60.6,0
2026-08-23 18:46:48.349,1756.5,11.870,0.280,2.650,2.0,8.9,1.3091,110.70,331.8,0.99,278.9,60.6,0
2026-08-23 18:46:49.389,1757.5,11.860,0.200,2.400,1.0,4.4,1.3098,110.76,331.6,0.99,278.8,60.6,0
2026-08-23 18:46:50.425,1758.6,11.870,0.210,2.440,2.0,8.9,1.3105,110.82,331.9,0.99,278.7,60.6,0
2026-08-23 18:46:51.461,1759.6,11.870,0.280,3.290,2.0,8.9,1.3115,110.90,331.7,0.99,278.2,60.0,0
2026-08-23 18:46:52.510,1760.6,11.870,0.240,2.580,2.0,8.9,1.3122,110.97,332.8,0.99,280.6,60.6,0
2026-08-23 18:46:53.531,1761.7,11.870,0.230,2.550,2.0,8.9,1.3129,111.04,333.1,0.99,280.8,60.6,0
2026-08-23 18:46:54.554,1762.7,11.870,0.140,1.620,2.0,8.9,1.3134,111.08,333.0,0.99,280.6,60.0,0
2026-08-23 18:46:55.573,1763.7,11.870,0.140,1.680,2.0,8.9,1.3139,111.12,333.2,0.99,280.8,60.6,0
2026-08-23 18:46:56.638,1764.8,11.870,0.280,3.290,2.0,8.9,1.3149,111.20,332.0,0.99,278.8,60.6,0
2026-08-23 18:46:57.673,1765.8,11.870,0.180,2.780,2.0,8.9,1.3157,111.25,332.2,0.99,278.8,60.0,0
2026-08-23 18:46:58.675,1766.8,11.870,0.230,2.710,2.0,8.9,1.3164,111.32,332.4,0.99,279.3,60.6,0
2026-08-23 18:46:59.710,1767.8,11.870,0.260,3.780,2.0,8.9,1.3175,111.39,331.5,0.99,278.1,60.6,0
2026-08-23 18:47:00.776,1768.9,11.870,0.190,2.270,2.0,8.9,1.3182,111.45,331.9,0.99,278.5,60.6,0
2026-08-23 18:47:01.867,1770.0,11.870,0.250,3.720,2.0,8.9,1.3193,111.52,332.4,0.99,279.0,60.0,0
2026-08-23 18:47:02.874,1771.0,11.870,0.170,2.590,2.0,8.9,1.3200,111.57,331.2,0.99,277.5,60.6,0
2026-08-23 18:47:03.911,1772.0,11.860,0.140,1.690,1.0,4.4,1.3205,111.61,332.4,0.99,279.4,60.6,0
2026-08-23 18:47:04.962,1773.1,11.870,0.270,3.200,2.0,8.9,1.3214,111.69,333.2,0.99,281.2,60.6,0
2026-08-23 18:47:06.000,1774.1,11.870,0.260,3.060,2.0,8.9,1.3223,111.76,332.2,0.99,279.2,60.6,0
2026-08-23 18:47:07.024,1775.2,11.870,0.290,3.400,2.0,8.9,1.3233,111.85,332.4,0.99,280.2,61.1,0
2026-08-23 18:47:08.026,1776.2,11.870,0.320,3.440,2.0,8.9,1.3242,111.94,332.9,0.99,280.8,60.6,0
2026-08-23 18:47:09.060,1777.2,11.870,0.210,2.460,2.0,8.9,1.3250,112.00,332.3,0.99,279.1,60.6,0
2026-08-23 18:47:10.126,1778.3,11.870,0.200,2.440,2.0,8.9,1.3257,112.06,332.1,0.99,279.5,60.6,0
2026-08-23 18:47:11.135,1779.3,11.870,0.270,3.330,2.0,8.9,1.3266,112.13,332.3,0.99,279.4,60.0,0
2026-08-23 18:47:12.201,1780.3,11.870,0.260,3.050,2.0,8.9,1.3275,112.21,332.2,0.99,279.9,60.0,0
2026-08-23 18:47:13.237,1781.4,11.870,0.270,3.220,2.0,8.9,1.3284,112.29,330.9,0.99,277.6,60.6,0
2026-08-23 18:47:14.307,1782.4,11.870,0.190,2.100,2.0,8.9,1.3291,112.34,331.9,0.99,278.5,60.6,0
2026-08-23 18:47:15.314,1783.4,11.870,0.200,2.350,2.0,8.9,1.3297,112.40,332.7,0.99,279.6,60.0,0
2026-08-23 18:47:16.349,1784.5,11.870,0.320,2.990,2.0,8.9,1.3306,112.49,331.6,0.99,278.2,60.6,0
2026-08-23 18:47:17.377,1785.5,11.870,0.180,2.750,2.0,8.9,1.3314,112.54,332.9,0.99,280.5,60.6,0
2026-08-23 18:47:18.431,1786.6,11.870,0.200,1.950,2.0,8.9,1.3319,112.60,332.3,0.99,279.4,60.6,0
2026-08-23 18:47:19.540,1787.7,11.870,0.170,2.540,2.0,8.9,1.3327,112.65,334.1,1.00,282.7,60.6,0
2026-08-23 18:47:20.547,1788.7,11.870,0.270,2.810,2.0,8.9,1.3335,112.73,332.0,0.99,278.5,60.6,0
2026-08-23 18:47:21.582,1789.7,11.870,0.340,4.050,2.0,8.9,1.3347,112.83,331.7,0.99,278.7,60.6,0
2026-08-23 18:47:22.622,1790.7,11.870,0.240,2.830,2.0,8.9,1.3355,112.90,331.7,0.99,278.3,60.6,0
2026-08-23 18:47:23.658,1791.8,11.870,0.160,1.930,2.0,8.9,1.3360,112.94,331.8,0.99,278.4,60.6,0
2026-08-23 18:47:24.724,1792.9,11.870,0.250,2.980,2.0,8.9,1.3369,113.02,332.6,0.99,279.9,60.6,0
2026-08-23 18:47:25.793,1793.9,11.870,0.200,2.430,2.0,8.9,1.3376,113.07,332.1,0.99,278.1,60.6,0
2026-08-23 18:47:26.860,1795.0,11.870,0.210,2.510,2.0,8.9,1.3384,113.14,332.3,0.99,279.8,60.6,0
2026-08-23 18:47:27.896,1796.0,11.870,0.280,3.360,2.0,8.9,1.3394,113.22,333.1,0.99,279.8,60.6,0
2026-08-23 18:47:28.944,1797.1,11.870,0.250,2.970,2.0,8.9,1.3402,113.29,333.1,0.99,281.2,60.6,0
2026-08-23 18:47:30.000,1798.1,11.860,0.120,1.950,1.0,4.4,1.3408,113.33,333.8,0.99,282.1,60.6,0
2026-08-23 18:47:31.023,1799.1,11.870,0.220,2.620,2.0,8.9,1.3415,113.39,332.9,0.99,280.1,60.6,0
